ID,is_fraud
0,1
1,0
2,1
3,1
4,1
5,1
6,0
7,0
8,1
9,1
10,1
11,0
12,1
13,1
14,1
15,1
16,1
17,1
18,1
19,0
20,0
21,0
22,0
23,0
24,1
25,0
26,0
27,1
28,1
29,1
30,0
31,1
32,0
33,1
34,1
35,1
36,0
37,0
38,0
39,1
40,0
41,0
42,0
43,1
44,0
45,1
46,1
47,1
48,1
49,1
50,1
51,1
52,1
53,1
54,1
55,1
56,1
57,0
58,0
59,0
60,1
61,1
62,1
63,0
64,1
65,1
66,1
67,1
68,0
69,0
70,0
71,1
72,1
73,1
74,0
75,0
76,1
77,1
78,0
79,1
80,1
81,0
82,0
83,1
84,1
85,1
86,0
87,0
88,1
89,0
90,1
91,0
92,1
93,1
94,1
95,0
96,0
97,1
98,1
99,1
100,0
101,0
102,0
103,1
104,0
105,0
106,1
107,0
108,0
109,0
110,0
111,0
112,1
113,1
114,0
115,1
116,0
117,1
118,0
119,1
120,1
121,1
122,1
123,1
124,1
125,1
126,0
127,1
128,1
129,0
130,0
131,1
132,1
133,0
134,1
135,1
136,1
137,1
138,0
139,1
140,1
141,1
142,0
143,0
144,1
145,0
146,1
147,0
148,0
149,1
150,1
151,1
152,1
153,1
154,0
155,1
156,1
157,0
158,0
159,1
160,1
161,1
162,1
163,1
164,1
165,1
166,1
167,1
168,0
169,1
170,0
171,1
172,0
173,1
174,1
175,1
176,1
177,1
178,0
179,1
180,1
181,1
182,1
183,1
184,0
185,1
186,1
187,1
188,1
189,1
190,1
191,0
192,1
193,0
194,1
195,1
196,1
197,1
198,1
199,1
200,0
201,0
202,1
203,0
204,0
205,1
206,0
207,0
208,1
209,1
210,1
211,1
212,1
213,1
214,1
215,0
216,1
217,1
218,1
219,1
220,1
221,1
222,0
223,0
224,0
225,0
226,0
227,1
228,1
229,1
230,0
231,0
232,1
233,1
234,1
235,0
236,0
237,1
238,0
239,0
240,0
241,1
242,0
243,1
244,0
245,0
246,0
247,0
248,0
249,0
250,1
251,1
252,1
253,0
254,1
255,1
256,1
257,1
258,1
259,0
260,0
261,1
262,0
263,0
264,0
265,0
266,0
267,1
268,0
269,1
270,1
271,0
272,0
273,1
274,1
275,0
276,0
277,1
278,1
279,0
280,0
281,1
282,1
283,1
284,1
285,0
286,1
287,1
288,0
289,0
290,0
291,1
292,1
293,1
294,1
295,1
296,1
297,1
298,1
299,1
300,1
301,1
302,1
303,1
304,0
305,1
306,1
307,1
308,0
309,1
310,1
311,1
312,1
313,0
314,1
315,0
316,0
317,0
318,0
319,1
320,0
321,1
322,1
323,1
324,1
325,1
326,1
327,0
328,0
329,1
330,0
331,1
332,0
333,0
334,1
335,1
336,1
337,0
338,1
339,1
340,1
341,0
342,1
343,0
344,1
345,1
346,1
347,1
348,1
349,1
350,1
351,1
352,1
353,0
354,0
355,1
356,1
357,1
358,1
359,0
360,1
361,1
362,0
363,1
364,1
365,1
366,0
367,1
368,1
369,1
370,1
371,1
372,1
373,1
374,1
375,1
376,0
377,0
378,1
379,0
380,0
381,1
382,0
383,1
384,1
385,0
386,0
387,1
388,1
389,1
390,0
391,0
392,1
393,1
394,0
395,1
396,1
397,0
398,1
399,1
400,1
401,0
402,0
403,0
404,1
405,1
406,0
407,0
408,1
409,1
410,1
411,1
412,1
413,0
414,1
415,0
416,0
417,1
418,1
419,1
420,1
421,1
422,1
423,1
424,0
425,0
426,1
427,1
428,1
429,1
430,1
431,1
432,0
433,1
434,1
435,1
436,1
437,0
438,1
439,0
440,1
441,1
442,1
443,1
444,0
445,1
446,0
447,0
448,1
449,1
450,1
451,1
452,1
453,1
454,1
455,1
456,0
457,1
458,0
459,1
460,0
461,1
462,0
463,1
464,1
465,1
466,0
467,0
468,0
469,1
470,1
471,1
472,1
473,1
474,1
475,1
476,1
477,0
478,0
479,0
480,0
481,0
482,1
483,1
484,1
485,0
486,1
487,1
488,1
489,0
490,0
491,1
492,1
493,1
494,1
495,1
496,1
497,1
498,0
499,1
500,0
501,1
502,1
503,1
504,1
505,0
506,1
507,1
508,1
509,0
510,1
511,1
512,0
513,1
514,1
515,1
516,1
517,1
518,0
519,1
520,1
521,1
522,1
523,1
524,1
525,1
526,1
527,0
528,0
529,1
530,1
531,1
532,1
533,1
534,1
535,1
536,1
537,1
538,1
539,1
540,1
541,0
542,1
543,0
544,1
545,1
546,1
547,1
548,1
549,1
550,1
551,0
552,0
553,1
554,0
555,1
556,0
557,1
558,1
559,1
560,1
561,0
562,1
563,1
564,1
565,0
566,1
567,0
568,1
569,1
570,0
571,0
572,1
573,0
574,0
575,1
576,1
577,0
578,0
579,1
580,0
581,0
582,1
583,0
584,0
585,1
586,1
587,0
588,1
589,1
590,1
591,1
592,0
593,1
594,0
595,0
596,1
597,1
598,1
599,0
600,1
601,1
602,1
603,1
604,1
605,0
606,1
607,0
608,1
609,1
610,1
611,0
612,1
613,0
614,1
615,1
616,0
617,1
618,1
619,1
620,1
621,1
622,0
623,1
624,1
625,1
626,0
627,1
628,1
629,1
630,0
631,0
632,0
633,1
634,1
635,0
636,0
637,1
638,1
639,1
640,0
641,1
642,0
643,1
644,0
645,0
646,1
647,1
648,1
649,1
650,1
651,1
652,1
653,0
654,1
655,1
656,1
657,1
658,0
659,0
660,1
661,1
662,1
663,0
664,1
665,1
666,0
667,1
668,0
669,1
670,0
671,1
672,1
673,1
674,1
675,1
676,1
677,0
678,1
679,0
680,1
681,0
682,0
683,0
684,1
685,0
686,1
687,1
688,0
689,1
690,1
691,1
692,1
693,1
694,1
695,1
696,1
697,1
698,0
699,0
700,0
701,1
702,0
703,0
704,0
705,0
706,1
707,1
708,1
709,1
710,0
711,0
712,0
713,0
714,0
715,1
716,1
717,0
718,1
719,0
720,1
721,0
722,1
723,0
724,0
725,1
726,0
727,0
728,0
729,1
730,1
731,0
732,1
733,0
734,1
735,1
736,1
737,0
738,1
739,0
740,1
741,0
742,1
743,1
744,0
745,1
746,0
747,1
748,0
749,1
750,1
751,1
752,1
753,0
754,1
755,1
756,0
757,1
758,1
759,1
760,1
761,1
762,1
763,0
764,0
765,0
766,1
767,1
768,1
769,1
770,0
771,0
772,1
773,0
774,1
775,1
776,1
777,1
778,1
779,0
780,1
781,1
782,0
783,1
784,0
785,1
786,1
787,1
788,1
789,1
790,0
791,1
792,1
793,1
794,0
795,0
796,1
797,1
798,0
799,1
800,1
801,1
802,1
803,1
804,1
805,0
806,1
807,0
808,0
809,0
810,0
811,1
812,0
813,0
814,1
815,1
816,1
817,0
818,1
819,1
820,1
821,1
822,0
823,1
824,1
825,0
826,0
827,1
828,0
829,1
830,1
831,1
832,1
833,1
834,1
835,0
836,1
837,1
838,1
839,1
840,1
841,1
842,1
843,1
844,1
845,1
846,1
847,1
848,1
849,1
850,1
851,0
852,1
853,1
854,0
855,0
856,0
857,1
858,0
859,0
860,1
861,1
862,1
863,0
864,1
865,1
866,0
867,1
868,0
869,1
870,0
871,0
872,1
873,0
874,0
875,0
876,1
877,1
878,0
879,0
880,1
881,0
882,0
883,0
884,1
885,0
886,1
887,0
888,0
889,1
890,1
891,0
892,0
893,1
894,1
895,1
896,0
897,1
898,1
899,0
900,1
901,1
902,0
903,1
904,1
905,1
906,1
907,0
908,1
909,0
910,0
911,1
912,0
913,1
914,1
915,0
916,1
917,1
918,1
919,1
920,1
921,0
922,0
923,1
924,1
925,1
926,0
927,1
928,1
929,0
930,1
931,1
932,0
933,1
934,1
935,1
936,1
937,0
938,0
939,1
940,1
941,1
942,1
943,0
944,0
945,1
946,1
947,1
948,1
949,1
950,1
951,0
952,0
953,0
954,0
955,1
956,0
957,1
958,0
959,1
960,1
961,1
962,1
963,1
964,1
965,1
966,1
967,0
968,1
969,0
970,0
971,1
972,1
973,1
974,0
975,1
976,1
977,0
978,1
979,1
980,1
981,1
982,0
983,0
984,1
985,1
986,1
987,1
988,0
989,0
990,1
991,1
992,0
993,1
994,1
995,0
996,1
997,0
998,1
999,1
1000,0
1001,0
1002,0
1003,0
1004,1
1005,0
1006,1
1007,1
1008,0
1009,1
1010,1
1011,1
1012,1
1013,1
1014,1
1015,0
1016,1
1017,0
1018,0
1019,1
1020,0
1021,1
1022,1
1023,1
1024,1
1025,1
1026,1
1027,0
1028,0
1029,0
1030,0
1031,1
1032,1
1033,1
1034,1
1035,0
1036,0
1037,1
1038,0
1039,1
1040,1
1041,1
1042,1
1043,1
1044,0
1045,0
1046,1
1047,0
1048,0
1049,0
1050,1
1051,1
1052,0
1053,1
1054,1
1055,0
1056,1
1057,1
1058,1
1059,1
1060,1
1061,1
1062,0
1063,0
1064,1
1065,0
1066,1
1067,0
1068,1
1069,0
1070,1
1071,0
1072,0
1073,1
1074,1
1075,1
1076,1
1077,0
1078,1
1079,1
1080,1
1081,1
1082,0
1083,0
1084,1
1085,1
1086,1
1087,0
1088,0
1089,1
1090,1
1091,0
1092,0
1093,1
1094,0
1095,0
1096,0
1097,1
1098,1
1099,0
1100,1
1101,0
1102,0
1103,1
1104,0
1105,1
1106,1
1107,1
1108,1
1109,0
1110,0
1111,1
1112,0
1113,1
1114,0
1115,1
1116,1
1117,1
1118,0
1119,0
1120,1
1121,0
1122,1
1123,1
1124,0
1125,1
1126,0
1127,1
1128,1
1129,0
1130,0
1131,1
1132,0
1133,0
1134,1
1135,1
1136,1
1137,0
1138,1
1139,0
1140,1
1141,0
1142,1
1143,1
1144,0
1145,0
1146,1
1147,1
1148,0
1149,1
1150,1
1151,0
1152,0
1153,1
1154,0
1155,0
1156,1
1157,1
1158,0
1159,1
1160,0
1161,0
1162,0
1163,1
1164,1
1165,1
1166,1
1167,1
1168,1
1169,1
1170,1
1171,0
1172,0
1173,1
1174,0
1175,0
1176,1
1177,1
1178,1
1179,0
1180,0
1181,1
1182,0
1183,1
1184,1
1185,1
1186,1
1187,0
1188,0
1189,1
1190,1
1191,0
1192,0
1193,1
1194,0
1195,1
1196,1
1197,0
1198,1
1199,1
1200,1
1201,0
1202,1
1203,1
1204,1
1205,1
1206,1
1207,0
1208,0
1209,1
1210,1
1211,0
1212,1
1213,1
1214,1
1215,0
1216,0
1217,1
1218,1
1219,0
1220,0
1221,1
1222,1
1223,1
1224,1
1225,1
1226,0
1227,1
1228,1
1229,0
1230,1
1231,1
1232,0
1233,0
1234,1
1235,0
1236,0
1237,1
1238,0
1239,1
1240,0
1241,1
1242,1
1243,1
1244,0
1245,1
1246,1
1247,1
1248,0
1249,1
1250,0
1251,1
1252,0
1253,1
1254,1
1255,1
1256,1
1257,1
1258,1
1259,1
1260,0
1261,1
1262,1
1263,1
1264,0
1265,0
1266,1
1267,1
1268,0
1269,1
1270,1
1271,1
1272,0
1273,0
1274,1
1275,0
1276,1
1277,1
1278,0
1279,1
1280,1
1281,0
1282,1
1283,0
1284,0
1285,0
1286,0
1287,0
1288,0
1289,0
1290,0
1291,1
1292,0
1293,1
1294,0
1295,0
1296,0
1297,1
1298,0
1299,1
1300,0
1301,1
1302,0
1303,1
1304,1
1305,0
1306,1
1307,1
1308,1
1309,1
1310,0
1311,0
1312,0
1313,1
1314,1
1315,1
1316,1
1317,0
1318,1
1319,1
1320,1
1321,1
1322,0
1323,1
1324,1
1325,1
1326,0
1327,1
1328,0
1329,1
1330,0
1331,0
1332,0
1333,1
1334,0
1335,0
1336,1
1337,1
1338,1
1339,1
1340,1
1341,0
1342,0
1343,1
1344,0
1345,1
1346,0
1347,0
1348,0
1349,0
1350,1
1351,1
1352,0
1353,1
1354,0
1355,1
1356,1
1357,1
1358,0
1359,1
1360,0
1361,1
1362,1
1363,0
1364,1
1365,0
1366,0
1367,0
1368,1
1369,1
1370,1
1371,0
1372,0
1373,0
1374,1
1375,1
1376,1
1377,1
1378,1
1379,0
1380,0
1381,1
1382,0
1383,1
1384,1
1385,0
1386,0
1387,1
1388,0
1389,1
1390,1
1391,1
1392,1
1393,1
1394,1
1395,0
1396,1
1397,1
1398,1
1399,1
1400,0
1401,1
1402,1
1403,0
1404,0
1405,1
1406,0
1407,0
1408,1
1409,1
1410,1
1411,0
1412,1
1413,1
1414,1
1415,0
1416,1
1417,1
1418,1
1419,0
1420,1
1421,0
1422,1
1423,1
1424,1
1425,1
1426,1
1427,1
1428,0
1429,1
1430,1
1431,0
1432,1
1433,1
1434,1
1435,1
1436,0
1437,0
1438,1
1439,0
1440,1
1441,1
1442,1
1443,1
1444,1
1445,0
1446,1
1447,1
1448,0
1449,1
1450,0
1451,1
1452,1
1453,1
1454,0
1455,1
1456,0
1457,1
1458,1
1459,1
1460,1
1461,1
1462,0
1463,0
1464,1
1465,1
1466,0
1467,1
1468,0
1469,0
1470,1
1471,1
1472,1
1473,0
1474,1
1475,1
1476,1
1477,0
1478,1
1479,0
1480,1
1481,1
1482,0
1483,0
1484,1
1485,1
1486,1
1487,1
1488,1
1489,1
1490,0
1491,1
1492,1
1493,0
1494,1
1495,0
1496,1
1497,1
1498,0
1499,1
1500,1
1501,1
1502,0
1503,1
1504,0
1505,1
1506,1
1507,1
1508,1
1509,0
1510,1
1511,0
1512,1
1513,1
1514,1
1515,0
1516,1
1517,0
1518,1
1519,1
1520,0
1521,0
1522,1
1523,0
1524,0
1525,1
1526,1
1527,1
1528,0
1529,1
1530,0
1531,1
1532,0
1533,1
1534,0
1535,1
1536,1
1537,1
1538,0
1539,1
1540,1
1541,0
1542,1
1543,1
1544,1
1545,0
1546,1
1547,0
1548,1
1549,0
1550,1
1551,1
1552,1
1553,0
1554,1
1555,1
1556,1
1557,1
1558,1
1559,1
1560,1
1561,1
1562,0
1563,1
1564,0
1565,1
1566,1
1567,0
1568,0
1569,1
1570,0
1571,1
1572,0
1573,0
1574,0
1575,1
1576,0
1577,0
1578,1
1579,0
1580,1
1581,0
1582,0
1583,1
1584,1
1585,0
1586,0
1587,1
1588,1
1589,1
1590,0
1591,1
1592,1
1593,0
1594,1
1595,0
1596,0
1597,1
1598,0
1599,1
1600,0
1601,1
1602,0
1603,1
1604,1
1605,1
1606,1
1607,1
1608,0
1609,1
1610,1
1611,0
1612,0
1613,0
1614,1
1615,1
1616,1
1617,1
1618,1
1619,1
1620,0
1621,0
1622,1
1623,1
1624,0
1625,0
1626,1
1627,1
1628,1
1629,1
1630,1
1631,1
1632,1
1633,0
1634,1
1635,1
1636,1
1637,0
1638,0
1639,0
1640,0
1641,0
1642,1
1643,1
1644,1
1645,1
1646,1
1647,0
1648,0
1649,0
1650,1
1651,0
1652,0
1653,0
1654,0
1655,1
1656,0
1657,1
1658,1
1659,1
1660,0
1661,0
1662,1
1663,1
1664,0
1665,1
1666,0
1667,0
1668,1
1669,0
1670,1
1671,0
1672,0
1673,0
1674,1
1675,1
1676,1
1677,0
1678,1
1679,1
1680,1
1681,0
1682,0
1683,1
1684,0
1685,1
1686,1
1687,0
1688,1
1689,0
1690,1
1691,1
1692,1
1693,1
1694,0
1695,0
1696,0
1697,0
1698,1
1699,1
1700,1
1701,1
1702,0
1703,1
1704,0
1705,1
1706,1
1707,0
1708,0
1709,1
1710,0
1711,0
1712,0
1713,0
1714,1
1715,1
1716,1
1717,1
1718,0
1719,1
1720,1
1721,1
1722,1
1723,1
1724,1
1725,0
1726,0
1727,1
1728,1
1729,0
1730,1
1731,1
1732,0
1733,1
1734,0
1735,1
1736,1
1737,1
1738,0
1739,1
1740,0
1741,0
1742,1
1743,1
1744,0
1745,1
1746,1
1747,1
1748,1
1749,1
1750,0
1751,0
1752,0
1753,0
1754,1
1755,0
1756,0
1757,0
1758,1
1759,1
1760,0
1761,1
1762,1
1763,1
1764,1
1765,1
1766,1
1767,1
1768,1
1769,0
1770,1
1771,1
1772,1
1773,1
1774,1
1775,1
1776,1
1777,1
1778,1
1779,0
1780,0
1781,0
1782,1
1783,1
1784,0
1785,1
1786,0
1787,0
1788,1
1789,0
1790,1
1791,1
1792,1
1793,1
1794,1
1795,0
1796,1
1797,1
1798,1
1799,1
1800,0
1801,0
1802,0
1803,0
1804,1
1805,0
1806,1
1807,1
1808,1
1809,1
1810,1
1811,1
1812,1
1813,1
1814,0
1815,0
1816,1
1817,1
1818,0
1819,1
1820,1
1821,1
1822,1
1823,0
1824,1
1825,1
1826,0
1827,0
1828,0
1829,1
1830,0
1831,1
1832,0
1833,1
1834,0
1835,0
1836,0
1837,1
1838,0
1839,1
1840,1
1841,1
1842,1
1843,0
1844,1
1845,1
1846,1
1847,1
1848,1
1849,0
1850,0
1851,1
1852,1
1853,1
1854,1
1855,1
1856,0
1857,1
1858,0
1859,1
1860,1
1861,1
1862,0
1863,1
1864,0
1865,1
1866,1
1867,0
1868,1
1869,1
1870,0
1871,1
1872,0
1873,1
1874,1
1875,0
1876,1
1877,1
1878,1
1879,1
1880,0
1881,0
1882,1
1883,1
1884,0
1885,1
1886,1
1887,0
1888,0
1889,0
1890,0
1891,1
1892,1
1893,1
1894,1
1895,0
1896,1
1897,1
1898,1
1899,1
1900,1
1901,1
1902,1
1903,1
1904,0
1905,0
1906,1
1907,0
1908,1
1909,0
1910,1
1911,1
1912,0
1913,1
1914,1
1915,1
1916,1
1917,1
1918,1
1919,1
1920,0
1921,1
1922,0
1923,1
1924,0
1925,0
1926,0
1927,1
1928,1
1929,0
1930,0
1931,1
1932,0
1933,1
1934,1
1935,0
1936,1
1937,1
1938,0
1939,0
1940,1
1941,1
1942,1
1943,1
1944,1
1945,1
1946,1
1947,0
1948,1
1949,1
1950,0
1951,1
1952,1
1953,0
1954,1
1955,1
1956,0
1957,0
1958,1
1959,0
1960,1
1961,1
1962,1
1963,0
1964,0
1965,1
1966,1
1967,1
1968,1
1969,1
1970,1
1971,0
1972,1
1973,0
1974,0
1975,1
1976,1
1977,0
1978,1
1979,1
1980,1
1981,1
1982,0
1983,1
1984,1
1985,0
1986,1
1987,0
1988,1
1989,1
1990,1
1991,0
1992,0
1993,1
1994,1
1995,0
1996,1
1997,1
1998,1
1999,1
2000,1
2001,1
2002,0
2003,1
2004,1
2005,0
2006,0
2007,1
2008,0
2009,0
2010,1
2011,0
2012,1
2013,0
2014,0
2015,1
2016,1
2017,1
2018,1
2019,1
2020,1
2021,0
2022,1
2023,0
2024,0
2025,1
2026,1
2027,1
2028,0
2029,1
2030,1
2031,1
2032,1
2033,0
2034,1
2035,0
2036,1
2037,1
2038,0
2039,1
2040,1
2041,1
2042,1
2043,0
2044,1
2045,1
2046,1
2047,1
2048,1
2049,1
2050,0
2051,0
2052,1
2053,0
2054,0
2055,1
2056,0
2057,0
2058,0
2059,1
2060,1
2061,0
2062,1
2063,1
2064,1
2065,1
2066,1
2067,1
2068,0
2069,1
2070,1
2071,1
2072,0
2073,0
2074,0
2075,0
2076,1
2077,0
2078,0
2079,1
2080,1
2081,0
2082,0
2083,0
2084,1
2085,1
2086,1
2087,1
2088,1
2089,0
2090,1
2091,0
2092,0
2093,0
2094,0
2095,1
2096,0
2097,0
2098,1
2099,1
2100,1
2101,1
2102,1
2103,0
2104,1
2105,0
2106,0
2107,1
2108,0
2109,0
2110,1
2111,1
2112,1
2113,1
2114,0
2115,1
2116,0
2117,0
2118,1
2119,0
2120,0
2121,0
2122,1
2123,1
2124,1
2125,0
2126,0
2127,0
2128,1
2129,1
2130,1
2131,1
2132,1
2133,0
2134,1
2135,1
2136,0
2137,1
2138,0
2139,1
2140,1
2141,0
2142,0
2143,1
2144,1
2145,1
2146,1
2147,0
2148,1
2149,0
2150,1
2151,1
2152,0
2153,1
2154,1
2155,0
2156,1
2157,0
2158,0
2159,1
2160,0
2161,1
2162,0
2163,1
2164,1
2165,1
2166,0
2167,1
2168,1
2169,1
2170,1
2171,0
2172,1
2173,1
2174,1
2175,1
2176,1
2177,1
2178,1
2179,1
2180,1
2181,0
2182,1
2183,1
2184,0
2185,0
2186,0
2187,0
2188,1
2189,0
2190,0
2191,1
2192,0
2193,0
2194,0
2195,0
2196,1
2197,1
2198,1
2199,1
2200,1
2201,1
2202,0
2203,1
2204,1
2205,1
2206,1
2207,0
2208,0
2209,1
2210,1
2211,0
2212,1
2213,1
2214,0
2215,0
2216,1
2217,1
2218,1
2219,0
2220,1
2221,0
2222,1
2223,1
2224,1
2225,1
2226,1
2227,1
2228,1
2229,0
2230,0
2231,1
2232,0
2233,0
2234,1
2235,1
2236,0
2237,1
2238,0
2239,0
2240,1
2241,1
2242,0
2243,1
2244,0
2245,1
2246,0
2247,0
2248,1
2249,1
2250,1
2251,0
2252,1
2253,1
2254,1
2255,0
2256,1
2257,0
2258,0
2259,0
2260,1
2261,1
2262,0
2263,1
2264,1
2265,1
2266,0
2267,1
2268,1
2269,0
2270,0
2271,1
2272,0
2273,1
2274,0
2275,0
2276,1
2277,1
2278,0
2279,0
2280,1
2281,1
2282,0
2283,1
2284,0
2285,0
2286,0
2287,0
2288,1
2289,0
2290,0
2291,1
2292,1
2293,0
2294,1
2295,1
2296,1
2297,1
2298,0
2299,1
2300,1
2301,0
2302,1
2303,0
2304,1
2305,0
2306,0
2307,0
2308,1
2309,1
2310,1
2311,1
2312,1
2313,0
2314,1
2315,1
2316,1
2317,1
2318,1
2319,0
2320,1
2321,1
2322,1
2323,1
2324,0
2325,1
2326,1
2327,1
2328,0
2329,0
2330,1
2331,1
2332,0
2333,1
2334,1
2335,1
2336,1
2337,1
2338,0
2339,0
2340,1
2341,0
2342,1
2343,1
2344,1
2345,0
2346,0
2347,0
2348,1
2349,0
2350,1
2351,1
2352,0
2353,1
2354,0
2355,1
2356,1
2357,1
2358,1
2359,0
2360,1
2361,1
2362,0
2363,1
2364,1
2365,1
2366,0
2367,1
2368,1
2369,1
2370,1
2371,0
2372,1
2373,1
2374,1
2375,0
2376,1
2377,1
2378,1
2379,0
2380,1
2381,1
2382,0
2383,1
2384,1
2385,1
2386,0
2387,1
2388,1
2389,1
2390,0
2391,1
2392,0
2393,0
2394,1
2395,0
2396,1
2397,0
2398,0
2399,0
2400,0
2401,1
2402,0
2403,1
2404,1
2405,1
2406,1
2407,1
2408,1
2409,1
2410,0
2411,1
2412,1
2413,0
2414,1
2415,0
2416,1
2417,1
2418,1
2419,0
2420,1
2421,0
2422,0
2423,0
2424,1
2425,0
2426,1
2427,1
2428,1
2429,1
2430,0
2431,1
2432,1
2433,1
2434,1
2435,0
2436,0
2437,1
2438,1
2439,1
2440,1
2441,1
2442,0
2443,1
2444,0
2445,1
2446,0
2447,0
2448,1
2449,1
2450,0
2451,1
2452,0
2453,1
2454,1
2455,0
2456,1
2457,0
2458,1
2459,0
2460,0
2461,1
2462,0
2463,1
2464,1
2465,0
2466,1
2467,1
2468,0
2469,1
2470,1
2471,0
2472,0
2473,0
2474,0
2475,0
2476,0
2477,1
2478,0
2479,0
2480,1
2481,1
2482,1
2483,1
2484,0
2485,0
2486,1
2487,1
2488,1
2489,1
2490,1
2491,0
2492,0
2493,0
2494,1
2495,0
2496,0
2497,0
2498,1
2499,1
2500,1
2501,1
2502,1
2503,0
2504,1
2505,1
2506,1
2507,1
2508,1
2509,0
2510,1
2511,1
2512,1
2513,1
2514,1
2515,0
2516,1
2517,1
2518,0
2519,1
2520,1
2521,1
2522,1
2523,0
2524,0
2525,0
2526,1
2527,1
2528,0
2529,1
2530,1
2531,0
2532,1
2533,1
2534,0
2535,0
2536,1
2537,1
2538,0
2539,1
2540,1
2541,0
2542,1
2543,1
2544,1
2545,1
2546,0
2547,1
2548,1
2549,1
2550,1
2551,1
2552,0
2553,1
2554,1
2555,1
2556,0
2557,1
2558,1
2559,1
2560,0
2561,1
2562,1
2563,1
2564,0
2565,1
2566,1
2567,1
2568,0
2569,0
2570,0
2571,1
2572,1
2573,1
2574,1
2575,1
2576,1
2577,1
2578,1
2579,1
2580,1
2581,1
2582,1
2583,1
2584,1
2585,1
2586,0
2587,0
2588,1
2589,1
2590,1
2591,1
2592,0
2593,0
2594,1
2595,1
2596,0
2597,1
2598,0
2599,1
2600,1
2601,0
2602,1
2603,1
2604,1
2605,1
2606,0
2607,0
2608,1
2609,0
2610,0
2611,0
2612,1
2613,0
2614,1
2615,1
2616,1
2617,1
2618,0
2619,0
2620,0
2621,1
2622,0
2623,0
2624,0
2625,1
2626,1
2627,1
2628,1
2629,1
2630,1
2631,1
2632,1
2633,1
2634,1
2635,1
2636,1
2637,1
2638,1
2639,1
2640,0
2641,0
2642,1
2643,0
2644,1
2645,0
2646,1
2647,1
2648,0
2649,1
2650,1
2651,0
2652,1
2653,1
2654,0
2655,0
2656,1
2657,1
2658,1
2659,0
2660,0
2661,1
2662,0
2663,0
2664,1
2665,0
2666,0
2667,1
2668,1
2669,1
2670,1
2671,0
2672,1
2673,1
2674,1
2675,0
2676,1
2677,0
2678,1
2679,1
2680,1
2681,1
2682,0
2683,0
2684,1
2685,1
2686,1
2687,1
2688,1
2689,0
2690,1
2691,1
2692,1
2693,0
2694,0
2695,0
2696,1
2697,1
2698,1
2699,0
2700,1
2701,1
2702,0
2703,0
2704,1
2705,0
2706,1
2707,1
2708,1
2709,1
2710,0
2711,0
2712,1
2713,0
2714,0
2715,1
2716,0
2717,0
2718,1
2719,0
2720,1
2721,1
2722,1
2723,1
2724,0
2725,1
2726,1
2727,1
2728,1
2729,1
2730,1
2731,0
2732,1
2733,1
2734,1
2735,1
2736,0
2737,0
2738,0
2739,1
2740,1
2741,1
2742,0
2743,1
2744,1
2745,1
2746,0
2747,0
2748,0
2749,0
2750,1
2751,0
2752,1
2753,0
2754,1
2755,0
2756,1
2757,1
2758,0
2759,0
2760,1
2761,1
2762,0
2763,1
2764,0
2765,1
2766,1
2767,0
2768,1
2769,1
2770,1
2771,1
2772,1
2773,1
2774,0
2775,1
2776,1
2777,1
2778,1
2779,1
2780,0
2781,1
2782,1
2783,1
2784,0
2785,1
2786,1
2787,0
2788,1
2789,1
2790,0
2791,0
2792,0
2793,0
2794,1
2795,0
2796,1
2797,1
2798,0
2799,0
2800,1
2801,1
2802,0
2803,1
2804,0
2805,0
2806,1
2807,0
2808,0
2809,0
2810,0
2811,1
2812,0
2813,0
2814,1
2815,0
2816,1
2817,0
2818,1
2819,0
2820,1
2821,1
2822,0
2823,1
2824,0
2825,1
2826,1
2827,0
2828,0
2829,1
2830,1
2831,1
2832,1
2833,0
2834,0
2835,1
2836,1
2837,0
2838,1
2839,1
2840,0
2841,1
2842,1
2843,0
2844,1
2845,1
2846,0
2847,0
2848,1
2849,1
2850,1
2851,1
2852,1
2853,1
2854,1
2855,1
2856,1
2857,1
2858,1
2859,0
2860,1
2861,1
2862,1
2863,1
2864,0
2865,1
2866,1
2867,0
2868,1
2869,0
2870,1
2871,1
2872,0
2873,1
2874,1
2875,1
2876,1
2877,1
2878,1
2879,0
2880,0
2881,0
2882,1
2883,1
2884,1
2885,0
2886,0
2887,1
2888,0
2889,0
2890,1
2891,1
2892,1
2893,1
2894,0
2895,1
2896,0
2897,0
2898,0
2899,0
2900,0
2901,0
2902,1
2903,0
2904,0
2905,1
2906,1
2907,1
2908,1
2909,1
2910,0
2911,0
2912,1
2913,1
2914,1
2915,1
2916,0
2917,0
2918,0
2919,1
2920,1
2921,1
2922,1
2923,0
2924,1
2925,0
2926,1
2927,1
2928,0
2929,0
2930,1
2931,1
2932,1
2933,1
2934,1
2935,0
2936,1
2937,1
2938,1
2939,1
2940,0
2941,0
2942,0
2943,0
2944,1
2945,1
2946,0
2947,1
2948,1
2949,1
2950,1
2951,1
2952,1
2953,1
2954,0
2955,0
2956,1
2957,1
2958,0
2959,1
2960,0
2961,1
2962,0
2963,0
2964,1
2965,0
2966,1
2967,1
2968,1
2969,1
2970,1
2971,1
2972,1
2973,1
2974,1
2975,1
2976,1
2977,1
2978,1
2979,1
2980,1
2981,1
2982,0
2983,1
2984,1
2985,1
2986,1
2987,1
2988,1
2989,1
2990,0
2991,1
2992,1
2993,1
2994,0
2995,1
2996,1
2997,1
2998,1
2999,1
3000,0
3001,0
3002,1
3003,0
3004,0
3005,1
3006,1
3007,1
3008,0
3009,1
3010,0
3011,1
3012,0
3013,0
3014,1
3015,1
3016,1
3017,1
3018,0
3019,1
3020,0
3021,1
3022,0
3023,1
3024,1
3025,1
3026,0
3027,1
3028,0
3029,0
3030,1
3031,1
3032,0
3033,0
3034,0
3035,0
3036,1
3037,1
3038,0
3039,1
3040,1
3041,1
3042,0
3043,1
3044,1
3045,0
3046,1
3047,0
3048,1
3049,1
3050,1
3051,1
3052,1
3053,0
3054,0
3055,1
3056,1
3057,0
3058,0
3059,1
3060,0
3061,1
3062,1
3063,1
3064,1
3065,1
3066,1
3067,0
3068,1
3069,0
3070,0
3071,1
3072,0
3073,0
3074,1
3075,0
3076,0
3077,0
3078,0
3079,1
3080,1
3081,0
3082,0
3083,1
3084,0
3085,1
3086,1
3087,0
3088,0
3089,1
3090,1
3091,0
3092,0
3093,1
3094,0
3095,1
3096,1
3097,1
3098,0
3099,1
3100,1
3101,1
3102,1
3103,0
3104,1
3105,1
3106,1
3107,1
3108,1
3109,0
3110,1
3111,1
3112,1
3113,1
3114,0
3115,0
3116,0
3117,1
3118,1
3119,0
3120,1
3121,0
3122,1
3123,1
3124,0
3125,0
3126,0
3127,0
3128,0
3129,0
3130,1
3131,1
3132,1
3133,0
3134,0
3135,1
3136,1
3137,1
3138,1
3139,1
3140,0
3141,1
3142,1
3143,1
3144,1
3145,1
3146,1
3147,0
3148,0
3149,0
3150,0
3151,1
3152,0
3153,0
3154,1
3155,1
3156,1
3157,0
3158,0
3159,1
3160,1
3161,0
3162,1
3163,0
3164,1
3165,1
3166,1
3167,1
3168,1
3169,0
3170,1
3171,1
3172,0
3173,1
3174,1
3175,0
3176,1
3177,0
3178,1
3179,0
3180,0
3181,0
3182,0
3183,1
3184,1
3185,1
3186,1
3187,0
3188,0
3189,1
3190,0
3191,1
3192,1
3193,0
3194,1
3195,0
3196,0
3197,1
3198,0
3199,0
3200,1
3201,1
3202,0
3203,1
3204,1
3205,1
3206,1
3207,1
3208,1
3209,1
3210,0
3211,1
3212,1
3213,1
3214,1
3215,1
3216,1
3217,0
3218,1
3219,1
3220,0
3221,0
3222,1
3223,0
3224,1
3225,0
3226,1
3227,1
3228,0
3229,0
3230,1
3231,1
3232,1
3233,1
3234,0
3235,1
3236,1
3237,0
3238,1
3239,1
3240,1
3241,1
3242,1
3243,1
3244,1
3245,0
3246,1
3247,1
3248,0
3249,1
3250,0
3251,1
3252,1
3253,0
3254,1
3255,1
3256,1
3257,1
3258,0
3259,1
3260,1
3261,0
3262,0
3263,0
3264,1
3265,0
3266,1
3267,0
3268,1
3269,1
3270,1
3271,1
3272,1
3273,0
3274,0
3275,0
3276,1
3277,0
3278,0
3279,0
3280,0
3281,1
3282,1
3283,1
3284,1
3285,0
3286,1
3287,1
3288,1
3289,0
3290,1
3291,0
3292,1
3293,1
3294,1
3295,1
3296,1
3297,1
3298,0
3299,1
3300,1
3301,1
3302,1
3303,1
3304,0
3305,0
3306,0
3307,1
3308,0
3309,1
3310,0
3311,0
3312,1
3313,0
3314,1
3315,1
3316,0
3317,1
3318,1
3319,1
3320,0
3321,1
3322,0
3323,1
3324,1
3325,1
3326,0
3327,0
3328,1
3329,0
3330,1
3331,1
3332,1
3333,1
3334,1
3335,1
3336,1
3337,0
3338,0
3339,1
3340,0
3341,1
3342,1
3343,1
3344,1
3345,1
3346,0
3347,1
3348,0
3349,0
3350,0
3351,0
3352,0
3353,1
3354,1
3355,0
3356,1
3357,1
3358,1
3359,1
3360,1
3361,1
3362,0
3363,1
3364,1
3365,0
3366,1
3367,1
3368,0
3369,0
3370,1
3371,1
3372,0
3373,0
3374,1
3375,0
3376,1
3377,1
3378,1
3379,0
3380,1
3381,1
3382,0
3383,1
3384,0
3385,1
3386,0
3387,1
3388,0
3389,1
3390,0
3391,1
3392,1
3393,1
3394,0
3395,1
3396,1
3397,1
3398,1
3399,1
3400,0
3401,0
3402,0
3403,1
3404,0
3405,1
3406,0
3407,1
3408,1
3409,0
3410,0
3411,1
3412,0
3413,1
3414,1
3415,0
3416,1
3417,0
3418,0
3419,0
3420,1
3421,1
3422,1
3423,1
3424,0
3425,0
3426,1
3427,1
3428,1
3429,1
3430,1
3431,1
3432,1
3433,1
3434,1
3435,0
3436,1
3437,1
3438,0
3439,1
3440,0
3441,1
3442,1
3443,0
3444,0
3445,0
3446,0
3447,1
3448,0
3449,1
3450,1
3451,1
3452,1
3453,1
3454,0
3455,1
3456,0
3457,0
3458,1
3459,1
3460,0
3461,0
3462,1
3463,1
3464,1
3465,1
3466,1
3467,1
3468,0
3469,1
3470,1
3471,1
3472,1
3473,0
3474,1
3475,1
3476,1
3477,0
3478,0
3479,1
3480,1
3481,1
3482,1
3483,1
3484,0
3485,1
3486,1
3487,1
3488,1
3489,1
3490,1
3491,1
3492,0
3493,1
3494,1
3495,1
3496,1
3497,1
3498,0
3499,1
3500,1
3501,1
3502,1
3503,0
3504,1
3505,0
3506,1
3507,1
3508,0
3509,0
3510,1
3511,0
3512,0
3513,1
3514,1
3515,0
3516,0
3517,0
3518,0
3519,1
3520,0
3521,0
3522,1
3523,1
3524,1
3525,0
3526,1
3527,1
3528,1
3529,0
3530,1
3531,1
3532,0
3533,1
3534,0
3535,0
3536,1
3537,0
3538,1
3539,1
3540,0
3541,0
3542,0
3543,1
3544,0
3545,0
3546,1
3547,1
3548,1
3549,1
3550,0
3551,1
3552,0
3553,0
3554,1
3555,1
3556,1
3557,1
3558,0
3559,0
3560,1
3561,1
3562,1
3563,0
3564,1
3565,0
3566,1
3567,0
3568,1
3569,1
3570,1
3571,1
3572,0
3573,0
3574,0
3575,1
3576,0
3577,1
3578,1
3579,1
3580,1
3581,1
3582,1
3583,0
3584,0
3585,1
3586,0
3587,1
3588,1
3589,0
3590,1
3591,0
3592,1
3593,0
3594,1
3595,1
3596,1
3597,1
3598,0
3599,1
3600,0
3601,1
3602,1
3603,0
3604,0
3605,1
3606,1
3607,0
3608,1
3609,1
3610,1
3611,1
3612,0
3613,0
3614,0
3615,1
3616,1
3617,1
3618,1
3619,0
3620,1
3621,1
3622,1
3623,0
3624,0
3625,1
3626,1
3627,0
3628,1
3629,1
3630,0
3631,1
3632,1
3633,0
3634,1
3635,1
3636,0
3637,1
3638,1
3639,0
3640,1
3641,0
3642,0
3643,1
3644,1
3645,1
3646,1
3647,1
3648,1
3649,1
3650,1
3651,1
3652,1
3653,0
3654,1
3655,1
3656,1
3657,1
3658,1
3659,0
3660,1
3661,1
3662,1
3663,1
3664,0
3665,1
3666,1
3667,1
3668,1
3669,1
3670,1
3671,1
3672,1
3673,1
3674,1
3675,0
3676,0
3677,1
3678,1
3679,0
3680,0
3681,1
3682,1
3683,1
3684,1
3685,0
3686,0
3687,1
3688,1
3689,1
3690,1
3691,1
3692,1
3693,1
3694,1
3695,1
3696,0
3697,1
3698,1
3699,1
3700,1
3701,0
3702,0
3703,1
3704,0
3705,0
3706,1
3707,0
3708,0
3709,1
3710,0
3711,1
3712,1
3713,1
3714,1
3715,1
3716,0
3717,1
3718,0
3719,1
3720,0
3721,1
3722,0
3723,0
3724,1
3725,1
3726,0
3727,1
3728,0
3729,0
3730,0
3731,1
3732,1
3733,1
3734,1
3735,1
3736,1
3737,1
3738,1
3739,1
3740,1
3741,1
3742,1
3743,0
3744,1
3745,1
3746,1
3747,1
3748,1
3749,1
3750,1
3751,1
3752,1
3753,0
3754,1
3755,1
3756,1
3757,0
3758,0
3759,1
3760,0
3761,1
3762,0
3763,1
3764,0
3765,1
3766,0
3767,0
3768,0
3769,1
3770,0
3771,0
3772,0
3773,1
3774,1
3775,1
3776,1
3777,1
3778,1
3779,1
3780,1
3781,0
3782,1
3783,0
3784,0
3785,0
3786,1
3787,1
3788,0
3789,1
3790,1
3791,1
3792,1
3793,0
3794,1
3795,1
3796,1
3797,0
3798,1
3799,1
3800,0
3801,1
3802,1
3803,0
3804,1
3805,1
3806,1
3807,0
3808,0
3809,1
3810,0
3811,0
3812,1
3813,0
3814,0
3815,0
3816,0
3817,1
3818,1
3819,1
3820,1
3821,0
3822,1
3823,1
3824,0
3825,1
3826,0
3827,0
3828,0
3829,0
3830,0
3831,1
3832,0
3833,1
3834,1
3835,1
3836,0
3837,1
3838,0
3839,1
3840,1
3841,1
3842,0
3843,0
3844,0
3845,1
3846,1
3847,1
3848,1
3849,1
3850,1
3851,1
3852,0
3853,1
3854,1
3855,0
3856,0
3857,1
3858,0
3859,1
3860,1
3861,0
3862,1
3863,0
3864,1
3865,1
3866,1
3867,1
3868,1
3869,1
3870,1
3871,1
3872,1
3873,0
3874,1
3875,1
3876,1
3877,1
3878,1
3879,0
3880,1
3881,0
3882,0
3883,0
3884,1
3885,1
3886,1
3887,0
3888,0
3889,1
3890,1
3891,0
3892,1
3893,0
3894,1
3895,1
3896,1
3897,0
3898,1
3899,1
3900,1
3901,0
3902,1
3903,0
3904,0
3905,1
3906,1
3907,0
3908,1
3909,0
3910,1
3911,1
3912,1
3913,0
3914,1
3915,1
3916,1
3917,0
3918,1
3919,0
3920,1
3921,1
3922,0
3923,1
3924,0
3925,1
3926,0
3927,1
3928,1
3929,0
3930,1
3931,1
3932,0
3933,1
3934,1
3935,0
3936,0
3937,0
3938,1
3939,0
3940,0
3941,0
3942,1
3943,1
3944,0
3945,1
3946,1
3947,1
3948,1
3949,1
3950,1
3951,1
3952,0
3953,1
3954,0
3955,0
3956,0
3957,1
3958,1
3959,0
3960,0
3961,1
3962,1
3963,1
3964,0
3965,1
3966,0
3967,1
3968,0
3969,0
3970,0
3971,1
3972,0
3973,1
3974,1
3975,1
3976,1
3977,1
3978,1
3979,1
3980,0
3981,1
3982,0
3983,1
3984,1
3985,1
3986,0
3987,1
3988,1
3989,1
3990,0
3991,0
3992,0
3993,1
3994,1
3995,1
3996,0
3997,0
3998,0
3999,1
4000,1
4001,1
4002,1
4003,0
4004,0
4005,1
4006,0
4007,1
4008,0
4009,0
4010,1
4011,1
4012,1
4013,0
4014,1
4015,1
4016,1
4017,1
4018,1
4019,1
4020,1
4021,1
4022,1
4023,1
4024,1
4025,1
4026,0
4027,1
4028,1
4029,1
4030,1
4031,1
4032,1
4033,1
4034,1
4035,0
4036,1
4037,1
4038,1
4039,0
4040,0
4041,1
4042,1
4043,1
4044,1
4045,0
4046,1
4047,0
4048,0
4049,1
4050,1
4051,1
4052,1
4053,1
4054,1
4055,0
4056,1
4057,0
4058,0
4059,1
4060,1
4061,1
4062,1
4063,1
4064,1
4065,1
4066,0
4067,1
4068,0
4069,0
4070,0
4071,1
4072,0
4073,1
4074,1
4075,1
4076,1
4077,0
4078,0
4079,1
4080,1
4081,1
4082,0
4083,1
4084,1
4085,0
4086,0
4087,0
4088,1
4089,1
4090,1
4091,1
4092,0
4093,0
4094,0
4095,0
4096,0
4097,1
4098,1
4099,1
4100,1
4101,1
4102,1
4103,1
4104,0
4105,1
4106,0
4107,0
4108,1
4109,1
4110,1
4111,1
4112,0
4113,0
4114,1
4115,0
4116,0
4117,1
4118,1
4119,0
4120,1
4121,1
4122,1
4123,1
4124,0
4125,0
4126,1
4127,1
4128,1
4129,0
4130,1
4131,1
4132,1
4133,0
4134,1
4135,1
4136,1
4137,1
4138,1
4139,1
4140,1
4141,1
4142,1
4143,1
4144,0
4145,0
4146,0
4147,1
4148,0
4149,0
4150,1
4151,1
4152,1
4153,1
4154,1
4155,0
4156,1
4157,1
4158,1
4159,1
4160,1
4161,1
4162,1
4163,1
4164,1
4165,0
4166,1
4167,0
4168,0
4169,0
4170,1
4171,0
4172,1
4173,1
4174,1
4175,1
4176,1
4177,0
4178,0
4179,0
4180,1
4181,0
4182,1
4183,1
4184,0
4185,1
4186,0
4187,1
4188,1
4189,1
4190,1
4191,0
4192,0
4193,1
4194,1
4195,0
4196,0
4197,1
4198,1
4199,1
4200,1
4201,1
4202,1
4203,0
4204,0
4205,0
4206,1
4207,1
4208,1
4209,1
4210,1
4211,1
4212,0
4213,1
4214,1
4215,0
4216,0
4217,0
4218,1
4219,1
4220,0
4221,0
4222,0
4223,1
4224,0
4225,1
4226,1
4227,1
4228,0
4229,1
4230,0
4231,0
4232,1
4233,0
4234,1
4235,1
4236,1
4237,0
4238,1
4239,1
4240,1
4241,1
4242,1
4243,0
4244,1
4245,1
4246,0
4247,0
4248,0
4249,0
4250,1
4251,1
4252,1
4253,0
4254,1
4255,1
4256,1
4257,1
4258,1
4259,1
4260,1
4261,0
4262,0
4263,1
4264,1
4265,1
4266,1
4267,0
4268,1
4269,0
4270,1
4271,0
4272,1
4273,0
4274,1
4275,0
4276,0
4277,1
4278,1
4279,1
4280,1
4281,0
4282,1
4283,0
4284,1
4285,1
4286,1
4287,1
4288,1
4289,0
4290,1
4291,0
4292,1
4293,1
4294,1
4295,0
4296,1
4297,0
4298,1
4299,1
4300,1
4301,1
4302,1
4303,0
4304,0
4305,1
4306,0
4307,0
4308,1
4309,1
4310,0
4311,1
4312,1
4313,1
4314,1
4315,0
4316,1
4317,1
4318,1
4319,1
4320,0
4321,0
4322,1
4323,1
4324,0
4325,0
4326,0
4327,0
4328,0
4329,0
4330,1
4331,1
4332,1
4333,0
4334,1
4335,1
4336,1
4337,1
4338,0
4339,0
4340,1
4341,1
4342,0
4343,0
4344,1
4345,1
4346,1
4347,1
4348,1
4349,1
4350,0
4351,1
4352,1
4353,1
4354,0
4355,0
4356,1
4357,1
4358,1
4359,1
4360,0
4361,1
4362,0
4363,0
4364,0
4365,0
4366,0
4367,0
4368,1
4369,0
4370,0
4371,0
4372,1
4373,1
4374,1
4375,1
4376,1
4377,0
4378,1
4379,1
4380,1
4381,1
4382,0
4383,1
4384,0
4385,1
4386,1
4387,0
4388,0
4389,1
4390,0
4391,0
4392,1
4393,0
4394,1
4395,1
4396,0
4397,0
4398,1
4399,1
4400,1
4401,1
4402,1
4403,1
4404,1
4405,0
4406,1
4407,1
4408,1
4409,0
4410,1
4411,0
4412,0
4413,0
4414,1
4415,0
4416,1
4417,0
4418,1
4419,0
4420,1
4421,1
4422,1
4423,1
4424,1
4425,1
4426,1
4427,0
4428,0
4429,1
4430,1
4431,0
4432,1
4433,0
4434,1
4435,1
4436,0
4437,1
4438,1
4439,0
4440,1
4441,1
4442,1
4443,1
4444,1
4445,1
4446,0
4447,1
4448,1
4449,1
4450,1
4451,1
4452,1
4453,0
4454,1
4455,1
4456,1
4457,1
4458,1
4459,1
4460,0
4461,1
4462,1
4463,0
4464,0
4465,1
4466,0
4467,1
4468,1
4469,0
4470,0
4471,0
4472,0
4473,0
4474,1
4475,1
4476,1
4477,1
4478,1
4479,0
4480,0
4481,1
4482,1
4483,1
4484,0
4485,1
4486,0
4487,1
4488,1
4489,0
4490,0
4491,1
4492,1
4493,1
4494,0
4495,0
4496,0
4497,0
4498,0
4499,1
4500,0
4501,1
4502,0
4503,0
4504,0
4505,1
4506,1
4507,1
4508,1
4509,0
4510,1
4511,1
4512,0
4513,1
4514,0
4515,1
4516,1
4517,0
4518,1
4519,0
4520,1
4521,0
4522,1
4523,0
4524,0
4525,1
4526,1
4527,1
4528,0
4529,1
4530,1
4531,1
4532,0
4533,1
4534,1
4535,1
4536,1
4537,0
4538,1
4539,0
4540,1
4541,1
4542,1
4543,1
4544,1
4545,1
4546,1
4547,1
4548,1
4549,1
4550,0
4551,1
4552,1
4553,0
4554,1
4555,1
4556,1
4557,1
4558,0
4559,0
4560,0
4561,1
4562,1
4563,0
4564,1
4565,1
4566,1
4567,1
4568,1
4569,0
4570,1
4571,0
4572,1
4573,1
4574,0
4575,0
4576,0
4577,0
4578,1
4579,1
4580,1
4581,1
4582,1
4583,0
4584,1
4585,0
4586,1
4587,1
4588,0
4589,1
4590,1
4591,1
4592,0
4593,1
4594,1
4595,0
4596,1
4597,0
4598,1
4599,1
4600,0
4601,1
4602,0
4603,1
4604,1
4605,1
4606,1
4607,0
4608,1
4609,1
4610,1
4611,1
4612,1
4613,1
4614,1
4615,1
4616,0
4617,1
4618,0
4619,1
4620,1
4621,0
4622,0
4623,0
4624,0
4625,1
4626,1
4627,0
4628,0
4629,1
4630,0
4631,1
4632,0
4633,1
4634,0
4635,0
4636,1
4637,1
4638,0
4639,1
4640,1
4641,1
4642,1
4643,1
4644,0
4645,1
4646,1
4647,1
4648,0
4649,0
4650,1
4651,0
4652,1
4653,1
4654,1
4655,0
4656,0
4657,1
4658,1
4659,0
4660,1
4661,0
4662,0
4663,0
4664,1
4665,1
4666,0
4667,0
4668,1
4669,1
4670,1
4671,1
4672,0
4673,1
4674,1
4675,1
4676,1
4677,1
4678,0
4679,0
4680,1
4681,1
4682,0
4683,1
4684,0
4685,1
4686,1
4687,0
4688,1
4689,1
4690,0
4691,1
4692,1
4693,0
4694,1
4695,0
4696,0
4697,1
4698,1
4699,0
4700,1
4701,1
4702,1
4703,0
4704,1
4705,1
4706,1
4707,1
4708,1
4709,1
4710,0
4711,1
4712,1
4713,1
4714,1
4715,1
4716,1
4717,1
4718,0
4719,0
4720,0
4721,1
4722,1
4723,1
4724,1
4725,1
4726,1
4727,1
4728,1
4729,0
4730,0
4731,0
4732,0
4733,1
4734,0
4735,1
4736,1
4737,0
4738,1
4739,0
4740,1
4741,0
4742,1
4743,0
4744,1
4745,1
4746,1
4747,0
4748,0
4749,1
4750,0
4751,0
4752,1
4753,1
4754,0
4755,1
4756,0
4757,1
4758,1
4759,1
4760,0
4761,1
4762,0
4763,1
4764,1
4765,1
4766,0
4767,1
4768,1
4769,0
4770,0
4771,0
4772,0
4773,0
4774,1
4775,1
4776,0
4777,1
4778,1
4779,0
4780,0
4781,0
4782,1
4783,1
4784,0
4785,1
4786,0
4787,1
4788,1
4789,0
4790,1
4791,0
4792,1
4793,0
4794,1
4795,0
4796,0
4797,1
4798,0
4799,0
4800,0
4801,1
4802,0
4803,1
4804,0
4805,0
4806,0
4807,1
4808,0
4809,1
4810,1
4811,0
4812,0
4813,1
4814,1
4815,0
4816,1
4817,1
4818,0
4819,0
4820,1
4821,0
4822,0
4823,1
4824,0
4825,1
4826,1
4827,1
4828,1
4829,1
4830,1
4831,1
4832,1
4833,1
4834,1
4835,1
4836,1
4837,1
4838,1
4839,0
4840,1
4841,0
4842,0
4843,0
4844,1
4845,1
4846,1
4847,1
4848,1
4849,0
4850,1
4851,0
4852,1
4853,1
4854,1
4855,0
4856,1
4857,0
4858,1
4859,0
4860,1
4861,0
4862,0
4863,0
4864,1
4865,1
4866,0
4867,1
4868,1
4869,1
4870,1
4871,0
4872,1
4873,1
4874,1
4875,0
4876,0
4877,1
4878,0
4879,0
4880,1
4881,1
4882,1
4883,1
4884,1
4885,1
4886,0
4887,1
4888,1
4889,1
4890,0
4891,1
4892,1
4893,1
4894,0
4895,1
4896,0
4897,1
4898,1
4899,0
4900,1
4901,0
4902,1
4903,0
4904,0
4905,1
4906,1
4907,1
4908,1
4909,1
4910,1
4911,1
4912,0
4913,0
4914,1
4915,1
4916,0
4917,1
4918,1
4919,1
4920,1
4921,1
4922,0
4923,0
4924,1
4925,1
4926,1
4927,1
4928,0
4929,1
4930,0
4931,1
4932,1
4933,1
4934,1
4935,1
4936,1
4937,1
4938,1
4939,0
4940,1
4941,1
4942,1
4943,1
4944,1
4945,0
4946,1
4947,0
4948,1
4949,1
4950,0
4951,1
4952,1
4953,0
4954,1
4955,1
4956,0
4957,1
4958,1
4959,1
4960,1
4961,1
4962,0
4963,0
4964,1
4965,1
4966,1
4967,1
4968,1
4969,1
4970,1
4971,0
4972,1
4973,1
4974,1
4975,1
4976,1
4977,0
4978,0
4979,1
4980,1
4981,1
4982,0
4983,0
4984,1
4985,0
4986,1
4987,1
4988,1
4989,0
4990,1
4991,1
4992,0
4993,1
4994,1
4995,1
4996,1
4997,1
4998,1
4999,1
5000,0
5001,0
5002,0
5003,0
5004,1
5005,1
5006,1
5007,1
5008,1
5009,1
5010,1
5011,0
5012,1
5013,0
5014,0
5015,0
5016,1
5017,1
5018,0
5019,1
5020,1
5021,0
5022,1
5023,1
5024,1
5025,1
5026,1
5027,0
5028,1
5029,1
5030,0
5031,1
5032,0
5033,1
5034,1
5035,1
5036,1
5037,1
5038,0
5039,1
5040,1
5041,1
5042,1
5043,1
5044,0
5045,1
5046,0
5047,1
5048,1
5049,0
5050,0
5051,1
5052,1
5053,1
5054,1
5055,1
5056,1
5057,1
5058,1
5059,1
5060,1
5061,1
5062,0
5063,1
5064,0
5065,0
5066,1
5067,0
5068,0
5069,0
5070,1
5071,1
5072,0
5073,0
5074,1
5075,1
5076,1
5077,0
5078,0
5079,0
5080,0
5081,0
5082,1
5083,1
5084,1
5085,1
5086,1
5087,0
5088,1
5089,0
5090,1
5091,1
5092,0
5093,1
5094,0
5095,0
5096,1
5097,1
5098,1
5099,0
5100,1
5101,1
5102,0
5103,1
5104,1
5105,0
5106,1
5107,0
5108,0
5109,0
5110,1
5111,1
5112,1
5113,1
5114,0
5115,0
5116,1
5117,1
5118,0
5119,1
5120,0
5121,1
5122,0
5123,0
5124,1
5125,1
5126,1
5127,1
5128,1
5129,0
5130,1
5131,1
5132,1
5133,0
5134,1
5135,0
5136,0
5137,1
5138,1
5139,1
5140,0
5141,0
5142,1
5143,0
5144,1
5145,1
5146,1
5147,0
5148,0
5149,1
5150,0
5151,1
5152,1
5153,0
5154,1
5155,1
5156,1
5157,1
5158,1
5159,1
5160,0
5161,1
5162,0
5163,0
5164,0
5165,0
5166,1
5167,0
5168,1
5169,0
5170,1
5171,0
5172,0
5173,0
5174,1
5175,0
5176,0
5177,0
5178,0
5179,1
5180,0
5181,0
5182,1
5183,0
5184,0
5185,1
5186,1
5187,1
5188,1
5189,0
5190,0
5191,0
5192,0
5193,0
5194,0
5195,1
5196,1
5197,1
5198,1
5199,1
5200,1
5201,1
5202,0
5203,0
5204,1
5205,0
5206,1
5207,0
5208,1
5209,1
5210,0
5211,0
5212,1
5213,1
5214,1
5215,1
5216,1
5217,1
5218,1
5219,1
5220,1
5221,1
5222,1
5223,1
5224,1
5225,1
5226,1
5227,1
5228,1
5229,0
5230,1
5231,0
5232,0
5233,1
5234,1
5235,1
5236,1
5237,1
5238,0
5239,0
5240,1
5241,1
5242,0
5243,1
5244,1
5245,1
5246,0
5247,1
5248,0
5249,1
5250,1
5251,0
5252,1
5253,1
5254,1
5255,0
5256,1
5257,0
5258,1
5259,1
5260,0
5261,1
5262,0
5263,1
5264,1
5265,1
5266,1
5267,1
5268,1
5269,0
5270,0
5271,1
5272,1
5273,1
5274,1
5275,0
5276,1
5277,0
5278,1
5279,1
5280,0
5281,1
5282,1
5283,0
5284,1
5285,1
5286,1
5287,0
5288,0
5289,1
5290,0
5291,1
5292,0
5293,1
5294,1
5295,0
5296,1
5297,1
5298,0
5299,1
5300,0
5301,1
5302,1
5303,1
5304,1
5305,1
5306,1
5307,1
5308,1
5309,1
5310,0
5311,0
5312,1
5313,0
5314,1
5315,1
5316,1
5317,1
5318,1
5319,1
5320,1
5321,1
5322,1
5323,1
5324,0
5325,0
5326,1
5327,0
5328,1
5329,1
5330,0
5331,1
5332,1
5333,1
5334,1
5335,1
5336,0
5337,0
5338,1
5339,1
5340,0
5341,0
5342,1
5343,0
5344,0
5345,0
5346,1
5347,1
5348,1
5349,0
5350,1
5351,1
5352,1
5353,0
5354,0
5355,0
5356,0
5357,0
5358,1
5359,0
5360,0
5361,1
5362,1
5363,1
5364,1
5365,0
5366,0
5367,1
5368,1
5369,1
5370,0
5371,1
5372,1
5373,0
5374,0
5375,1
5376,1
5377,0
5378,1
5379,0
5380,1
5381,1
5382,1
5383,0
5384,0
5385,1
5386,1
5387,1
5388,1
5389,0
5390,0
5391,1
5392,1
5393,0
5394,1
5395,1
5396,1
5397,0
5398,1
5399,0
5400,1
5401,1
5402,0
5403,0
5404,0
5405,1
5406,1
5407,0
5408,1
5409,1
5410,1
5411,0
5412,1
5413,1
5414,0
5415,0
5416,0
5417,1
5418,1
5419,1
5420,1
5421,0
5422,1
5423,1
5424,1
5425,1
5426,1
5427,1
5428,1
5429,1
5430,1
5431,0
5432,1
5433,1
5434,1
5435,1
5436,1
5437,1
5438,0
5439,1
5440,1
5441,1
5442,1
5443,0
5444,1
5445,1
5446,1
5447,1
5448,0
5449,0
5450,1
5451,1
5452,1
5453,1
5454,0
5455,1
5456,1
5457,1
5458,0
5459,0
5460,1
5461,1
5462,1
5463,1
5464,1
5465,1
5466,0
5467,1
5468,0
5469,1
5470,1
5471,1
5472,0
5473,0
5474,0
5475,1
5476,0
5477,1
5478,1
5479,1
5480,0
5481,1
5482,1
5483,1
5484,1
5485,1
5486,1
5487,1
5488,1
5489,1
5490,1
5491,0
5492,0
5493,0
5494,1
5495,0
5496,0
5497,1
5498,1
5499,0
5500,1
5501,0
5502,1
5503,1
5504,0
5505,1
5506,1
5507,0
5508,0
5509,0
5510,1
5511,0
5512,1
5513,0
5514,0
5515,1
5516,1
5517,0
5518,0
5519,0
5520,0
5521,1
5522,1
5523,1
5524,1
5525,1
5526,1
5527,0
5528,1
5529,1
5530,0
5531,1
5532,1
5533,1
5534,1
5535,1
5536,1
5537,1
5538,0
5539,1
5540,1
5541,1
5542,0
5543,1
5544,1
5545,0
5546,1
5547,1
5548,1
5549,1
5550,1
5551,0
5552,1
5553,1
5554,0
5555,0
5556,0
5557,0
5558,0
5559,1
5560,0
5561,0
5562,0
5563,1
5564,1
5565,1
5566,0
5567,0
5568,1
5569,1
5570,1
5571,0
5572,1
5573,1
5574,1
5575,1
5576,1
5577,0
5578,1
5579,1
5580,0
5581,1
5582,1
5583,1
5584,1
5585,0
5586,1
5587,1
5588,0
5589,1
5590,1
5591,1
5592,1
5593,1
5594,1
5595,1
5596,0
5597,1
5598,1
5599,0
5600,1
5601,1
5602,1
5603,0
5604,1
5605,1
5606,1
5607,1
5608,1
5609,0
5610,1
5611,0
5612,0
5613,1
5614,1
5615,1
5616,0
5617,1
5618,1
5619,0
5620,1
5621,0
5622,0
5623,1
5624,0
5625,1
5626,1
5627,1
5628,1
5629,1
5630,1
5631,0
5632,0
5633,1
5634,1
5635,1
5636,1
5637,0
5638,1
5639,1
5640,1
5641,1
5642,0
5643,0
5644,1
5645,1
5646,1
5647,1
5648,1
5649,1
5650,1
5651,1
5652,1
5653,0
5654,1
5655,1
5656,1
5657,1
5658,1
5659,0
5660,1
5661,1
5662,1
5663,1
5664,1
5665,0
5666,0
5667,1
5668,1
5669,1
5670,0
5671,0
5672,0
5673,0
5674,0
5675,1
5676,1
5677,0
5678,1
5679,1
5680,1
5681,1
5682,1
5683,0
5684,0
5685,1
5686,1
5687,0
5688,1
5689,1
5690,0
5691,1
5692,1
5693,1
5694,1
5695,1
5696,0
5697,1
5698,1
5699,1
5700,1
5701,0
5702,0
5703,0
5704,0
5705,1
5706,1
5707,1
5708,1
5709,0
5710,1
5711,0
5712,1
5713,0
5714,1
5715,1
5716,0
5717,0
5718,1
5719,1
5720,1
5721,0
5722,1
5723,0
5724,0
5725,1
5726,0
5727,0
5728,0
5729,1
5730,1
5731,0
5732,1
5733,0
5734,0
5735,0
5736,1
5737,1
5738,1
5739,1
5740,1
5741,1
5742,0
5743,1
5744,1
5745,1
5746,1
5747,0
5748,0
5749,0
5750,1
5751,0
5752,0
5753,1
5754,1
5755,0
5756,0
5757,1
5758,1
5759,1
5760,1
5761,0
5762,1
5763,1
5764,0
5765,1
5766,1
5767,0
5768,1
5769,0
5770,1
5771,0
5772,1
5773,1
5774,1
5775,1
5776,0
5777,1
5778,0
5779,1
5780,0
5781,1
5782,1
5783,0
5784,0
5785,1
5786,1
5787,1
5788,0
5789,1
5790,0
5791,1
5792,1
5793,1
5794,0
5795,1
5796,1
5797,1
5798,0
5799,0
5800,1
5801,0
5802,0
5803,1
5804,1
5805,0
5806,1
5807,1
5808,1
5809,1
5810,0
5811,1
5812,0
5813,0
5814,1
5815,1
5816,0
5817,0
5818,1
5819,0
5820,0
5821,0
5822,1
5823,1
5824,0
5825,1
5826,0
5827,0
5828,1
5829,1
5830,1
5831,1
5832,1
5833,1
5834,0
5835,0
5836,1
5837,1
5838,0
5839,1
5840,0
5841,0
5842,1
5843,1
5844,1
5845,1
5846,1
5847,1
5848,1
5849,1
5850,1
5851,1
5852,0
5853,0
5854,1
5855,1
5856,1
5857,1
5858,1
5859,0
5860,1
5861,0
5862,0
5863,1
5864,1
5865,1
5866,1
5867,1
5868,1
5869,1
5870,0
5871,1
5872,1
5873,0
5874,0
5875,0
5876,1
5877,0
5878,1
5879,1
5880,1
5881,0
5882,1
5883,0
5884,1
5885,0
5886,1
5887,1
5888,1
5889,1
5890,0
5891,1
5892,1
5893,0
5894,1
5895,0
5896,1
5897,1
5898,1
5899,1
5900,1
5901,0
5902,0
5903,0
5904,0
5905,0
5906,0
5907,0
5908,0
5909,0
5910,1
5911,1
5912,1
5913,1
5914,1
5915,1
5916,1
5917,0
5918,0
5919,0
5920,0
5921,0
5922,1
5923,1
5924,1
5925,0
5926,0
5927,0
5928,1
5929,1
5930,0
5931,1
5932,1
5933,0
5934,1
5935,1
5936,1
5937,1
5938,1
5939,1
5940,1
5941,1
5942,1
5943,1
5944,1
5945,0
5946,1
5947,1
5948,1
5949,1
5950,1
5951,1
5952,1
5953,1
5954,1
5955,1
5956,1
5957,0
5958,0
5959,1
5960,1
5961,0
5962,1
5963,1
5964,1
5965,1
5966,1
5967,1
5968,1
5969,1
5970,0
5971,1
5972,1
5973,1
5974,0
5975,0
5976,1
5977,1
5978,1
5979,1
5980,1
5981,1
5982,1
5983,1
5984,1
5985,1
5986,1
5987,1
5988,1
5989,1
5990,0
5991,1
5992,1
5993,0
5994,1
5995,0
5996,1
5997,0
5998,0
5999,1
6000,1
6001,1
6002,1
6003,1
6004,1
6005,1
6006,1
6007,1
6008,0
6009,1
6010,0
6011,1
6012,1
6013,1
6014,0
6015,1
6016,1
6017,1
6018,0
6019,1
6020,0
6021,1
6022,1
6023,0
6024,0
6025,1
6026,1
6027,1
6028,1
6029,0
6030,1
6031,0
6032,1
6033,1
6034,1
6035,1
6036,0
6037,1
6038,1
6039,1
6040,1
6041,0
6042,0
6043,0
6044,1
6045,1
6046,1
6047,1
6048,0
6049,1
6050,1
6051,1
6052,0
6053,1
6054,0
6055,1
6056,1
6057,0
6058,1
6059,0
6060,0
6061,1
6062,1
6063,0
6064,1
6065,1
6066,0
6067,1
6068,1
6069,0
6070,1
6071,1
6072,0
6073,1
6074,0
6075,0
6076,1
6077,1
6078,1
6079,0
6080,1
6081,0
6082,1
6083,1
6084,1
6085,1
6086,1
6087,0
6088,1
6089,1
6090,1
6091,0
6092,0
6093,1
6094,0
6095,1
6096,1
6097,1
6098,0
6099,0
6100,1
6101,1
6102,1
6103,1
6104,1
6105,1
6106,1
6107,1
6108,0
6109,0
6110,1
6111,1
6112,1
6113,0
6114,1
6115,1
6116,0
6117,0
6118,1
6119,1
6120,1
6121,1
6122,1
6123,1
6124,1
6125,1
6126,1
6127,1
6128,1
6129,0
6130,0
6131,0
6132,1
6133,0
6134,0
6135,0
6136,1
6137,0
6138,1
6139,1
6140,0
6141,1
6142,0
6143,1
6144,1
6145,1
6146,1
6147,1
6148,1
6149,1
6150,0
6151,0
6152,0
6153,1
6154,1
6155,1
6156,1
6157,1
6158,0
6159,1
6160,1
6161,1
6162,1
6163,1
6164,0
6165,1
6166,0
6167,1
6168,1
6169,1
6170,1
6171,1
6172,1
6173,1
6174,1
6175,0
6176,1
6177,1
6178,1
6179,1
6180,0
6181,0
6182,1
6183,0
6184,0
6185,0
6186,1
6187,1
6188,0
6189,1
6190,1
6191,0
6192,1
6193,1
6194,1
6195,1
6196,1
6197,1
6198,1
6199,1
6200,0
6201,0
6202,1
6203,1
6204,0
6205,0
6206,1
6207,1
6208,0
6209,1
6210,0
6211,0
6212,1
6213,1
6214,1
6215,1
6216,1
6217,1
6218,1
6219,1
6220,1
6221,1
6222,1
6223,1
6224,1
6225,0
6226,1
6227,0
6228,0
6229,0
6230,1
6231,0
6232,1
6233,0
6234,1
6235,1
6236,1
6237,0
6238,0
6239,1
6240,1
6241,1
6242,1
6243,1
6244,1
6245,0
6246,0
6247,1
6248,1
6249,0
6250,0
6251,1
6252,1
6253,0
6254,1
6255,1
6256,1
6257,1
6258,1
6259,0
6260,0
6261,1
6262,1
6263,1
6264,1
6265,0
6266,0
6267,1
6268,0
6269,1
6270,0
6271,1
6272,1
6273,1
6274,1
6275,0
6276,0
6277,0
6278,0
6279,1
6280,1
6281,0
6282,0
6283,1
6284,1
6285,1
6286,0
6287,1
6288,1
6289,1
6290,1
6291,1
6292,1
6293,1
6294,1
6295,1
6296,1
6297,1
6298,1
6299,1
6300,0
6301,1
6302,0
6303,1
6304,1
6305,1
6306,0
6307,0
6308,1
6309,0
6310,1
6311,1
6312,1
6313,0
6314,1
6315,1
6316,1
6317,1
6318,1
6319,0
6320,1
6321,0
6322,1
6323,0
6324,1
6325,1
6326,1
6327,1
6328,0
6329,1
6330,0
6331,0
6332,1
6333,1
6334,0
6335,0
6336,0
6337,1
6338,1
6339,1
6340,1
6341,0
6342,1
6343,0
6344,1
6345,1
6346,0
6347,0
6348,1
6349,1
6350,0
6351,0
6352,0
6353,0
6354,0
6355,0
6356,1
6357,1
6358,1
6359,1
6360,0
6361,1
6362,1
6363,1
6364,1
6365,1
6366,1
6367,1
6368,1
6369,1
6370,1
6371,0
6372,0
6373,1
6374,0
6375,1
6376,0
6377,0
6378,1
6379,1
6380,1
6381,0
6382,1
6383,1
6384,1
6385,1
6386,1
6387,0
6388,1
6389,1
6390,0
6391,1
6392,1
6393,1
6394,0
6395,1
6396,1
6397,1
6398,1
6399,0
6400,0
6401,1
6402,0
6403,0
6404,0
6405,1
6406,0
6407,0
6408,0
6409,0
6410,1
6411,1
6412,1
6413,1
6414,1
6415,0
6416,1
6417,0
6418,1
6419,1
6420,0
6421,1
6422,0
6423,0
6424,1
6425,1
6426,0
6427,1
6428,1
6429,1
6430,0
6431,1
6432,1
6433,1
6434,0
6435,1
6436,0
6437,0
6438,1
6439,1
6440,0
6441,1
6442,1
6443,0
6444,1
6445,0
6446,1
6447,0
6448,1
6449,0
6450,0
6451,1
6452,0
6453,0
6454,1
6455,0
6456,1
6457,0
6458,1
6459,1
6460,1
6461,1
6462,1
6463,1
6464,1
6465,1
6466,0
6467,0
6468,1
6469,0
6470,1
6471,1
6472,1
6473,1
6474,0
6475,1
6476,0
6477,0
6478,1
6479,0
6480,0
6481,1
6482,1
6483,0
6484,1
6485,1
6486,0
6487,0
6488,0
6489,0
6490,1
6491,0
6492,0
6493,0
6494,1
6495,0
6496,1
6497,1
6498,1
6499,1
6500,1
6501,1
6502,1
6503,1
6504,0
6505,0
6506,0
6507,0
6508,1
6509,1
6510,1
6511,1
6512,1
6513,1
6514,1
6515,1
6516,0
6517,1
6518,0
6519,1
6520,0
6521,1
6522,1
6523,0
6524,0
6525,1
6526,1
6527,1
6528,1
6529,1
6530,0
6531,0
6532,0
6533,1
6534,1
6535,1
6536,1
6537,0
6538,1
6539,1
6540,1
6541,1
6542,1
6543,1
6544,0
6545,0
6546,1
6547,0
6548,0
6549,1
6550,0
6551,1
6552,1
6553,0
6554,0
6555,1
6556,0
6557,1
6558,0
6559,1
6560,0
6561,0
6562,1
6563,0
6564,1
6565,1
6566,0
6567,0
6568,1
6569,1
6570,1
6571,1
6572,0
6573,0
6574,1
6575,1
6576,1
6577,0
6578,0
6579,1
6580,1
6581,1
6582,1
6583,1
6584,1
6585,0
6586,0
6587,1
6588,1
6589,1
6590,0
6591,1
6592,0
6593,1
6594,0
6595,1
6596,0
6597,0
6598,1
6599,0
6600,0
6601,1
6602,1
6603,0
6604,0
6605,0
6606,1
6607,0
6608,1
6609,0
6610,0
6611,1
6612,0
6613,0
6614,1
6615,1
6616,1
6617,0
6618,1
6619,1
6620,1
6621,1
6622,1
6623,0
6624,0
6625,1
6626,0
6627,0
6628,1
6629,1
6630,0
6631,1
6632,1
6633,1
6634,1
6635,0
6636,1
6637,1
6638,0
6639,0
6640,1
6641,0
6642,1
6643,1
6644,1
6645,0
6646,0
6647,0
6648,0
6649,1
6650,1
6651,0
6652,0
6653,0
6654,0
6655,1
6656,1
6657,1
6658,0
6659,1
6660,1
6661,0
6662,0
6663,0
6664,1
6665,0
6666,0
6667,0
6668,1
6669,0
6670,0
6671,1
6672,0
6673,1
6674,1
6675,0
6676,1
6677,1
6678,1
6679,0
6680,1
6681,0
6682,0
6683,0
6684,1
6685,1
6686,1
6687,1
6688,1
6689,1
6690,0
6691,0
6692,0
6693,1
6694,1
6695,0
6696,1
6697,1
6698,0
6699,1
6700,1
6701,0
6702,0
6703,1
6704,1
6705,1
6706,1
6707,1
6708,1
6709,1
6710,1
6711,1
6712,0
6713,0
6714,0
6715,0
6716,1
6717,1
6718,1
6719,0
6720,0
6721,0
6722,0
6723,0
6724,1
6725,0
6726,1
6727,0
6728,1
6729,0
6730,1
6731,0
6732,0
6733,0
6734,1
6735,1
6736,1
6737,1
6738,1
6739,0
6740,1
6741,1
6742,1
6743,1
6744,1
6745,1
6746,0
6747,1
6748,1
6749,1
6750,0
6751,1
6752,1
6753,1
6754,1
6755,1
6756,1
6757,1
6758,1
6759,1
6760,0
6761,1
6762,1
6763,1
6764,0
6765,1
6766,0
6767,0
6768,1
6769,0
6770,1
6771,1
6772,1
6773,0
6774,0
6775,1
6776,0
6777,1
6778,1
6779,1
6780,1
6781,1
6782,1
6783,1
6784,1
6785,1
6786,1
6787,0
6788,0
6789,1
6790,1
6791,1
6792,0
6793,1
6794,1
6795,1
6796,0
6797,1
6798,0
6799,0
6800,1
6801,1
6802,0
6803,1
6804,1
6805,1
6806,1
6807,1
6808,1
6809,0
6810,0
6811,1
6812,0
6813,1
6814,1
6815,1
6816,0
6817,1
6818,1
6819,1
6820,1
6821,1
6822,1
6823,1
6824,1
6825,1
6826,1
6827,0
6828,0
6829,1
6830,0
6831,1
6832,1
6833,1
6834,1
6835,0
6836,1
6837,1
6838,0
6839,0
6840,1
6841,1
6842,1
6843,1
6844,1
6845,1
6846,0
6847,1
6848,1
6849,1
6850,1
6851,1
6852,1
6853,0
6854,0
6855,1
6856,1
6857,1
6858,1
6859,1
6860,1
6861,0
6862,1
6863,1
6864,1
6865,1
6866,0
6867,1
6868,0
6869,0
6870,1
6871,1
6872,1
6873,1
6874,1
6875,0
6876,1
6877,0
6878,1
6879,1
6880,1
6881,1
6882,0
6883,1
6884,0
6885,0
6886,0
6887,1
6888,0
6889,1
6890,0
6891,1
6892,1
6893,1
6894,1
6895,1
6896,0
6897,1
6898,1
6899,1
6900,0
6901,1
6902,1
6903,1
6904,1
6905,0
6906,1
6907,1
6908,1
6909,0
6910,0
6911,1
6912,0
6913,1
6914,1
6915,0
6916,1
6917,1
6918,1
6919,1
6920,1
6921,1
6922,0
6923,0
6924,0
6925,1
6926,1
6927,1
6928,0
6929,0
6930,0
6931,0
6932,0
6933,1
6934,1
6935,0
6936,0
6937,1
6938,0
6939,0
6940,1
6941,1
6942,1
6943,1
6944,1
6945,0
6946,0
6947,1
6948,0
6949,1
6950,1
6951,0
6952,0
6953,1
6954,1
6955,1
6956,0
6957,0
6958,0
6959,1
6960,1
6961,1
6962,1
6963,0
6964,1
6965,1
6966,1
6967,1
6968,1
6969,1
6970,1
6971,0
6972,0
6973,0
6974,0
6975,1
6976,0
6977,1
6978,0
6979,1
6980,1
6981,1
6982,0
6983,0
6984,0
6985,1
6986,0
6987,1
6988,0
6989,0
6990,1
6991,1
6992,1
6993,0
6994,1
6995,0
6996,1
6997,1
6998,0
6999,1
7000,0
7001,1
7002,1
7003,0
7004,0
7005,0
7006,0
7007,1
7008,1
7009,0
7010,0
7011,0
7012,1
7013,0
7014,0
7015,0
7016,1
7017,1
7018,1
7019,0
7020,0
7021,1
7022,0
7023,0
7024,0
7025,1
7026,1
7027,0
7028,0
7029,1
7030,1
7031,1
7032,1
7033,1
7034,1
7035,1
7036,1
7037,0
7038,1
7039,0
7040,0
7041,1
7042,1
7043,1
7044,1
7045,0
7046,0
7047,0
7048,0
7049,1
7050,1
7051,1
7052,1
7053,1
7054,1
7055,1
7056,0
7057,1
7058,1
7059,1
7060,1
7061,1
7062,1
7063,0
7064,1
7065,1
7066,1
7067,1
7068,1
7069,1
7070,0
7071,1
7072,1
7073,1
7074,0
7075,0
7076,0
7077,0
7078,1
7079,0
7080,0
7081,0
7082,1
7083,1
7084,0
7085,0
7086,0
7087,0
7088,1
7089,0
7090,1
7091,1
7092,0
7093,1
7094,0
7095,1
7096,1
7097,1
7098,1
7099,1
7100,0
7101,1
7102,1
7103,0
7104,0
7105,1
7106,1
7107,1
7108,1
7109,0
7110,0
7111,0
7112,1
7113,1
7114,1
7115,1
7116,1
7117,0
7118,0
7119,0
7120,1
7121,0
7122,1
7123,0
7124,1
7125,0
7126,1
7127,0
7128,1
7129,0
7130,1
7131,0
7132,1
7133,1
7134,0
7135,1
7136,1
7137,1
7138,1
7139,0
7140,1
7141,0
7142,0
7143,1
7144,1
7145,0
7146,1
7147,1
7148,0
7149,1
7150,1
7151,1
7152,1
7153,0
7154,1
7155,0
7156,1
7157,1
7158,1
7159,0
7160,1
7161,1
7162,1
7163,1
7164,1
7165,1
7166,0
7167,0
7168,1
7169,0
7170,1
7171,1
7172,1
7173,1
7174,0
7175,1
7176,0
7177,0
7178,1
7179,0
7180,1
7181,1
7182,1
7183,1
7184,1
7185,1
7186,1
7187,1
7188,0
7189,1
7190,0
7191,0
7192,1
7193,1
7194,0
7195,0
7196,1
7197,1
7198,1
7199,1
7200,1
7201,1
7202,0
7203,0
7204,1
7205,1
7206,1
7207,0
7208,1
7209,1
7210,1
7211,1
7212,1
7213,1
7214,1
7215,1
7216,1
7217,1
7218,0
7219,0
7220,1
7221,0
7222,0
7223,1
7224,0
7225,1
7226,1
7227,1
7228,0
7229,0
7230,1
7231,1
7232,0
7233,1
7234,0
7235,1
7236,1
7237,1
7238,1
7239,0
7240,1
7241,0
7242,1
7243,0
7244,0
7245,0
7246,1
7247,1
7248,1
7249,0
7250,1
7251,1
7252,1
7253,1
7254,0
7255,0
7256,1
7257,0
7258,0
7259,1
7260,0
7261,1
7262,1
7263,1
7264,1
7265,0
7266,1
7267,1
7268,1
7269,1
7270,1
7271,1
7272,1
7273,0
7274,1
7275,1
7276,1
7277,1
7278,1
7279,1
7280,0
7281,0
7282,0
7283,1
7284,1
7285,0
7286,0
7287,1
7288,1
7289,1
7290,1
7291,1
7292,1
7293,1
7294,0
7295,1
7296,1
7297,1
7298,1
7299,1
7300,0
7301,1
7302,0
7303,1
7304,1
7305,0
7306,0
7307,1
7308,1
7309,1
7310,0
7311,1
7312,0
7313,1
7314,1
7315,0
7316,1
7317,1
7318,1
7319,1
7320,1
7321,1
7322,1
7323,1
7324,0
7325,1
7326,1
7327,1
7328,1
7329,1
7330,1
7331,0
7332,1
7333,1
7334,1
7335,1
7336,0
7337,0
7338,1
7339,0
7340,1
7341,1
7342,1
7343,1
7344,1
7345,0
7346,0
7347,1
7348,0
7349,0
7350,1
7351,1
7352,1
7353,1
7354,0
7355,1
7356,1
7357,1
7358,1
7359,0
7360,1
7361,1
7362,1
7363,1
7364,0
7365,1
7366,0
7367,0
7368,0
7369,1
7370,1
7371,1
7372,1
7373,0
7374,0
7375,1
7376,0
7377,1
7378,0
7379,1
7380,0
7381,1
7382,0
7383,1
7384,1
7385,1
7386,1
7387,0
7388,1
7389,0
7390,0
7391,1
7392,1
7393,1
7394,1
7395,0
7396,1
7397,1
7398,0
7399,1
7400,0
7401,1
7402,1
7403,1
7404,1
7405,1
7406,1
7407,0
7408,0
7409,1
7410,1
7411,0
7412,1
7413,1
7414,0
7415,0
7416,1
7417,1
7418,1
7419,1
7420,0
7421,1
7422,1
7423,1
7424,0
7425,0
7426,1
7427,0
7428,0
7429,0
7430,1
7431,1
7432,0
7433,0
7434,0
7435,1
7436,1
7437,1
7438,1
7439,0
7440,1
7441,1
7442,1
7443,1
7444,1
7445,0
7446,0
7447,0
7448,1
7449,1
7450,0
7451,0
7452,1
7453,1
7454,1
7455,0
7456,0
7457,1
7458,1
7459,1
7460,0
7461,1
7462,1
7463,1
7464,0
7465,1
7466,1
7467,0
7468,1
7469,1
7470,1
7471,1
7472,1
7473,1
7474,0
7475,1
7476,1
7477,1
7478,1
7479,1
7480,1
7481,1
7482,1
7483,1
7484,0
7485,1
7486,1
7487,0
7488,1
7489,1
7490,0
7491,0
7492,1
7493,1
7494,0
7495,0
7496,1
7497,0
7498,1
7499,1
7500,1
7501,1
7502,1
7503,1
7504,1
7505,0
7506,0
7507,1
7508,0
7509,0
7510,1
7511,1
7512,0
7513,1
7514,0
7515,0
7516,1
7517,1
7518,1
7519,0
7520,0
7521,1
7522,1
7523,0
7524,1
7525,1
7526,1
7527,1
7528,1
7529,1
7530,1
7531,0
7532,0
7533,1
7534,0
7535,1
7536,1
7537,0
7538,0
7539,1
7540,1
7541,1
7542,1
7543,1
7544,0
7545,1
7546,0
7547,0
7548,1
7549,1
7550,1
7551,1
7552,1
7553,1
7554,1
7555,1
7556,0
7557,0
7558,1
7559,1
7560,1
7561,0
7562,1
7563,1
7564,1
7565,0
7566,0
7567,0
7568,1
7569,1
7570,0
7571,1
7572,0
7573,1
7574,1
7575,1
7576,0
7577,0
7578,1
7579,1
7580,1
7581,1
7582,1
7583,1
7584,1
7585,0
7586,1
7587,1
7588,1
7589,0
7590,1
7591,1
7592,0
7593,0
7594,1
7595,0
7596,1
7597,1
7598,1
7599,1
7600,1
7601,1
7602,0
7603,1
7604,1
7605,1
7606,0
7607,0
7608,1
7609,1
7610,1
7611,1
7612,1
7613,0
7614,0
7615,1
7616,1
7617,1
7618,0
7619,1
7620,0
7621,1
7622,0
7623,0
7624,0
7625,1
7626,1
7627,1
7628,0
7629,1
7630,1
7631,0
7632,1
7633,0
7634,1
7635,0
7636,0
7637,1
7638,0
7639,1
7640,0
7641,1
7642,0
7643,0
7644,0
7645,1
7646,1
7647,1
7648,1
7649,1
7650,1
7651,1
7652,1
7653,1
7654,1
7655,0
7656,1
7657,1
7658,1
7659,1
7660,0
7661,1
7662,1
7663,1
7664,1
7665,0
7666,1
7667,0
7668,1
7669,1
7670,1
7671,0
7672,1
7673,1
7674,1
7675,0
7676,0
7677,1
7678,1
7679,1
7680,1
7681,0
7682,1
7683,1
7684,0
7685,1
7686,0
7687,1
7688,1
7689,0
7690,0
7691,1
7692,0
7693,1
7694,0
7695,0
7696,1
7697,1
7698,1
7699,0
7700,1
7701,0
7702,1
7703,1
7704,0
7705,1
7706,1
7707,0
7708,1
7709,1
7710,1
7711,0
7712,1
7713,1
7714,1
7715,1
7716,0
7717,0
7718,1
7719,1
7720,1
7721,1
7722,1
7723,1
7724,1
7725,1
7726,0
7727,1
7728,0
7729,1
7730,0
7731,0
7732,1
7733,1
7734,0
7735,1
7736,1
7737,1
7738,0
7739,1
7740,1
7741,0
7742,1
7743,1
7744,1
7745,1
7746,1
7747,0
7748,1
7749,1
7750,0
7751,1
7752,1
7753,0
7754,1
7755,1
7756,1
7757,1
7758,0
7759,0
7760,1
7761,0
7762,1
7763,1
7764,1
7765,0
7766,1
7767,1
7768,1
7769,1
7770,0
7771,1
7772,0
7773,1
7774,0
7775,1
7776,0
7777,1
7778,0
7779,1
7780,0
7781,1
7782,0
7783,1
7784,0
7785,0
7786,1
7787,0
7788,1
7789,1
7790,0
7791,1
7792,1
7793,1
7794,1
7795,1
7796,1
7797,0
7798,0
7799,1
7800,1
7801,1
7802,1
7803,0
7804,1
7805,0
7806,1
7807,1
7808,1
7809,0
7810,0
7811,1
7812,1
7813,0
7814,0
7815,1
7816,1
7817,0
7818,0
7819,1
7820,1
7821,0
7822,0
7823,0
7824,1
7825,0
7826,1
7827,0
7828,0
7829,1
7830,1
7831,1
7832,1
7833,1
7834,1
7835,1
7836,1
7837,1
7838,1
7839,1
7840,1
7841,0
7842,1
7843,0
7844,0
7845,0
7846,0
7847,1
7848,1
7849,1
7850,0
7851,1
7852,1
7853,1
7854,0
7855,1
7856,1
7857,1
7858,1
7859,1
7860,1
7861,1
7862,1
7863,0
7864,1
7865,1
7866,0
7867,1
7868,0
7869,1
7870,1
7871,1
7872,1
7873,1
7874,0
7875,0
7876,0
7877,0
7878,1
7879,1
7880,1
7881,1
7882,1
7883,1
7884,1
7885,1
7886,1
7887,1
7888,1
7889,1
7890,0
7891,1
7892,1
7893,0
7894,0
7895,1
7896,1
7897,1
7898,1
7899,0
7900,1
7901,1
7902,0
7903,0
7904,0
7905,1
7906,1
7907,1
7908,0
7909,1
7910,1
7911,1
7912,1
7913,1
7914,0
7915,1
7916,1
7917,0
7918,1
7919,1
7920,0
7921,1
7922,0
7923,1
7924,0
7925,0
7926,0
7927,1
7928,1
7929,1
7930,1
7931,0
7932,1
7933,1
7934,1
7935,0
7936,1
7937,1
7938,1
7939,0
7940,1
7941,1
7942,1
7943,0
7944,1
7945,0
7946,1
7947,0
7948,1
7949,1
7950,1
7951,0
7952,1
7953,1
7954,1
7955,1
7956,1
7957,1
7958,1
7959,1
7960,1
7961,1
7962,1
7963,0
7964,0
7965,1
7966,1
7967,1
7968,1
7969,0
7970,1
7971,1
7972,1
7973,0
7974,1
7975,1
7976,0
7977,1
7978,1
7979,1
7980,1
7981,1
7982,1
7983,1
7984,1
7985,1
7986,1
7987,1
7988,1
7989,0
7990,0
7991,0
7992,1
7993,0
7994,1
7995,1
7996,0
7997,0
7998,1
7999,1
8000,0
8001,1
8002,1
8003,0
8004,1
8005,0
8006,1
8007,1
8008,1
8009,0
8010,1
8011,1
8012,0
8013,0
8014,1
8015,0
8016,1
8017,0
8018,0
8019,1
8020,0
8021,1
8022,1
8023,1
8024,1
8025,1
8026,1
8027,1
8028,1
8029,1
8030,1
8031,1
8032,0
8033,1
8034,1
8035,0
8036,0
8037,0
8038,1
8039,1
8040,1
8041,0
8042,1
8043,1
8044,0
8045,0
8046,1
8047,1
8048,0
8049,1
8050,1
8051,0
8052,0
8053,1
8054,1
8055,0
8056,1
8057,1
8058,1
8059,1
8060,0
8061,1
8062,0
8063,1
8064,0
8065,1
8066,1
8067,0
8068,1
8069,1
8070,1
8071,1
8072,1
8073,0
8074,1
8075,1
8076,1
8077,1
8078,1
8079,1
8080,1
8081,1
8082,0
8083,1
8084,0
8085,1
8086,0
8087,1
8088,0
8089,1
8090,1
8091,0
8092,1
8093,1
8094,1
8095,1
8096,1
8097,1
8098,0
8099,1
8100,0
8101,1
8102,0
8103,1
8104,1
8105,0
8106,1
8107,1
8108,0
8109,0
8110,1
8111,1
8112,1
8113,1
8114,0
8115,1
8116,1
8117,0
8118,0
8119,1
8120,1
8121,1
8122,0
8123,1
8124,0
8125,1
8126,0
8127,1
8128,0
8129,1
8130,1
8131,1
8132,0
8133,0
8134,0
8135,1
8136,0
8137,1
8138,1
8139,1
8140,1
8141,1
8142,0
8143,0
8144,1
8145,0
8146,0
8147,1
8148,1
8149,1
8150,1
8151,1
8152,1
8153,1
8154,1
8155,0
8156,1
8157,0
8158,1
8159,1
8160,1
8161,1
8162,1
8163,1
8164,0
8165,1
8166,1
8167,1
8168,1
8169,0
8170,0
8171,0
8172,1
8173,1
8174,1
8175,1
8176,1
8177,1
8178,1
8179,0
8180,0
8181,0
8182,0
8183,1
8184,0
8185,1
8186,0
8187,1
8188,1
8189,1
8190,1
8191,0
8192,1
8193,1
8194,1
8195,0
8196,1
8197,1
8198,0
8199,0
8200,1
8201,0
8202,0
8203,0
8204,0
8205,1
8206,1
8207,1
8208,1
8209,0
8210,0
8211,1
8212,1
8213,1
8214,1
8215,0
8216,1
8217,1
8218,0
8219,1
8220,1
8221,1
8222,1
8223,0
8224,1
8225,1
8226,1
8227,1
8228,1
8229,0
8230,0
8231,0
8232,0
8233,1
8234,1
8235,0
8236,0
8237,0
8238,0
8239,1
8240,1
8241,1
8242,1
8243,0
8244,0
8245,0
8246,0
8247,1
8248,1
8249,0
8250,0
8251,1
8252,1
8253,1
8254,1
8255,1
8256,1
8257,1
8258,1
8259,0
8260,1
8261,0
8262,0
8263,0
8264,1
8265,1
8266,1
8267,0
8268,0
8269,1
8270,1
8271,1
8272,1
8273,0
8274,1
8275,1
8276,1
8277,1
8278,1
8279,1
8280,1
8281,0
8282,0
8283,0
8284,1
8285,1
8286,1
8287,0
8288,0
8289,0
8290,1
8291,1
8292,0
8293,0
8294,1
8295,1
8296,1
8297,1
8298,1
8299,1
8300,1
8301,0
8302,1
8303,1
8304,1
8305,1
8306,1
8307,0
8308,1
8309,0
8310,1
8311,1
8312,1
8313,1
8314,1
8315,1
8316,0
8317,1
8318,1
8319,1
8320,1
8321,1
8322,1
8323,0
8324,1
8325,0
8326,0
8327,1
8328,1
8329,1
8330,0
8331,0
8332,0
8333,0
8334,1
8335,1
8336,0
8337,1
8338,1
8339,1
8340,1
8341,1
8342,1
8343,1
8344,0
8345,1
8346,1
8347,1
8348,0
8349,1
8350,1
8351,0
8352,1
8353,0
8354,1
8355,1
8356,1
8357,1
8358,1
8359,1
8360,1
8361,0
8362,1
8363,0
8364,1
8365,1
8366,0
8367,1
8368,0
8369,0
8370,0
8371,0
8372,1
8373,0
8374,0
8375,1
8376,0
8377,1
8378,1
8379,0
8380,1
8381,0
8382,1
8383,0
8384,1
8385,0
8386,1
8387,1
8388,1
8389,1
8390,1
8391,1
8392,1
8393,1
8394,1
8395,0
8396,1
8397,0
8398,1
8399,0
8400,0
8401,1
8402,0
8403,1
8404,1
8405,1
8406,1
8407,1
8408,1
8409,0
8410,1
8411,1
8412,0
8413,0
8414,0
8415,1
8416,1
8417,1
8418,1
8419,1
8420,1
8421,1
8422,1
8423,1
8424,1
8425,1
8426,1
8427,0
8428,1
8429,0
8430,1
8431,0
8432,1
8433,0
8434,1
8435,1
8436,1
8437,1
8438,0
8439,0
8440,1
8441,0
8442,1
8443,0
8444,1
8445,1
8446,1
8447,1
8448,1
8449,0
8450,1
8451,1
8452,1
8453,0
8454,1
8455,0
8456,1
8457,1
8458,1
8459,1
8460,1
8461,1
8462,1
8463,0
8464,1
8465,1
8466,1
8467,0
8468,0
8469,1
8470,1
8471,1
8472,0
8473,0
8474,1
8475,1
8476,0
8477,1
8478,1
8479,0
8480,1
8481,1
8482,0
8483,1
8484,1
8485,1
8486,1
8487,1
8488,1
8489,0
8490,0
8491,0
8492,1
8493,1
8494,0
8495,0
8496,0
8497,0
8498,0
8499,0
8500,0
8501,0
8502,0
8503,1
8504,0
8505,0
8506,1
8507,1
8508,0
8509,1
8510,1
8511,1
8512,0
8513,1
8514,1
8515,1
8516,1
8517,0
8518,1
8519,1
8520,1
8521,0
8522,0
8523,1
8524,0
8525,0
8526,0
8527,1
8528,0
8529,0
8530,1
8531,0
8532,1
8533,0
8534,0
8535,0
8536,1
8537,1
8538,0
8539,0
8540,1
8541,1
8542,0
8543,1
8544,1
8545,1
8546,1
8547,0
8548,0
8549,1
8550,1
8551,1
8552,1
8553,1
8554,1
8555,1
8556,1
8557,1
8558,1
8559,1
8560,1
8561,0
8562,1
8563,1
8564,1
8565,1
8566,1
8567,0
8568,1
8569,0
8570,1
8571,0
8572,1
8573,1
8574,0
8575,1
8576,1
8577,1
8578,1
8579,0
8580,1
8581,0
8582,1
8583,0
8584,0
8585,1
8586,1
8587,0
8588,1
8589,1
8590,1
8591,0
8592,1
8593,1
8594,1
8595,1
8596,1
8597,0
8598,0
8599,1
8600,1
8601,1
8602,1
8603,1
8604,0
8605,0
8606,0
8607,0
8608,1
8609,0
8610,1
8611,0
8612,0
8613,1
8614,0
8615,0
8616,1
8617,0
8618,1
8619,1
8620,1
8621,0
8622,1
8623,1
8624,0
8625,0
8626,0
8627,0
8628,1
8629,1
8630,1
8631,0
8632,1
8633,0
8634,0
8635,1
8636,1
8637,0
8638,1
8639,0
8640,1
8641,1
8642,0
8643,1
8644,0
8645,1
8646,1
8647,1
8648,1
8649,1
8650,0
8651,0
8652,1
8653,0
8654,0
8655,1
8656,1
8657,1
8658,1
8659,1
8660,0
8661,0
8662,1
8663,1
8664,1
8665,1
8666,1
8667,0
8668,0
8669,1
8670,1
8671,1
8672,1
8673,1
8674,0
8675,0
8676,1
8677,0
8678,1
8679,0
8680,1
8681,1
8682,0
8683,1
8684,1
8685,0
8686,0
8687,0
8688,0
8689,1
8690,1
8691,1
8692,1
8693,1
8694,1
8695,0
8696,1
8697,1
8698,0
8699,0
8700,0
8701,1
8702,0
8703,1
8704,1
8705,0
8706,1
8707,1
8708,1
8709,0
8710,1
8711,0
8712,0
8713,0
8714,1
8715,1
8716,1
8717,1
8718,1
8719,0
8720,1
8721,0
8722,1
8723,1
8724,1
8725,0
8726,1
8727,1
8728,1
8729,0
8730,1
8731,1
8732,1
8733,1
8734,1
8735,0
8736,0
8737,1
8738,1
8739,0
8740,0
8741,1
8742,1
8743,0
8744,0
8745,1
8746,1
8747,1
8748,0
8749,0
8750,0
8751,1
8752,1
8753,0
8754,1
8755,1
8756,1
8757,1
8758,0
8759,0
8760,0
8761,0
8762,1
8763,0
8764,1
8765,0
8766,1
8767,0
8768,1
8769,1
8770,0
8771,1
8772,0
8773,0
8774,0
8775,1
8776,1
8777,1
8778,0
8779,1
8780,0
8781,1
8782,1
8783,0
8784,1
8785,0
8786,1
8787,1
8788,0
8789,0
8790,0
8791,1
8792,1
8793,0
8794,1
8795,0
8796,0
8797,1
8798,0
8799,1
8800,1
8801,0
8802,1
8803,0
8804,0
8805,1
8806,0
8807,1
8808,0
8809,0
8810,0
8811,1
8812,1
8813,1
8814,1
8815,0
8816,0
8817,1
8818,1
8819,1
8820,0
8821,0
8822,1
8823,0
8824,1
8825,1
8826,0
8827,0
8828,1
8829,1
8830,0
8831,1
8832,0
8833,1
8834,1
8835,1
8836,1
8837,0
8838,0
8839,0
8840,1
8841,1
8842,1
8843,1
8844,1
8845,1
8846,1
8847,0
8848,1
8849,1
8850,1
8851,1
8852,1
8853,0
8854,1
8855,1
8856,0
8857,0
8858,0
8859,0
8860,0
8861,1
8862,0
8863,1
8864,1
8865,0
8866,0
8867,1
8868,1
8869,0
8870,1
8871,1
8872,1
8873,1
8874,1
8875,1
8876,1
8877,0
8878,1
8879,1
8880,1
8881,1
8882,1
8883,1
8884,1
8885,1
8886,0
8887,0
8888,1
8889,0
8890,0
8891,1
8892,1
8893,1
8894,0
8895,0
8896,1
8897,1
8898,1
8899,0
8900,1
8901,1
8902,0
8903,1
8904,1
8905,1
8906,1
8907,1
8908,0
8909,0
8910,1
8911,1
8912,0
8913,1
8914,1
8915,1
8916,0
8917,0
8918,1
8919,1
8920,0
8921,0
8922,1
8923,1
8924,1
8925,1
8926,0
8927,0
8928,1
8929,1
8930,0
8931,1
8932,1
8933,1
8934,0
8935,1
8936,1
8937,1
8938,1
8939,0
8940,1
8941,1
8942,1
8943,1
8944,1
8945,1
8946,1
8947,0
8948,1
8949,0
8950,1
8951,0
8952,1
8953,1
8954,1
8955,0
8956,1
8957,1
8958,1
8959,1
8960,1
8961,1
8962,1
8963,0
8964,0
8965,1
8966,0
8967,0
8968,0
8969,1
8970,0
8971,0
8972,0
8973,1
8974,1
8975,0
8976,1
8977,1
8978,1
8979,0
8980,0
8981,0
8982,1
8983,0
8984,1
8985,1
8986,0
8987,1
8988,1
8989,1
8990,0
8991,1
8992,1
8993,1
8994,0
8995,0
8996,1
8997,1
8998,1
8999,1
9000,0
9001,0
9002,0
9003,1
9004,0
9005,0
9006,1
9007,1
9008,1
9009,1
9010,1
9011,1
9012,1
9013,1
9014,0
9015,1
9016,0
9017,1
9018,0
9019,1
9020,1
9021,0
9022,1
9023,1
9024,0
9025,0
9026,1
9027,0
9028,0
9029,1
9030,1
9031,1
9032,1
9033,0
9034,1
9035,1
9036,1
9037,1
9038,1
9039,0
9040,0
9041,1
9042,1
9043,0
9044,0
9045,1
9046,1
9047,0
9048,0
9049,1
9050,0
9051,1
9052,0
9053,0
9054,1
9055,1
9056,1
9057,0
9058,1
9059,0
9060,1
9061,1
9062,1
9063,1
9064,0
9065,0
9066,1
9067,1
9068,1
9069,1
9070,1
9071,1
9072,1
9073,1
9074,0
9075,1
9076,0
9077,0
9078,1
9079,1
9080,1
9081,1
9082,1
9083,1
9084,1
9085,0
9086,1
9087,1
9088,0
9089,1
9090,1
9091,1
9092,1
9093,0
9094,1
9095,1
9096,1
9097,1
9098,1
9099,0
9100,0
9101,1
9102,1
9103,0
9104,1
9105,1
9106,0
9107,1
9108,1
9109,0
9110,1
9111,0
9112,1
9113,1
9114,1
9115,1
9116,1
9117,1
9118,0
9119,1
9120,1
9121,1
9122,0
9123,1
9124,0
9125,0
9126,1
9127,1
9128,0
9129,1
9130,1
9131,1
9132,1
9133,1
9134,1
9135,1
9136,1
9137,1
9138,0
9139,1
9140,0
9141,0
9142,0
9143,1
9144,0
9145,0
9146,0
9147,0
9148,0
9149,0
9150,1
9151,1
9152,0
9153,1
9154,1
9155,1
9156,0
9157,1
9158,0
9159,0
9160,0
9161,1
9162,1
9163,0
9164,0
9165,1
9166,0
9167,1
9168,0
9169,1
9170,1
9171,1
9172,1
9173,1
9174,1
9175,1
9176,1
9177,1
9178,1
9179,1
9180,1
9181,1
9182,0
9183,0
9184,0
9185,1
9186,0
9187,1
9188,0
9189,0
9190,0
9191,1
9192,1
9193,1
9194,1
9195,1
9196,0
9197,1
9198,0
9199,1
9200,1
9201,0
9202,0
9203,1
9204,1
9205,0
9206,1
9207,0
9208,0
9209,1
9210,1
9211,0
9212,0
9213,1
9214,0
9215,0
9216,0
9217,1
9218,0
9219,0
9220,1
9221,0
9222,0
9223,0
9224,1
9225,1
9226,1
9227,1
9228,0
9229,1
9230,0
9231,1
9232,1
9233,1
9234,1
9235,0
9236,1
9237,1
9238,1
9239,0
9240,0
9241,0
9242,1
9243,0
9244,1
9245,1
9246,0
9247,1
9248,0
9249,1
9250,0
9251,1
9252,1
9253,1
9254,1
9255,1
9256,1
9257,1
9258,0
9259,0
9260,0
9261,1
9262,1
9263,1
9264,0
9265,0
9266,1
9267,1
9268,0
9269,0
9270,1
9271,0
9272,1
9273,1
9274,1
9275,1
9276,0
9277,1
9278,0
9279,0
9280,1
9281,0
9282,1
9283,1
9284,1
9285,0
9286,0
9287,0
9288,0
9289,0
9290,0
9291,1
9292,1
9293,1
9294,1
9295,1
9296,0
9297,0
9298,0
9299,1
9300,1
9301,0
9302,1
9303,1
9304,1
9305,0
9306,1
9307,0
9308,0
9309,1
9310,1
9311,1
9312,0
9313,1
9314,1
9315,1
9316,0
9317,1
9318,0
9319,1
9320,1
9321,1
9322,0
9323,0
9324,1
9325,1
9326,1
9327,1
9328,1
9329,1
9330,0
9331,1
9332,1
9333,0
9334,1
9335,0
9336,1
9337,1
9338,1
9339,1
9340,0
9341,0
9342,1
9343,1
9344,1
9345,1
9346,0
9347,1
9348,0
9349,0
9350,1
9351,0
9352,1
9353,1
9354,0
9355,0
9356,0
9357,1
9358,0
9359,0
9360,1
9361,1
9362,1
9363,0
9364,1
9365,1
9366,0
9367,0
9368,0
9369,0
9370,0
9371,0
9372,0
9373,1
9374,1
9375,1
9376,0
9377,1
9378,1
9379,0
9380,1
9381,1
9382,0
9383,1
9384,0
9385,0
9386,1
9387,0
9388,1
9389,1
9390,0
9391,1
9392,0
9393,1
9394,1
9395,1
9396,1
9397,0
9398,0
9399,1
9400,0
9401,1
9402,1
9403,1
9404,0
9405,1
9406,1
9407,0
9408,1
9409,0
9410,1
9411,0
9412,0
9413,1
9414,1
9415,0
9416,1
9417,1
9418,0
9419,1
9420,1
9421,0
9422,0
9423,1
9424,1
9425,1
9426,0
9427,0
9428,1
9429,0
9430,1
9431,1
9432,1
9433,0
9434,1
9435,1
9436,1
9437,1
9438,1
9439,0
9440,1
9441,0
9442,0
9443,1
9444,0
9445,1
9446,1
9447,1
9448,0
9449,0
9450,0
9451,0
9452,1
9453,1
9454,0
9455,0
9456,0
9457,1
9458,0
9459,0
9460,0
9461,1
9462,0
9463,0
9464,1
9465,1
9466,1
9467,0
9468,0
9469,0
9470,0
9471,1
9472,1
9473,1
9474,1
9475,0
9476,1
9477,0
9478,1
9479,1
9480,1
9481,1
9482,0
9483,0
9484,0
9485,1
9486,0
9487,0
9488,1
9489,1
9490,1
9491,1
9492,0
9493,1
9494,1
9495,1
9496,1
9497,1
9498,1
9499,1
9500,1
9501,1
9502,1
9503,0
9504,1
9505,1
9506,1
9507,1
9508,1
9509,0
9510,1
9511,0
9512,1
9513,1
9514,0
9515,1
9516,1
9517,0
9518,1
9519,0
9520,1
9521,1
9522,0
9523,1
9524,0
9525,0
9526,1
9527,1
9528,1
9529,1
9530,0
9531,0
9532,0
9533,1
9534,1
9535,0
9536,1
9537,1
9538,1
9539,1
9540,1
9541,1
9542,0
9543,1
9544,0
9545,1
9546,1
9547,1
9548,0
9549,1
9550,0
9551,0
9552,1
9553,1
9554,0
9555,0
9556,1
9557,1
9558,0
9559,1
9560,1
9561,1
9562,1
9563,1
9564,0
9565,1
9566,1
9567,0
9568,0
9569,0
9570,0
9571,0
9572,0
9573,1
9574,1
9575,1
9576,1
9577,0
9578,1
9579,1
9580,1
9581,1
9582,1
9583,0
9584,0
9585,1
9586,1
9587,1
9588,0
9589,1
9590,1
9591,1
9592,0
9593,1
9594,1
9595,1
9596,1
9597,1
9598,0
9599,1
9600,1
9601,0
9602,0
9603,1
9604,1
9605,0
9606,0
9607,0
9608,1
9609,0
9610,0
9611,0
9612,1
9613,0
9614,0
9615,1
9616,1
9617,1
9618,0
9619,1
9620,0
9621,1
9622,1
9623,1
9624,1
9625,1
9626,0
9627,0
9628,0
9629,0
9630,1
9631,1
9632,1
9633,1
9634,1
9635,1
9636,1
9637,1
9638,1
9639,1
9640,1
9641,1
9642,1
9643,0
9644,1
9645,1
9646,0
9647,1
9648,0
9649,1
9650,0
9651,0
9652,1
9653,0
9654,1
9655,1
9656,1
9657,1
9658,0
9659,0
9660,1
9661,1
9662,0
9663,1
9664,0
9665,1
9666,1
9667,1
9668,1
9669,1
9670,0
9671,1
9672,0
9673,1
9674,0
9675,0
9676,1
9677,1
9678,1
9679,1
9680,1
9681,0
9682,1
9683,0
9684,1
9685,1
9686,1
9687,1
9688,1
9689,1
9690,1
9691,0
9692,1
9693,1
9694,0
9695,0
9696,1
9697,0
9698,1
9699,1
9700,1
9701,1
9702,0
9703,1
9704,0
9705,0
9706,1
9707,1
9708,1
9709,1
9710,1
9711,1
9712,0
9713,1
9714,0
9715,1
9716,1
9717,1
9718,1
9719,0
9720,1
9721,0
9722,0
9723,1
9724,1
9725,0
9726,0
9727,1
9728,1
9729,1
9730,1
9731,1
9732,0
9733,1
9734,1
9735,1
9736,1
9737,0
9738,0
9739,0
9740,1
9741,1
9742,1
9743,1
9744,1
9745,0
9746,1
9747,1
9748,1
9749,1
9750,1
9751,1
9752,1
9753,1
9754,0
9755,0
9756,1
9757,0
9758,0
9759,0
9760,0
9761,1
9762,1
9763,1
9764,1
9765,0
9766,1
9767,0
9768,1
9769,0
9770,0
9771,1
9772,1
9773,1
9774,1
9775,1
9776,0
9777,0
9778,0
9779,0
9780,1
9781,1
9782,1
9783,1
9784,0
9785,1
9786,1
9787,1
9788,1
9789,0
9790,0
9791,0
9792,0
9793,0
9794,1
9795,0
9796,1
9797,0
9798,1
9799,1
9800,1
9801,0
9802,0
9803,1
9804,0
9805,0
9806,0
9807,0
9808,1
9809,1
9810,0
9811,1
9812,1
9813,0
9814,1
9815,1
9816,1
9817,1
9818,1
9819,0
9820,0
9821,0
9822,1
9823,1
9824,1
9825,1
9826,0
9827,1
9828,1
9829,1
9830,1
9831,0
9832,1
9833,1
9834,0
9835,1
9836,0
9837,1
9838,0
9839,1
9840,1
9841,0
9842,1
9843,1
9844,1
9845,0
9846,0
9847,1
9848,0
9849,1
9850,1
9851,0
9852,0
9853,1
9854,1
9855,1
9856,0
9857,1
9858,1
9859,1
9860,1
9861,1
9862,0
9863,1
9864,0
9865,0
9866,1
9867,1
9868,0
9869,1
9870,1
9871,1
9872,1
9873,0
9874,0
9875,1
9876,1
9877,0
9878,1
9879,1
9880,1
9881,1
9882,1
9883,0
9884,0
9885,1
9886,1
9887,0
9888,0
9889,1
9890,1
9891,1
9892,1
9893,0
9894,1
9895,1
9896,1
9897,1
9898,1
9899,0
9900,1
9901,1
9902,0
9903,1
9904,0
9905,0
9906,1
9907,0
9908,0
9909,1
9910,0
9911,1
9912,1
9913,1
9914,1
9915,1
9916,0
9917,1
9918,1
9919,0
9920,0
9921,0
9922,0
9923,0
9924,1
9925,0
9926,0
9927,0
9928,1
9929,0
9930,0
9931,1
9932,1
9933,0
9934,1
9935,0
9936,0
9937,1
9938,0
9939,1
9940,0
9941,1
9942,1
9943,1
9944,1
9945,1
9946,1
9947,1
9948,1
9949,0
9950,0
9951,0
9952,1
9953,1
9954,1
9955,1
9956,1
9957,0
9958,0
9959,1
9960,1
9961,0
9962,0
9963,1
9964,1
9965,0
9966,0
9967,0
9968,0
9969,1
9970,0
9971,1
9972,0
9973,1
9974,0
9975,1
9976,1
9977,1
9978,1
9979,1
9980,1
9981,1
9982,1
9983,1
9984,1
9985,1
9986,1
9987,0
9988,1
9989,1
9990,1
9991,1
9992,1
9993,1
9994,1
9995,1
9996,1
9997,0
9998,0
9999,1
10000,1
10001,0
10002,1
10003,1
10004,0
10005,1
10006,1
10007,1
10008,0
10009,1
10010,0
10011,1
10012,1
10013,1
10014,1
10015,1
10016,0
10017,1
10018,0
10019,1
10020,1
10021,1
10022,0
10023,1
10024,0
10025,0
10026,1
10027,0
10028,0
10029,1
10030,1
10031,0
10032,1
10033,1
10034,0
10035,1
10036,0
10037,1
10038,0
10039,1
10040,1
10041,0
10042,1
10043,0
10044,0
10045,1
10046,1
10047,0
10048,0
10049,0
10050,0
10051,1
10052,0
10053,0
10054,0
10055,0
10056,1
10057,0
10058,1
10059,1
10060,0
10061,0
10062,0
10063,0
10064,0
10065,1
10066,0
10067,1
10068,1
10069,1
10070,0
10071,0
10072,1
10073,1
10074,0
10075,0
10076,0
10077,0
10078,1
10079,0
10080,0
10081,1
10082,0
10083,1
10084,1
10085,1
10086,0
10087,0
10088,1
10089,1
10090,1
10091,1
10092,0
10093,0
10094,1
10095,0
10096,1
10097,1
10098,0
10099,1
10100,0
10101,1
10102,1
10103,1
10104,1
10105,1
10106,1
10107,1
10108,1
10109,1
10110,0
10111,1
10112,1
10113,0
10114,1
10115,0
10116,1
10117,1
10118,1
10119,0
10120,1
10121,0
10122,1
10123,0
10124,1
10125,0
10126,1
10127,1
10128,1
10129,1
10130,1
10131,1
10132,0
10133,1
10134,0
10135,1
10136,1
10137,0
10138,0
10139,0
10140,0
10141,0
10142,1
10143,1
10144,0
10145,0
10146,1
10147,0
10148,1
10149,0
10150,1
10151,0
10152,0
10153,1
10154,1
10155,0
10156,1
10157,1
10158,0
10159,1
10160,1
10161,0
10162,1
10163,1
10164,1
10165,0
10166,1
10167,1
10168,0
10169,0
10170,0
10171,0
10172,0
10173,0
10174,0
10175,0
10176,0
10177,1
10178,0
10179,1
10180,0
10181,0
10182,0
10183,0
10184,1
10185,1
10186,1
10187,1
10188,0
10189,1
10190,0
10191,1
10192,0
10193,1
10194,1
10195,0
10196,1
10197,1
10198,1
10199,0
10200,0
10201,1
10202,1
10203,1
10204,1
10205,1
10206,0
10207,1
10208,0
10209,0
10210,1
10211,0
10212,1
10213,1
10214,1
10215,0
10216,0
10217,1
10218,0
10219,1
10220,1
10221,1
10222,1
10223,1
10224,0
10225,0
10226,0
10227,1
10228,0
10229,0
10230,1
10231,0
10232,0
10233,0
10234,0
10235,1
10236,0
10237,0
10238,0
10239,1
10240,1
10241,0
10242,0
10243,0
10244,1
10245,1
10246,1
10247,1
10248,1
10249,0
10250,0
10251,1
10252,1
10253,1
10254,1
10255,1
10256,0
10257,1
10258,0
10259,0
10260,1
10261,0
10262,0
10263,0
10264,1
10265,1
10266,0
10267,1
10268,1
10269,1
10270,1
10271,1
10272,1
10273,0
10274,1
10275,1
10276,1
10277,0
10278,1
10279,1
10280,0
10281,1
10282,1
10283,0
10284,1
10285,0
10286,0
10287,0
10288,1
10289,0
10290,1
10291,1
10292,1
10293,0
10294,1
10295,1
10296,1
10297,1
10298,1
10299,0
10300,0
10301,1
10302,1
10303,0
10304,0
10305,1
10306,1
10307,1
10308,0
10309,0
10310,1
10311,1
10312,0
10313,0
10314,1
10315,0
10316,1
10317,1
10318,1
10319,0
10320,1
10321,1
10322,1
10323,1
10324,0
10325,1
10326,1
10327,1
10328,1
10329,1
10330,1
10331,1
10332,0
10333,0
10334,0
10335,0
10336,1
10337,0
10338,1
10339,1
10340,0
10341,0
10342,1
10343,1
10344,0
10345,1
10346,0
10347,0
10348,1
10349,1
10350,0
10351,0
10352,0
10353,0
10354,0
10355,1
10356,1
10357,0
10358,0
10359,1
10360,1
10361,0
10362,1
10363,1
10364,0
10365,0
10366,1
10367,1
10368,0
10369,1
10370,1
10371,0
10372,1
10373,0
10374,1
10375,0
10376,1
10377,1
10378,0
10379,1
10380,1
10381,1
10382,1
10383,1
10384,0
10385,1
10386,1
10387,1
10388,1
10389,0
10390,1
10391,0
10392,1
10393,1
10394,0
10395,1
10396,1
10397,1
10398,1
10399,1
10400,1
10401,1
10402,1
10403,0
10404,0
10405,0
10406,0
10407,1
10408,1
10409,0
10410,1
10411,0
10412,0
10413,1
10414,0
10415,0
10416,1
10417,1
10418,0
10419,1
10420,0
10421,0
10422,1
10423,0
10424,0
10425,1
10426,1
10427,0
10428,0
10429,0
10430,0
10431,0
10432,0
10433,0
10434,1
10435,1
10436,0
10437,0
10438,1
10439,0
10440,0
10441,1
10442,1
10443,1
10444,0
10445,0
10446,1
10447,0
10448,1
10449,1
10450,1
10451,0
10452,1
10453,0
10454,1
10455,1
10456,0
10457,1
10458,1
10459,1
10460,0
10461,1
10462,1
10463,1
10464,1
10465,1
10466,1
10467,1
10468,1
10469,1
10470,0
10471,0
10472,1
10473,1
10474,0
10475,1
10476,1
10477,0
10478,0
10479,1
10480,0
10481,0
10482,1
10483,0
10484,1
10485,1
10486,0
10487,1
10488,0
10489,1
10490,1
10491,1
10492,1
10493,1
10494,0
10495,0
10496,1
10497,1
10498,1
10499,1
10500,0
10501,1
10502,0
10503,0
10504,1
10505,1
10506,1
10507,1
10508,0
10509,1
10510,1
10511,1
10512,1
10513,0
10514,1
10515,1
10516,1
10517,1
10518,0
10519,0
10520,1
10521,0
10522,0
10523,1
10524,0
10525,1
10526,1
10527,1
10528,0
10529,1
10530,1
10531,1
10532,0
10533,1
10534,0
10535,1
10536,1
10537,1
10538,1
10539,1
10540,1
10541,1
10542,0
10543,1
10544,1
10545,0
10546,1
10547,1
10548,1
10549,0
10550,1
10551,0
10552,1
10553,1
10554,0
10555,1
10556,0
10557,1
10558,1
10559,1
10560,0
10561,0
10562,0
10563,0
10564,1
10565,0
10566,1
10567,1
10568,0
10569,1
10570,1
10571,1
10572,0
10573,1
10574,1
10575,1
10576,0
10577,1
10578,1
10579,1
10580,1
10581,1
10582,0
10583,1
10584,1
10585,0
10586,0
10587,0
10588,1
10589,1
10590,1
10591,0
10592,1
10593,1
10594,0
10595,1
10596,1
10597,1
10598,0
10599,1
10600,0
10601,0
10602,1
10603,1
10604,0
10605,0
10606,1
10607,1
10608,1
10609,1
10610,0
10611,1
10612,0
10613,1
10614,1
10615,1
10616,1
10617,0
10618,0
10619,1
10620,0
10621,1
10622,1
10623,1
10624,1
10625,1
10626,1
10627,1
10628,1
10629,0
10630,1
10631,0
10632,1
10633,1
10634,0
10635,0
10636,0
10637,0
10638,1
10639,1
10640,1
10641,1
10642,1
10643,1
10644,1
10645,1
10646,0
10647,0
10648,0
10649,1
10650,1
10651,1
10652,1
10653,1
10654,1
10655,1
10656,1
10657,1
10658,0
10659,1
10660,1
10661,1
10662,1
10663,1
10664,0
10665,1
10666,1
10667,1
10668,1
10669,1
10670,0
10671,1
10672,1
10673,0
10674,1
10675,0
10676,1
10677,0
10678,0
10679,0
10680,1
10681,1
10682,1
10683,1
10684,1
10685,1
10686,1
10687,0
10688,1
10689,0
10690,0
10691,1
10692,0
10693,0
10694,1
10695,1
10696,0
10697,1
10698,0
10699,1
10700,1
10701,0
10702,1
10703,1
10704,1
10705,1
10706,1
10707,1
10708,0
10709,1
10710,1
10711,0
10712,0
10713,1
10714,1
10715,0
10716,1
10717,1
10718,1
10719,1
10720,0
10721,1
10722,1
10723,0
10724,1
10725,1
10726,0
10727,1
10728,0
10729,0
10730,1
10731,1
10732,0
10733,1
10734,1
10735,1
10736,0
10737,0
10738,0
10739,0
10740,1
10741,0
10742,1
10743,1
10744,0
10745,1
10746,1
10747,0
10748,0
10749,1
10750,1
10751,0
10752,1
10753,1
10754,0
10755,1
10756,1
10757,1
10758,1
10759,0
10760,1
10761,0
10762,0
10763,1
10764,1
10765,1
10766,1
10767,1
10768,1
10769,1
10770,0
10771,0
10772,0
10773,0
10774,1
10775,1
10776,1
10777,1
10778,1
10779,0
10780,0
10781,1
10782,1
10783,1
10784,1
10785,1
10786,0
10787,1
10788,1
10789,1
10790,0
10791,0
10792,1
10793,1
10794,0
10795,1
10796,1
10797,0
10798,0
10799,0
10800,0
10801,0
10802,1
10803,1
10804,1
10805,0
10806,0
10807,0
10808,0
10809,1
10810,1
10811,1
10812,1
10813,1
10814,1
10815,0
10816,1
10817,0
10818,1
10819,1
10820,1
10821,1
10822,1
10823,0
10824,1
10825,1
10826,1
10827,1
10828,0
10829,1
10830,1
10831,1
10832,1
10833,1
10834,1
10835,1
10836,0
10837,1
10838,1
10839,1
10840,1
10841,1
10842,1
10843,1
10844,0
10845,1
10846,1
10847,0
10848,0
10849,0
10850,0
10851,1
10852,1
10853,1
10854,0
10855,0
10856,1
10857,0
10858,0
10859,0
10860,1
10861,1
10862,1
10863,1
10864,0
10865,1
10866,0
10867,1
10868,1
10869,0
10870,1
10871,0
10872,1
10873,1
10874,1
10875,1
10876,1
10877,1
10878,1
10879,0
10880,1
10881,1
10882,1
10883,1
10884,1
10885,1
10886,1
10887,1
10888,0
10889,1
10890,0
10891,1
10892,1
10893,1
10894,1
10895,1
10896,1
10897,1
10898,0
10899,0
10900,1
10901,1
10902,1
10903,0
10904,1
10905,0
10906,1
10907,1
10908,0
10909,1
10910,1
10911,1
10912,1
10913,0
10914,1
10915,1
10916,1
10917,1
10918,1
10919,0
10920,0
10921,0
10922,1
10923,0
10924,1
10925,0
10926,1
10927,1
10928,1
10929,1
10930,1
10931,1
10932,1
10933,1
10934,1
10935,1
10936,0
10937,1
10938,1
10939,1
10940,0
10941,0
10942,1
10943,1
10944,1
10945,0
10946,0
10947,1
10948,0
10949,0
10950,1
10951,1
10952,1
10953,1
10954,0
10955,1
10956,0
10957,1
10958,1
10959,0
10960,0
10961,0
10962,0
10963,1
10964,1
10965,0
10966,0
10967,0
10968,1
10969,0
10970,1
10971,1
10972,1
10973,1
10974,1
10975,1
10976,0
10977,1
10978,1
10979,0
10980,0
10981,1
10982,0
10983,1
10984,0
10985,1
10986,1
10987,1
10988,1
10989,1
10990,1
10991,0
10992,0
10993,0
10994,1
10995,1
10996,0
10997,0
10998,0
10999,1
11000,1
11001,1
11002,0
11003,1
11004,1
11005,0
11006,1
11007,1
11008,0
11009,0
11010,0
11011,0
11012,0
11013,1
11014,1
11015,1
11016,0
11017,1
11018,1
11019,0
11020,1
11021,1
11022,1
11023,1
11024,1
11025,1
11026,1
11027,1
11028,1
11029,0
11030,1
11031,0
11032,1
11033,1
11034,0
11035,1
11036,1
11037,1
11038,0
11039,0
11040,0
11041,1
11042,1
11043,1
11044,0
11045,0
11046,0
11047,0
11048,0
11049,0
11050,1
11051,1
11052,1
11053,1
11054,0
11055,1
11056,1
11057,1
11058,1
11059,1
11060,1
11061,0
11062,0
11063,1
11064,0
11065,0
11066,1
11067,0
11068,1
11069,1
11070,1
11071,0
11072,1
11073,0
11074,1
11075,0
11076,0
11077,0
11078,1
11079,1
11080,1
11081,1
11082,1
11083,0
11084,1
11085,0
11086,0
11087,0
11088,0
11089,1
11090,1
11091,0
11092,1
11093,1
11094,1
11095,0
11096,0
11097,1
11098,0
11099,0
11100,1
11101,1
11102,1
11103,1
11104,0
11105,0
11106,0
11107,1
11108,0
11109,0
11110,1
11111,1
11112,1
11113,1
11114,1
11115,1
11116,0
11117,1
11118,1
11119,1
11120,0
11121,1
11122,1
11123,1
11124,1
11125,0
11126,0
11127,1
11128,1
11129,1
11130,0
11131,1
11132,1
11133,1
11134,0
11135,1
11136,1
11137,1
11138,1
11139,0
11140,0
11141,1
11142,0
11143,0
11144,0
11145,1
11146,1
11147,1
11148,0
11149,1
11150,0
11151,1
11152,0
11153,0
11154,1
11155,0
11156,0
11157,1
11158,0
11159,1
11160,1
11161,1
11162,1
11163,1
11164,0
11165,1
11166,0
11167,1
11168,1
11169,0
11170,1
11171,1
11172,1
11173,0
11174,0
11175,1
11176,0
11177,1
11178,1
11179,0
11180,0
11181,1
11182,0
11183,1
11184,1
11185,1
11186,1
11187,1
11188,1
11189,0
11190,1
11191,0
11192,0
11193,1
11194,0
11195,1
11196,1
11197,0
11198,1
11199,1
11200,0
11201,0
11202,0
11203,1
11204,1
11205,1
11206,1
11207,0
11208,1
11209,0
11210,0
11211,1
11212,0
11213,1
11214,1
11215,1
11216,1
11217,1
11218,0
11219,1
11220,1
11221,1
11222,0
11223,1
11224,1
11225,1
11226,1
11227,0
11228,1
11229,0
11230,1
11231,0
11232,0
11233,1
11234,1
11235,1
11236,0
11237,0
11238,0
11239,0
11240,1
11241,0
11242,1
11243,0
11244,1
11245,1
11246,0
11247,1
11248,1
11249,1
11250,1
11251,0
11252,1
11253,0
11254,0
11255,1
11256,1
11257,1
11258,1
11259,1
11260,0
11261,1
11262,0
11263,1
11264,1
11265,1
11266,1
11267,1
11268,0
11269,1
11270,1
11271,1
11272,1
11273,1
11274,1
11275,1
11276,1
11277,1
11278,0
11279,1
11280,0
11281,0
11282,0
11283,0
11284,0
11285,1
11286,0
11287,0
11288,0
11289,1
11290,0
11291,1
11292,1
11293,0
11294,0
11295,1
11296,0
11297,0
11298,0
11299,0
11300,0
11301,1
11302,0
11303,1
11304,1
11305,0
11306,0
11307,1
11308,1
11309,1
11310,1
11311,1
11312,1
11313,1
11314,0
11315,0
11316,1
11317,0
11318,1
11319,1
11320,1
11321,0
11322,0
11323,0
11324,1
11325,0
11326,1
11327,1
11328,0
11329,0
11330,1
11331,1
11332,1
11333,1
11334,1
11335,0
11336,1
11337,1
11338,1
11339,0
11340,1
11341,1
11342,0
11343,1
11344,1
11345,1
11346,0
11347,1
11348,1
11349,1
11350,1
11351,1
11352,0
11353,1
11354,0
11355,1
11356,0
11357,1
11358,0
11359,1
11360,1
11361,1
11362,0
11363,0
11364,0
11365,1
11366,1
11367,0
11368,0
11369,1
11370,1
11371,1
11372,1
11373,1
11374,1
11375,1
11376,0
11377,1
11378,1
11379,1
11380,0
11381,0
11382,1
11383,0
11384,1
11385,0
11386,1
11387,0
11388,1
11389,0
11390,1
11391,1
11392,0
11393,1
11394,0
11395,1
11396,1
11397,1
11398,1
11399,1
11400,1
11401,1
11402,1
11403,1
11404,1
11405,0
11406,1
11407,1
11408,0
11409,0
11410,0
11411,0
11412,0
11413,1
11414,1
11415,1
11416,1
11417,0
11418,1
11419,0
11420,1
11421,1
11422,1
11423,1
11424,1
11425,1
11426,1
11427,0
11428,1
11429,1
11430,1
11431,1
11432,1
11433,1
11434,0
11435,1
11436,1
11437,0
11438,1
11439,0
11440,0
11441,0
11442,1
11443,0
11444,1
11445,1
11446,1
11447,1
11448,1
11449,0
11450,0
11451,1
11452,0
11453,1
11454,1
11455,0
11456,0
11457,1
11458,0
11459,1
11460,1
11461,1
11462,1
11463,1
11464,1
11465,0
11466,1
11467,0
11468,1
11469,0
11470,1
11471,0
11472,1
11473,0
11474,1
11475,1
11476,0
11477,1
11478,1
11479,1
11480,1
11481,1
11482,1
11483,1
11484,1
11485,1
11486,1
11487,1
11488,1
11489,1
11490,0
11491,1
11492,1
11493,0
11494,0
11495,1
11496,1
11497,1
11498,1
11499,0
11500,1
11501,1
11502,1
11503,0
11504,1
11505,1
11506,0
11507,0
11508,1
11509,0
11510,0
11511,0
11512,0
11513,0
11514,1
11515,1
11516,1
11517,1
11518,0
11519,0
11520,1
11521,0
11522,1
11523,1
11524,1
11525,1
11526,1
11527,1
11528,0
11529,1
11530,0
11531,1
11532,1
11533,0
11534,0
11535,0
11536,0
11537,1
11538,0
11539,0
11540,0
11541,1
11542,1
11543,0
11544,0
11545,1
11546,0
11547,1
11548,1
11549,1
11550,1
11551,0
11552,0
11553,0
11554,0
11555,0
11556,1
11557,0
11558,1
11559,1
11560,1
11561,1
11562,1
11563,1
11564,1
11565,1
11566,0
11567,0
11568,0
11569,0
11570,1
11571,0
11572,0
11573,1
11574,1
11575,0
11576,1
11577,0
11578,1
11579,1
11580,1
11581,0
11582,1
11583,1
11584,1
11585,0
11586,1
11587,1
11588,0
11589,1
11590,1
11591,0
11592,0
11593,0
11594,1
11595,0
11596,0
11597,1
11598,0
11599,1
11600,1
11601,1
11602,0
11603,1
11604,1
11605,0
11606,0
11607,0
11608,1
11609,1
11610,1
11611,0
11612,1
11613,1
11614,1
11615,1
11616,0
11617,1
11618,1
11619,1
11620,1
11621,1
11622,0
11623,1
11624,0
11625,1
11626,1
11627,0
11628,1
11629,0
11630,0
11631,1
11632,0
11633,0
11634,0
11635,1
11636,1
11637,1
11638,0
11639,1
11640,1
11641,0
11642,1
11643,1
11644,1
11645,1
11646,1
11647,1
11648,1
11649,1
11650,0
11651,0
11652,1
11653,1
11654,1
11655,1
11656,0
11657,1
11658,1
11659,1
11660,1
11661,0
11662,1
11663,1
11664,1
11665,1
11666,1
11667,1
11668,1
11669,1
11670,1
11671,1
11672,1
11673,1
11674,0
11675,1
11676,1
11677,1
11678,1
11679,0
11680,1
11681,1
11682,0
11683,1
11684,0
11685,1
11686,1
11687,0
11688,1
11689,0
11690,1
11691,1
11692,0
11693,1
11694,1
11695,1
11696,1
11697,1
11698,1
11699,1
11700,1
11701,0
11702,0
11703,0
11704,1
11705,1
11706,1
11707,1
11708,0
11709,1
11710,0
11711,0
11712,1
11713,1
11714,1
11715,0
11716,0
11717,0
11718,1
11719,0
11720,1
11721,1
11722,0
11723,1
11724,1
11725,1
11726,1
11727,0
11728,0
11729,1
11730,0
11731,1
11732,1
11733,1
11734,1
11735,1
11736,0
11737,1
11738,1
11739,0
11740,0
11741,1
11742,1
11743,1
11744,0
11745,1
11746,0
11747,1
11748,0
11749,1
11750,1
11751,0
11752,1
11753,1
11754,1
11755,1
11756,1
11757,0
11758,0
11759,1
11760,0
11761,1
11762,1
11763,1
11764,1
11765,0
11766,1
11767,1
11768,1
11769,1
11770,1
11771,1
11772,0
11773,1
11774,1
11775,1
11776,1
11777,0
11778,0
11779,0
11780,1
11781,0
11782,1
11783,1
11784,0
11785,1
11786,1
11787,1
11788,1
11789,1
11790,1
11791,0
11792,1
11793,0
11794,1
11795,0
11796,1
11797,0
11798,0
11799,0
11800,1
11801,0
11802,1
11803,1
11804,1
11805,1
11806,1
11807,1
11808,0
11809,0
11810,1
11811,0
11812,0
11813,0
11814,1
11815,1
11816,0
11817,0
11818,0
11819,1
11820,1
11821,1
11822,1
11823,0
11824,1
11825,0
11826,1
11827,1
11828,0
11829,1
11830,0
11831,1
11832,0
11833,0
11834,1
11835,1
11836,1
11837,1
11838,0
11839,1
11840,1
11841,0
11842,1
11843,1
11844,0
11845,0
11846,0
11847,0
11848,0
11849,1
11850,1
11851,1
11852,1
11853,0
11854,1
11855,0
11856,0
11857,1
11858,1
11859,1
11860,0
11861,1
11862,1
11863,0
11864,1
11865,1
11866,1
11867,1
11868,0
11869,1
11870,0
11871,0
11872,0
11873,1
11874,1
11875,1
11876,1
11877,1
11878,1
11879,0
11880,1
11881,1
11882,1
11883,0
11884,1
11885,1
11886,1
11887,0
11888,0
11889,0
11890,1
11891,0
11892,0
11893,1
11894,1
11895,1
11896,1
11897,0
11898,1
11899,1
11900,1
11901,1
11902,1
11903,0
11904,1
11905,0
11906,1
11907,1
11908,0
11909,0
11910,0
11911,1
11912,1
11913,1
11914,0
11915,1
11916,1
11917,1
11918,1
11919,1
11920,0
11921,1
11922,1
11923,1
11924,1
11925,0
11926,0
11927,1
11928,1
11929,1
11930,1
11931,0
11932,1
11933,0
11934,0
11935,1
11936,1
11937,1
11938,1
11939,0
11940,1
11941,0
11942,1
11943,0
11944,1
11945,1
11946,0
11947,0
11948,1
11949,1
11950,1
11951,1
11952,1
11953,1
11954,0
11955,1
11956,0
11957,1
11958,0
11959,0
11960,1
11961,1
11962,0
11963,1
11964,1
11965,1
11966,0
11967,1
11968,0
11969,0
11970,1
11971,0
11972,1
11973,0
11974,1
11975,1
11976,1
11977,1
11978,1
11979,1
11980,0
11981,1
11982,1
11983,0
11984,1
11985,0
11986,0
11987,1
11988,1
11989,1
11990,0
11991,1
11992,0
11993,0
11994,1
11995,1
11996,1
11997,1
11998,1
11999,0
12000,1
12001,1
12002,1
12003,0
12004,1
12005,1
12006,1
12007,0
12008,0
12009,1
12010,0
12011,1
12012,1
12013,1
12014,0
12015,0
12016,0
12017,1
12018,1
12019,1
12020,0
12021,0
12022,0
12023,1
12024,1
12025,0
12026,0
12027,0
12028,1
12029,1
12030,1
12031,1
12032,0
12033,0
12034,0
12035,1
12036,1
12037,0
12038,0
12039,1
12040,1
12041,1
12042,0
12043,0
12044,0
12045,1
12046,1
12047,1
12048,1
12049,0
12050,0
12051,0
12052,0
12053,1
12054,1
12055,0
12056,1
12057,0
12058,1
12059,1
12060,0
12061,0
12062,1
12063,1
12064,1
12065,1
12066,1
12067,0
12068,1
12069,0
12070,1
12071,0
12072,1
12073,1
12074,1
12075,1
12076,1
12077,1
12078,1
12079,1
12080,1
12081,0
12082,1
12083,1
12084,0
12085,0
12086,1
12087,1
12088,0
12089,0
12090,1
12091,0
12092,0
12093,1
12094,0
12095,1
12096,1
12097,1
12098,0
12099,1
12100,1
12101,0
12102,0
12103,1
12104,1
12105,1
12106,0
12107,1
12108,1
12109,1
12110,0
12111,0
12112,1
12113,0
12114,1
12115,1
12116,0
12117,1
12118,0
12119,0
12120,0
12121,1
12122,1
12123,0
12124,1
12125,1
12126,1
12127,1
12128,1
12129,0
12130,0
12131,1
12132,0
12133,0
12134,1
12135,1
12136,0
12137,1
12138,0
12139,1
12140,1
12141,0
12142,1
12143,0
12144,1
12145,1
12146,1
12147,1
12148,0
12149,1
12150,0
12151,0
12152,1
12153,1
12154,1
12155,1
12156,1
12157,1
12158,0
12159,0
12160,0
12161,0
12162,0
12163,1
12164,1
12165,1
12166,0
12167,0
12168,1
12169,1
12170,1
12171,0
12172,1
12173,1
12174,0
12175,1
12176,1
12177,1
12178,1
12179,0
12180,1
12181,1
12182,1
12183,1
12184,1
12185,1
12186,1
12187,0
12188,0
12189,1
12190,0
12191,1
12192,1
12193,1
12194,1
12195,1
12196,1
12197,1
12198,1
12199,1
12200,1
12201,1
12202,1
12203,1
12204,0
12205,1
12206,1
12207,1
12208,1
12209,1
12210,1
12211,1
12212,0
12213,1
12214,1
12215,0
12216,0
12217,0
12218,0
12219,0
12220,1
12221,1
12222,1
12223,1
12224,0
12225,1
12226,1
12227,0
12228,0
12229,1
12230,1
12231,1
12232,0
12233,1
12234,1
12235,0
12236,0
12237,0
12238,1
12239,1
12240,0
12241,0
12242,1
12243,0
12244,1
12245,0
12246,1
12247,1
12248,1
12249,1
12250,1
12251,1
12252,0
12253,1
12254,1
12255,0
12256,0
12257,1
12258,0
12259,1
12260,0
12261,1
12262,1
12263,1
12264,1
12265,1
12266,1
12267,0
12268,1
12269,0
12270,1
12271,0
12272,1
12273,1
12274,0
12275,1
12276,1
12277,0
12278,1
12279,1
12280,0
12281,1
12282,0
12283,1
12284,1
12285,1
12286,0
12287,1
12288,0
12289,1
12290,1
12291,0
12292,0
12293,1
12294,1
12295,1
12296,1
12297,1
12298,1
12299,1
12300,0
12301,0
12302,1
12303,0
12304,1
12305,0
12306,1
12307,0
12308,0
12309,0
12310,1
12311,1
12312,1
12313,1
12314,1
12315,1
12316,0
12317,1
12318,1
12319,0
12320,1
12321,0
12322,1
12323,1
12324,1
12325,1
12326,1
12327,1
12328,0
12329,0
12330,1
12331,0
12332,1
12333,1
12334,1
12335,0
12336,1
12337,1
12338,1
12339,0
12340,1
12341,1
12342,1
12343,1
12344,1
12345,1
12346,1
12347,0
12348,0
12349,1
12350,1
12351,0
12352,1
12353,1
12354,1
12355,0
12356,1
12357,1
12358,0
12359,1
12360,0
12361,1
12362,1
12363,1
12364,1
12365,1
12366,1
12367,0
12368,0
12369,1
12370,1
12371,1
12372,1
12373,0
12374,0
12375,1
12376,1
12377,1
12378,0
12379,0
12380,1
12381,1
12382,1
12383,1
12384,1
12385,1
12386,1
12387,1
12388,0
12389,1
12390,1
12391,1
12392,1
12393,0
12394,0
12395,1
12396,1
12397,1
12398,1
12399,1
12400,1
12401,1
12402,0
12403,1
12404,1
12405,1
12406,1
12407,1
12408,1
12409,1
12410,1
12411,1
12412,0
12413,1
12414,1
12415,0
12416,1
12417,1
12418,1
12419,1
12420,1
12421,1
12422,0
12423,0
12424,1
12425,1
12426,1
12427,1
12428,1
12429,1
12430,0
12431,1
12432,0
12433,0
12434,1
12435,1
12436,0
12437,1
12438,0
12439,1
12440,1
12441,1
12442,1
12443,1
12444,1
12445,1
12446,1
12447,0
12448,0
12449,1
12450,1
12451,1
12452,0
12453,0
12454,0
12455,1
12456,0
12457,0
12458,1
12459,1
12460,1
12461,1
12462,1
12463,1
12464,0
12465,0
12466,0
12467,1
12468,1
12469,1
12470,0
12471,0
12472,1
12473,0
12474,0
12475,1
12476,1
12477,1
12478,0
12479,0
12480,0
12481,1
12482,0
12483,0
12484,0
12485,1
12486,0
12487,1
12488,1
12489,1
12490,1
12491,1
12492,1
12493,0
12494,1
12495,0
12496,1
12497,1
12498,1
12499,0
12500,0
12501,0
12502,1
12503,0
12504,0
12505,1
12506,0
12507,1
12508,0
12509,0
12510,0
12511,0
12512,1
12513,0
12514,1
12515,1
12516,1
12517,1
12518,1
12519,1
12520,1
12521,0
12522,0
12523,1
12524,1
12525,1
12526,1
12527,1
12528,1
12529,1
12530,0
12531,1
12532,1
12533,1
12534,0
12535,1
12536,1
12537,0
12538,1
12539,1
12540,0
12541,1
12542,1
12543,1
12544,0
12545,0
12546,0
12547,1
12548,1
12549,0
12550,1
12551,0
12552,0
12553,1
12554,1
12555,1
12556,1
12557,0
12558,1
12559,0
12560,1
12561,1
12562,1
12563,0
12564,1
12565,1
12566,0
12567,1
12568,0
12569,0
12570,0
12571,1
12572,0
12573,0
12574,1
12575,1
12576,1
12577,1
12578,1
12579,0
12580,1
12581,1
12582,1
12583,1
12584,1
12585,1
12586,0
12587,1
12588,1
12589,0
12590,1
12591,1
12592,1
12593,0
12594,1
12595,0
12596,0
12597,0
12598,0
12599,1
12600,1
12601,1
12602,1
12603,0
12604,0
12605,0
12606,1
12607,1
12608,1
12609,1
12610,1
12611,1
12612,1
12613,1
12614,1
12615,1
12616,1
12617,1
12618,1
12619,1
12620,1
12621,1
12622,1
12623,0
12624,1
12625,1
12626,0
12627,1
12628,0
12629,1
12630,0
12631,0
12632,1
12633,1
12634,1
12635,1
12636,0
12637,1
12638,1
12639,1
12640,1
12641,1
12642,0
12643,0
12644,1
12645,1
12646,1
12647,1
12648,0
12649,0
12650,1
12651,1
12652,1
12653,0
12654,1
12655,1
12656,1
12657,0
12658,0
12659,1
12660,0
12661,1
12662,1
12663,1
12664,0
12665,0
12666,1
12667,1
12668,1
12669,1
12670,1
12671,1
12672,0
12673,0
12674,1
12675,0
12676,0
12677,1
12678,1
12679,1
12680,1
12681,1
12682,1
12683,1
12684,1
12685,1
12686,0
12687,1
12688,1
12689,1
12690,1
12691,0
12692,0
12693,1
12694,1
12695,1
12696,1
12697,1
12698,1
12699,0
12700,1
12701,1
12702,1
12703,1
12704,0
12705,0
12706,1
12707,1
12708,0
12709,0
12710,1
12711,0
12712,1
12713,1
12714,1
12715,1
12716,1
12717,0
12718,1
12719,1
12720,1
12721,1
12722,1
12723,1
12724,1
12725,1
12726,0
12727,1
12728,1
12729,0
12730,1
12731,0
12732,1
12733,1
12734,1
12735,1
12736,0
12737,0
12738,1
12739,1
12740,0
12741,0
12742,0
12743,1
12744,1
12745,1
12746,1
12747,1
12748,0
12749,0
12750,1
12751,1
12752,0
12753,1
12754,1
12755,0
12756,1
12757,1
12758,0
12759,1
12760,1
12761,1
12762,0
12763,0
12764,1
12765,0
12766,1
12767,1
12768,1
12769,0
12770,1
12771,0
12772,1
12773,1
12774,0
12775,0
12776,1
12777,1
12778,0
12779,0
12780,0
12781,1
12782,1
12783,1
12784,1
12785,0
12786,1
12787,1
12788,0
12789,1
12790,1
12791,1
12792,1
12793,0
12794,1
12795,1
12796,0
12797,1
12798,1
12799,1
12800,1
12801,0
12802,1
12803,1
12804,1
12805,1
12806,1
12807,1
12808,1
12809,0
12810,1
12811,1
12812,1
12813,1
12814,0
12815,1
12816,1
12817,0
12818,0
12819,1
12820,1
12821,1
12822,0
12823,1
12824,1
12825,1
12826,1
12827,1
12828,1
12829,1
12830,0
12831,1
12832,1
12833,0
12834,1
12835,0
12836,1
12837,1
12838,1
12839,1
12840,0
12841,0
12842,0
12843,1
12844,1
12845,0
12846,1
12847,0
12848,0
12849,1
12850,1
12851,0
12852,0
12853,1
12854,1
12855,1
12856,1
12857,0
12858,0
12859,1
12860,0
12861,1
12862,1
12863,1
12864,1
12865,1
12866,1
12867,0
12868,1
12869,1
12870,0
12871,1
12872,0
12873,1
12874,1
12875,0
12876,1
12877,0
12878,1
12879,1
12880,1
12881,1
12882,1
12883,1
12884,1
12885,1
12886,1
12887,1
12888,1
12889,1
12890,0
12891,1
12892,1
12893,1
12894,1
12895,0
12896,0
12897,0
12898,1
12899,1
12900,1
12901,0
12902,1
12903,1
12904,0
12905,1
12906,1
12907,1
12908,1
12909,0
12910,1
12911,0
12912,0
12913,1
12914,1
12915,0
12916,1
12917,1
12918,1
12919,1
12920,1
12921,0
12922,1
12923,0
12924,1
12925,1
12926,0
12927,0
12928,0
12929,0
12930,1
12931,0
12932,1
12933,1
12934,1
12935,0
12936,0
12937,1
12938,1
12939,1
12940,1
12941,0
12942,1
12943,0
12944,1
12945,1
12946,0
12947,0
12948,1
12949,1
12950,1
12951,1
12952,1
12953,1
12954,0
12955,1
12956,0
12957,1
12958,1
12959,1
12960,0
12961,0
12962,1
12963,1
12964,1
12965,1
12966,1
12967,1
12968,0
12969,1
12970,1
12971,0
12972,1
12973,0
12974,1
12975,0
12976,1
12977,1
12978,1
12979,1
12980,1
12981,1
12982,0
12983,0
12984,1
12985,1
12986,0
12987,1
12988,1
12989,1
12990,1
12991,1
12992,1
12993,1
12994,0
12995,0
12996,1
12997,0
12998,0
12999,1
13000,1
13001,0
13002,1
13003,0
13004,1
13005,0
13006,0
13007,1
13008,1
13009,1
13010,1
13011,1
13012,1
13013,1
13014,1
13015,0
13016,0
13017,1
13018,1
13019,1
13020,1
13021,1
13022,1
13023,1
13024,1
13025,1
13026,1
13027,1
13028,1
13029,0
13030,1
13031,1
13032,0
13033,1
13034,1
13035,1
13036,0
13037,0
13038,0
13039,1
13040,0
13041,1
13042,1
13043,0
13044,0
13045,1
13046,0
13047,0
13048,1
13049,1
13050,1
13051,1
13052,0
13053,1
13054,1
13055,1
13056,1
13057,1
13058,0
13059,0
13060,0
13061,1
13062,1
13063,0
13064,1
13065,1
13066,1
13067,1
13068,0
13069,1
13070,1
13071,1
13072,1
13073,1
13074,0
13075,1
13076,1
13077,1
13078,0
13079,0
13080,0
13081,1
13082,1
13083,1
13084,0
13085,1
13086,1
13087,1
13088,1
13089,1
13090,1
13091,1
13092,1
13093,1
13094,1
13095,1
13096,1
13097,0
13098,0
13099,1
13100,0
13101,1
13102,0
13103,0
13104,1
13105,1
13106,1
13107,0
13108,0
13109,0
13110,1
13111,0
13112,0
13113,1
13114,0
13115,0
13116,1
13117,0
13118,1
13119,0
13120,1
13121,1
13122,1
13123,0
13124,1
13125,1
13126,0
13127,0
13128,1
13129,0
13130,0
13131,1
13132,0
13133,1
13134,0
13135,1
13136,1
13137,1
13138,1
13139,1
13140,1
13141,0
13142,0
13143,1
13144,1
13145,1
13146,0
13147,1
13148,1
13149,0
13150,1
13151,1
13152,1
13153,1
13154,1
13155,0
13156,0
13157,1
13158,1
13159,1
13160,1
13161,1
13162,1
13163,1
13164,0
13165,1
13166,1
13167,0
13168,0
13169,1
13170,1
13171,1
13172,1
13173,1
13174,0
13175,0
13176,1
13177,1
13178,0
13179,0
13180,1
13181,1
13182,1
13183,1
13184,1
13185,1
13186,0
13187,0
13188,1
13189,0
13190,0
13191,1
13192,1
13193,0
13194,1
13195,0
13196,1
13197,1
13198,1
13199,1
13200,1
13201,0
13202,1
13203,1
13204,1
13205,0
13206,1
13207,0
13208,1
13209,0
13210,1
13211,1
13212,1
13213,1
13214,0
13215,0
13216,1
13217,1
13218,1
13219,1
13220,0
13221,0
13222,1
13223,0
13224,0
13225,0
13226,1
13227,0
13228,0
13229,0
13230,1
13231,0
13232,0
13233,0
13234,0
13235,1
13236,0
13237,1
13238,0
13239,1
13240,0
13241,1
13242,1
13243,1
13244,1
13245,0
13246,1
13247,0
13248,1
13249,1
13250,1
13251,1
13252,1
13253,1
13254,0
13255,1
13256,0
13257,1
13258,1
13259,0
13260,0
13261,0
13262,0
13263,0
13264,1
13265,1
13266,1
13267,1
13268,1
13269,1
13270,1
13271,1
13272,1
13273,0
13274,0
13275,0
13276,1
13277,1
13278,1
13279,1
13280,1
13281,0
13282,1
13283,1
13284,1
13285,0
13286,1
13287,0
13288,1
13289,1
13290,1
13291,0
13292,1
13293,1
13294,0
13295,0
13296,1
13297,1
13298,1
13299,0
13300,1
13301,1
13302,0
13303,0
13304,1
13305,1
13306,1
13307,0
13308,0
13309,1
13310,1
13311,1
13312,1
13313,1
13314,0
13315,0
13316,1
13317,1
13318,1
13319,1
13320,1
13321,0
13322,1
13323,0
13324,0
13325,1
13326,1
13327,1
13328,1
13329,0
13330,1
13331,0
13332,1
13333,1
13334,0
13335,0
13336,1
13337,0
13338,1
13339,1
13340,0
13341,0
13342,0
13343,0
13344,1
13345,1
13346,1
13347,1
13348,1
13349,1
13350,1
13351,0
13352,0
13353,1
13354,1
13355,0
13356,1
13357,0
13358,0
13359,0
13360,1
13361,0
13362,0
13363,1
13364,1
13365,1
13366,1
13367,1
13368,0
13369,0
13370,1
13371,1
13372,1
13373,1
13374,1
13375,1
13376,0
13377,0
13378,0
13379,0
13380,0
13381,0
13382,0
13383,1
13384,0
13385,1
13386,1
13387,1
13388,1
13389,1
13390,1
13391,0
13392,1
13393,1
13394,1
13395,0
13396,1
13397,0
13398,1
13399,0
13400,1
13401,1
13402,0
13403,1
13404,1
13405,0
13406,0
13407,0
13408,0
13409,1
13410,1
13411,0
13412,0
13413,1
13414,1
13415,0
13416,0
13417,1
13418,1
13419,0
13420,1
13421,1
13422,1
13423,1
13424,1
13425,1
13426,1
13427,1
13428,0
13429,1
13430,1
13431,0
13432,0
13433,0
13434,0
13435,0
13436,1
13437,0
13438,1
13439,1
13440,1
13441,1
13442,1
13443,1
13444,1
13445,0
13446,1
13447,1
13448,1
13449,0
13450,1
13451,1
13452,0
13453,1
13454,1
13455,1
13456,1
13457,0
13458,1
13459,1
13460,1
13461,1
13462,1
13463,1
13464,1
13465,0
13466,1
13467,1
13468,1
13469,1
13470,0
13471,1
13472,1
13473,1
13474,1
13475,0
13476,0
13477,0
13478,1
13479,0
13480,1
13481,1
13482,1
13483,1
13484,1
13485,1
13486,1
13487,0
13488,1
13489,1
13490,1
13491,0
13492,1
13493,0
13494,1
13495,1
13496,1
13497,0
13498,0
13499,1
13500,1
13501,0
13502,0
13503,0
13504,1
13505,0
13506,1
13507,1
13508,1
13509,0
13510,1
13511,1
13512,0
13513,0
13514,1
13515,0
13516,0
13517,0
13518,0
13519,1
13520,1
13521,1
13522,1
13523,0
13524,0
13525,0
13526,1
13527,0
13528,0
13529,0
13530,1
13531,0
13532,1
13533,0
13534,0
13535,0
13536,1
13537,1
13538,0
13539,0
13540,1
13541,1
13542,1
13543,0
13544,1
13545,1
13546,0
13547,1
13548,1
13549,1
13550,1
13551,1
13552,1
13553,0
13554,1
13555,1
13556,0
13557,0
13558,1
13559,1
13560,1
13561,1
13562,0
13563,1
13564,1
13565,0
13566,1
13567,1
13568,0
13569,0
13570,0
13571,1
13572,1
13573,1
13574,0
13575,1
13576,0
13577,0
13578,1
13579,0
13580,0
13581,1
13582,1
13583,0
13584,1
13585,0
13586,1
13587,1
13588,1
13589,1
13590,1
13591,0
13592,0
13593,0
13594,1
13595,0
13596,1
13597,1
13598,1
13599,1
13600,1
13601,0
13602,1
13603,0
13604,1
13605,0
13606,1
13607,0
13608,1
13609,0
13610,1
13611,1
13612,0
13613,0
13614,0
13615,1
13616,1
13617,1
13618,0
13619,0
13620,1
13621,0
13622,1
13623,0
13624,1
13625,1
13626,1
13627,0
13628,1
13629,0
13630,1
13631,0
13632,0
13633,0
13634,1
13635,0
13636,1
13637,0
13638,1
13639,1
13640,1
13641,0
13642,1
13643,1
13644,0
13645,1
13646,0
13647,1
13648,0
13649,1
13650,1
13651,0
13652,1
13653,1
13654,1
13655,0
13656,0
13657,0
13658,0
13659,1
13660,0
13661,1
13662,1
13663,0
13664,1
13665,1
13666,1
13667,1
13668,1
13669,1
13670,1
13671,1
13672,0
13673,1
13674,1
13675,1
13676,0
13677,1
13678,1
13679,1
13680,1
13681,0
13682,1
13683,0
13684,1
13685,1
13686,1
13687,1
13688,0
13689,1
13690,1
13691,0
13692,0
13693,1
13694,1
13695,1
13696,1
13697,0
13698,1
13699,1
13700,1
13701,0
13702,1
13703,0
13704,1
13705,1
13706,1
13707,0
13708,0
13709,1
13710,1
13711,1
13712,1
13713,1
13714,1
13715,1
13716,1
13717,1
13718,0
13719,1
13720,1
13721,1
13722,0
13723,1
13724,0
13725,1
13726,1
13727,1
13728,1
13729,1
13730,1
13731,0
13732,1
13733,0
13734,1
13735,0
13736,1
13737,1
13738,1
13739,1
13740,1
13741,1
13742,0
13743,0
13744,1
13745,1
13746,0
13747,1
13748,1
13749,1
13750,1
13751,1
13752,1
13753,0
13754,0
13755,1
13756,0
13757,1
13758,1
13759,1
13760,1
13761,0
13762,0
13763,1
13764,1
13765,0
13766,1
13767,1
13768,1
13769,1
13770,1
13771,1
13772,1
13773,1
13774,0
13775,1
13776,1
13777,1
13778,1
13779,1
13780,0
13781,1
13782,0
13783,0
13784,1
13785,0
13786,0
13787,1
13788,0
13789,1
13790,1
13791,1
13792,1
13793,1
13794,0
13795,1
13796,1
13797,0
13798,0
13799,1
13800,1
13801,0
13802,1
13803,1
13804,1
13805,1
13806,0
13807,1
13808,0
13809,1
13810,1
13811,1
13812,1
13813,1
13814,1
13815,0
13816,0
13817,0
13818,1
13819,0
13820,0
13821,0
13822,1
13823,0
13824,1
13825,1
13826,0
13827,1
13828,1
13829,1
13830,1
13831,1
13832,0
13833,0
13834,1
13835,0
13836,0
13837,1
13838,1
13839,1
13840,1
13841,1
13842,1
13843,0
13844,1
13845,0
13846,0
13847,1
13848,1
13849,1
13850,0
13851,0
13852,1
13853,0
13854,1
13855,1
13856,0
13857,1
13858,0
13859,1
13860,1
13861,1
13862,1
13863,1
13864,1
13865,1
13866,1
13867,1
13868,1
13869,1
13870,0
13871,1
13872,0
13873,1
13874,1
13875,1
13876,1
13877,1
13878,0
13879,0
13880,1
13881,1
13882,0
13883,1
13884,1
13885,1
13886,0
13887,0
13888,0
13889,1
13890,1
13891,0
13892,1
13893,0
13894,1
13895,1
13896,0
13897,1
13898,1
13899,1
13900,0
13901,0
13902,1
13903,1
13904,0
13905,1
13906,1
13907,0
13908,0
13909,1
13910,1
13911,1
13912,1
13913,1
13914,0
13915,0
13916,1
13917,1
13918,0
13919,1
13920,1
13921,0
13922,1
13923,0
13924,1
13925,1
13926,0
13927,0
13928,0
13929,0
13930,0
13931,0
13932,1
13933,1
13934,1
13935,1
13936,1
13937,1
13938,1
13939,0
13940,0
13941,0
13942,1
13943,1
13944,1
13945,1
13946,1
13947,1
13948,1
13949,1
13950,1
13951,1
13952,1
13953,0
13954,1
13955,1
13956,1
13957,0
13958,1
13959,1
13960,1
13961,1
13962,0
13963,0
13964,1
13965,0
13966,1
13967,0
13968,1
13969,0
13970,0
13971,0
13972,0
13973,1
13974,0
13975,1
13976,1
13977,1
13978,0
13979,0
13980,1
13981,1
13982,1
13983,0
13984,0
13985,1
13986,0
13987,0
13988,0
13989,1
13990,1
13991,1
13992,1
13993,1
13994,0
13995,1
13996,0
13997,0
13998,1
13999,1
14000,1
14001,1
14002,1
14003,1
14004,0
14005,1
14006,1
14007,0
14008,0
14009,0
14010,0
14011,0
14012,1
14013,1
14014,1
14015,0
14016,1
14017,1
14018,1
14019,0
14020,1
14021,1
14022,0
14023,1
14024,1
14025,1
14026,0
14027,0
14028,0
14029,1
14030,0
14031,1
14032,0
14033,1
14034,1
14035,1
14036,0
14037,1
14038,1
14039,0
14040,0
14041,0
14042,1
14043,1
14044,1
14045,1
14046,0
14047,0
14048,1
14049,1
14050,0
14051,1
14052,0
14053,1
14054,1
14055,1
14056,1
14057,1
14058,1
14059,0
14060,0
14061,1
14062,0
14063,1
14064,1
14065,1
14066,0
14067,1
14068,1
14069,1
14070,0
14071,0
14072,1
14073,1
14074,1
14075,1
14076,1
14077,1
14078,1
14079,1
14080,1
14081,1
14082,0
14083,1
14084,1
14085,0
14086,0
14087,0
14088,1
14089,1
14090,1
14091,1
14092,0
14093,1
14094,1
14095,1
14096,0
14097,1
14098,1
14099,0
14100,1
14101,1
14102,1
14103,0
14104,1
14105,1
14106,1
14107,1
14108,0
14109,0
14110,0
14111,1
14112,0
14113,1
14114,1
14115,1
14116,1
14117,0
14118,0
14119,0
14120,0
14121,0
14122,0
14123,0
14124,1
14125,1
14126,1
14127,1
14128,1
14129,1
14130,0
14131,0
14132,1
14133,1
14134,0
14135,1
14136,1
14137,1
14138,1
14139,1
14140,0
14141,0
14142,1
14143,1
14144,1
14145,1
14146,0
14147,1
14148,1
14149,0
14150,1
14151,1
14152,1
14153,0
14154,1
14155,1
14156,1
14157,1
14158,1
14159,0
14160,0
14161,1
14162,1
14163,0
14164,0
14165,1
14166,1
14167,0
14168,1
14169,1
14170,1
14171,1
14172,0
14173,1
14174,1
14175,1
14176,1
14177,1
14178,1
14179,1
14180,1
14181,0
14182,1
14183,1
14184,1
14185,1
14186,1
14187,0
14188,0
14189,1
14190,1
14191,0
14192,0
14193,0
14194,1
14195,1
14196,1
14197,1
14198,1
14199,1
14200,0
14201,1
14202,1
14203,1
14204,1
14205,1
14206,0
14207,1
14208,0
14209,1
14210,1
14211,0
14212,1
14213,0
14214,1
14215,0
14216,1
14217,1
14218,1
14219,1
14220,1
14221,0
14222,0
14223,1
14224,1
14225,1
14226,1
14227,1
14228,1
14229,0
14230,1
14231,1
14232,0
14233,1
14234,1
14235,1
14236,0
14237,1
14238,1
14239,1
14240,1
14241,0
14242,0
14243,1
14244,1
14245,0
14246,0
14247,0
14248,1
14249,1
14250,1
14251,1
14252,1
14253,1
14254,0
14255,0
14256,1
14257,1
14258,1
14259,0
14260,0
14261,1
14262,1
14263,1
14264,1
14265,0
14266,1
14267,1
14268,0
14269,0
14270,0
14271,1
14272,1
14273,0
14274,0
14275,1
14276,0
14277,1
14278,0
14279,0
14280,1
14281,1
14282,0
14283,1
14284,1
14285,1
14286,0
14287,0
14288,1
14289,1
14290,0
14291,1
14292,1
14293,0
14294,1
14295,1
14296,1
14297,1
14298,0
14299,0
14300,0
14301,1
14302,1
14303,0
14304,1
14305,0
14306,0
14307,0
14308,1
14309,0
14310,1
14311,0
14312,1
14313,0
14314,1
14315,0
14316,1
14317,1
14318,0
14319,1
14320,1
14321,1
14322,1
14323,1
14324,1
14325,1
14326,0
14327,0
14328,0
14329,0
14330,1
14331,1
14332,1
14333,1
14334,0
14335,1
14336,0
14337,1
14338,1
14339,1
14340,1
14341,0
14342,1
14343,1
14344,0
14345,1
14346,0
14347,1
14348,1
14349,1
14350,1
14351,0
14352,0
14353,1
14354,0
14355,0
14356,1
14357,1
14358,0
14359,1
14360,1
14361,0
14362,1
14363,1
14364,1
14365,0
14366,1
14367,0
14368,1
14369,0
14370,1
14371,1
14372,1
14373,0
14374,0
14375,1
14376,1
14377,1
14378,1
14379,0
14380,0
14381,1
14382,0
14383,1
14384,1
14385,0
14386,0
14387,1
14388,0
14389,1
14390,1
14391,1
14392,1
14393,1
14394,1
14395,1
14396,1
14397,0
14398,0
14399,1
14400,1
14401,1
14402,0
14403,1
14404,1
14405,1
14406,0
14407,1
14408,1
14409,0
14410,1
14411,1
14412,1
14413,1
14414,1
14415,1
14416,1
14417,1
14418,0
14419,1
14420,1
14421,1
14422,1
14423,1
14424,1
14425,0
14426,1
14427,1
14428,0
14429,1
14430,1
14431,1
14432,0
14433,1
14434,1
14435,0
14436,0
14437,1
14438,1
14439,1
14440,0
14441,1
14442,1
14443,0
14444,1
14445,1
14446,1
14447,0
14448,1
14449,0
14450,0
14451,0
14452,0
14453,0
14454,1
14455,0
14456,1
14457,1
14458,1
14459,1
14460,0
14461,1
14462,1
14463,1
14464,1
14465,0
14466,0
14467,0
14468,1
14469,0
14470,0
14471,1
14472,1
14473,1
14474,0
14475,0
14476,1
14477,1
14478,1
14479,1
14480,0
14481,1
14482,1
14483,1
14484,0
14485,1
14486,1
14487,1
14488,1
14489,1
14490,0
14491,1
14492,1
14493,1
14494,1
14495,1
14496,1
14497,1
14498,1
14499,1
14500,1
14501,0
14502,1
14503,0
14504,0
14505,1
14506,1
14507,0
14508,0
14509,1
14510,1
14511,1
14512,1
14513,1
14514,0
14515,1
14516,1
14517,0
14518,0
14519,1
14520,1
14521,0
14522,1
14523,1
14524,1
14525,0
14526,1
14527,1
14528,1
14529,1
14530,0
14531,0
14532,0
14533,1
14534,1
14535,0
14536,1
14537,1
14538,1
14539,0
14540,0
14541,1
14542,1
14543,1
14544,1
14545,0
14546,1
14547,1
14548,1
14549,0
14550,1
14551,1
14552,1
14553,1
14554,1
14555,1
14556,1
14557,0
14558,1
14559,1
14560,0
14561,0
14562,1
14563,1
14564,1
14565,1
14566,0
14567,1
14568,1
14569,0
14570,1
14571,1
14572,1
14573,0
14574,0
14575,1
14576,0
14577,1
14578,0
14579,1
14580,1
14581,1
14582,0
14583,0
14584,1
14585,1
14586,1
14587,1
14588,1
14589,1
14590,0
14591,1
14592,0
14593,0
14594,1
14595,0
14596,0
14597,1
14598,1
14599,1
14600,1
14601,1
14602,0
14603,0
14604,1
14605,0
14606,1
14607,1
14608,1
14609,1
14610,1
14611,0
14612,1
14613,0
14614,0
14615,0
14616,0
14617,1
14618,1
14619,1
14620,1
14621,1
14622,0
14623,1
14624,1
14625,1
14626,1
14627,1
14628,0
14629,0
14630,1
14631,1
14632,1
14633,1
14634,1
14635,1
14636,0
14637,0
14638,0
14639,0
14640,1
14641,1
14642,1
14643,1
14644,1
14645,1
14646,1
14647,0
14648,0
14649,1
14650,1
14651,1
14652,1
14653,0
14654,0
14655,1
14656,1
14657,0
14658,1
14659,1
14660,1
14661,1
14662,0
14663,1
14664,1
14665,0
14666,1
14667,1
14668,1
14669,0
14670,0
14671,1
14672,0
14673,0
14674,1
14675,1
14676,1
14677,1
14678,1
14679,1
14680,1
14681,0
14682,1
14683,1
14684,1
14685,1
14686,1
14687,1
14688,1
14689,0
14690,0
14691,1
14692,1
14693,0
14694,0
14695,0
14696,1
14697,1
14698,0
14699,0
14700,1
14701,0
14702,0
14703,0
14704,1
14705,0
14706,0
14707,1
14708,0
14709,1
14710,1
14711,0
14712,0
14713,1
14714,0
14715,1
14716,1
14717,1
14718,0
14719,0
14720,1
14721,0
14722,1
14723,1
14724,0
14725,0
14726,1
14727,1
14728,1
14729,1
14730,1
14731,0
14732,1
14733,1
14734,1
14735,1
14736,0
14737,0
14738,1
14739,0
14740,0
14741,1
14742,1
14743,1
14744,1
14745,1
14746,1
14747,1
14748,1
14749,0
14750,0
14751,1
14752,0
14753,0
14754,0
14755,0
14756,0
14757,0
14758,1
14759,1
14760,1
14761,0
14762,1
14763,0
14764,1
14765,1
14766,0
14767,0
14768,1
14769,1
14770,0
14771,1
14772,1
14773,1
14774,1
14775,0
14776,0
14777,1
14778,1
14779,1
14780,0
14781,1
14782,0
14783,0
14784,0
14785,0
14786,1
14787,0
14788,1
14789,1
14790,1
14791,1
14792,1
14793,1
14794,1
14795,1
14796,0
14797,0
14798,0
14799,1
14800,0
14801,0
14802,0
14803,1
14804,1
14805,0
14806,1
14807,0
14808,1
14809,1
14810,0
14811,1
14812,0
14813,1
14814,1
14815,1
14816,1
14817,0
14818,1
14819,0
14820,0
14821,0
14822,0
14823,1
14824,1
14825,0
14826,1
14827,0
14828,1
14829,0
14830,0
14831,1
14832,0
14833,0
14834,0
14835,1
14836,1
14837,1
14838,1
14839,1
14840,1
14841,1
14842,1
14843,1
14844,0
14845,0
14846,1
14847,1
14848,0
14849,1
14850,1
14851,1
14852,1
14853,0
14854,1
14855,1
14856,1
14857,0
14858,1
14859,0
14860,1
14861,0
14862,0
14863,0
14864,1
14865,0
14866,1
14867,1
14868,1
14869,0
14870,1
14871,1
14872,1
14873,0
14874,1
14875,1
14876,1
14877,1
14878,1
14879,1
14880,1
14881,0
14882,1
14883,0
14884,0
14885,0
14886,0
14887,1
14888,0
14889,0
14890,1
14891,1
14892,1
14893,0
14894,0
14895,0
14896,0
14897,1
14898,0
14899,0
14900,1
14901,1
14902,0
14903,0
14904,1
14905,0
14906,1
14907,1
14908,0
14909,0
14910,0
14911,1
14912,1
14913,1
14914,1
14915,1
14916,1
14917,1
14918,1
14919,1
14920,1
14921,1
14922,1
14923,1
14924,1
14925,1
14926,1
14927,1
14928,0
14929,0
14930,1
14931,0
14932,1
14933,1
14934,0
14935,1
14936,1
14937,1
14938,0
14939,1
14940,1
14941,0
14942,1
14943,0
14944,0
14945,1
14946,0
14947,0
14948,1
14949,0
14950,1
14951,1
14952,1
14953,1
14954,0
14955,1
14956,0
14957,0
14958,1
14959,0
14960,1
14961,1
14962,1
14963,0
14964,1
14965,1
14966,1
14967,1
14968,1
14969,1
14970,1
14971,0
14972,1
14973,0
14974,0
14975,1
14976,0
14977,0
14978,1
14979,1
14980,1
14981,1
14982,0
14983,0
14984,0
14985,1
14986,1
14987,1
14988,0
14989,0
14990,0
14991,0
14992,0
14993,1
14994,1
14995,0
14996,0
14997,0
14998,1
14999,1
15000,1
15001,1
15002,1
15003,1
15004,1
15005,0
15006,1
15007,1
15008,1
15009,1
15010,1
15011,0
15012,1
15013,0
15014,1
15015,1
15016,1
15017,1
15018,1
15019,0
15020,0
15021,0
15022,1
15023,1
15024,1
15025,0
15026,0
15027,1
15028,1
15029,0
15030,1
15031,1
15032,1
15033,0
15034,1
15035,1
15036,0
15037,0
15038,1
15039,0
15040,1
15041,0
15042,1
15043,1
15044,1
15045,0
15046,1
15047,1
15048,0
15049,0
15050,0
15051,1
15052,1
15053,1
15054,1
15055,0
15056,1
15057,0
15058,0
15059,1
15060,0
15061,1
15062,1
15063,0
15064,1
15065,0
15066,1
15067,0
15068,1
15069,1
15070,0
15071,0
15072,0
15073,1
15074,1
15075,1
15076,1
15077,1
15078,0
15079,1
15080,1
15081,0
15082,1
15083,0
15084,0
15085,1
15086,1
15087,0
15088,1
15089,0
15090,1
15091,1
15092,1
15093,1
15094,1
15095,1
15096,1
15097,0
15098,1
15099,1
15100,1
15101,0
15102,1
15103,1
15104,0
15105,1
15106,0
15107,0
15108,0
15109,0
15110,1
15111,0
15112,0
15113,1
15114,1
15115,1
15116,0
15117,0
15118,0
15119,0
15120,0
15121,1
15122,0
15123,0
15124,1
15125,1
15126,1
15127,0
15128,0
15129,1
15130,1
15131,1
15132,0
15133,0
15134,1
15135,1
15136,0
15137,1
15138,1
15139,0
15140,1
15141,1
15142,0
15143,0
15144,1
15145,1
15146,1
15147,1
15148,0
15149,1
15150,1
15151,1
15152,1
15153,1
15154,1
15155,1
15156,1
15157,1
15158,1
15159,1
15160,0
15161,1
15162,0
15163,1
15164,0
15165,0
15166,1
15167,0
15168,0
15169,0
15170,1
15171,1
15172,1
15173,1
15174,1
15175,0
15176,1
15177,0
15178,1
15179,1
15180,1
15181,1
15182,1
15183,1
15184,1
15185,0
15186,1
15187,1
15188,0
15189,0
15190,1
15191,1
15192,1
15193,1
15194,0
15195,0
15196,0
15197,1
15198,0
15199,0
15200,1
15201,1
15202,1
15203,1
15204,1
15205,0
15206,0
15207,0
15208,1
15209,1
15210,1
15211,1
15212,0
15213,1
15214,0
15215,1
15216,1
15217,0
15218,0
15219,0
15220,0
15221,1
15222,0
15223,1
15224,1
15225,0
15226,1
15227,1
15228,1
15229,0
15230,1
15231,1
15232,0
15233,1
15234,1
15235,1
15236,1
15237,1
15238,0
15239,1
15240,0
15241,1
15242,0
15243,0
15244,1
15245,0
15246,1
15247,1
15248,0
15249,0
15250,1
15251,0
15252,1
15253,1
15254,1
15255,0
15256,1
15257,0
15258,1
15259,0
15260,1
15261,1
15262,1
15263,0
15264,1
15265,0
15266,1
15267,0
15268,0
15269,1
15270,0
15271,0
15272,0
15273,1
15274,1
15275,1
15276,1
15277,1
15278,1
15279,1
15280,1
15281,0
15282,0
15283,1
15284,0
15285,1
15286,1
15287,0
15288,1
15289,1
15290,1
15291,1
15292,1
15293,1
15294,0
15295,1
15296,1
15297,1
15298,1
15299,0
15300,1
15301,0
15302,0
15303,1
15304,1
15305,0
15306,1
15307,0
15308,0
15309,1
15310,0
15311,0
15312,0
15313,1
15314,1
15315,1
15316,1
15317,1
15318,0
15319,1
15320,0
15321,1
15322,1
15323,1
15324,1
15325,1
15326,1
15327,1
15328,0
15329,1
15330,1
15331,1
15332,1
15333,1
15334,1
15335,0
15336,1
15337,1
15338,1
15339,1
15340,0
15341,1
15342,1
15343,0
15344,1
15345,0
15346,1
15347,1
15348,1
15349,1
15350,0
15351,1
15352,1
15353,0
15354,0
15355,1
15356,1
15357,0
15358,1
15359,0
15360,1
15361,0
15362,0
15363,1
15364,1
15365,1
15366,1
15367,1
15368,1
15369,1
15370,1
15371,1
15372,0
15373,1
15374,1
15375,0
15376,0
15377,1
15378,0
15379,0
15380,1
15381,0
15382,1
15383,1
15384,1
15385,0
15386,0
15387,0
15388,1
15389,1
15390,1
15391,1
15392,1
15393,1
15394,0
15395,0
15396,0
15397,1
15398,1
15399,1
15400,0
15401,1
15402,1
15403,0
15404,0
15405,0
15406,0
15407,0
15408,1
15409,1
15410,1
15411,1
15412,0
15413,1
15414,1
15415,1
15416,0
15417,1
15418,0
15419,0
15420,1
15421,0
15422,1
15423,0
15424,1
15425,1
15426,1
15427,1
15428,1
15429,0
15430,1
15431,0
15432,0
15433,0
15434,1
15435,0
15436,0
15437,1
15438,1
15439,1
15440,1
15441,1
15442,1
15443,1
15444,1
15445,0
15446,1
15447,0
15448,1
15449,1
15450,0
15451,1
15452,1
15453,1
15454,1
15455,1
15456,0
15457,0
15458,0
15459,0
15460,1
15461,0
15462,1
15463,1
15464,1
15465,1
15466,1
15467,1
15468,1
15469,0
15470,0
15471,0
15472,1
15473,1
15474,0
15475,1
15476,1
15477,1
15478,0
15479,1
15480,1
15481,1
15482,0
15483,1
15484,1
15485,1
15486,1
15487,0
15488,1
15489,0
15490,0
15491,1
15492,0
15493,1
15494,1
15495,1
15496,1
15497,0
15498,0
15499,0
15500,1
15501,0
15502,1
15503,1
15504,1
15505,1
15506,1
15507,1
15508,1
15509,1
15510,1
15511,1
15512,1
15513,0
15514,1
15515,1
15516,1
15517,0
15518,1
15519,0
15520,0
15521,1
15522,1
15523,0
15524,0
15525,1
15526,1
15527,0
15528,0
15529,1
15530,0
15531,1
15532,1
15533,1
15534,1
15535,1
15536,1
15537,0
15538,0
15539,0
15540,1
15541,1
15542,0
15543,1
15544,0
15545,1
15546,1
15547,1
15548,0
15549,0
15550,0
15551,1
15552,1
15553,1
15554,1
15555,1
15556,1
15557,1
15558,1
15559,1
15560,1
15561,0
15562,1
15563,1
15564,1
15565,0
15566,0
15567,0
15568,1
15569,1
15570,0
15571,1
15572,0
15573,1
15574,0
15575,1
15576,1
15577,1
15578,1
15579,1
15580,1
15581,1
15582,1
15583,1
15584,1
15585,0
15586,0
15587,1
15588,0
15589,0
15590,0
15591,1
15592,0
15593,0
15594,0
15595,0
15596,1
15597,1
15598,0
15599,1
15600,0
15601,1
15602,1
15603,1
15604,1
15605,1
15606,1
15607,1
15608,1
15609,1
15610,1
15611,0
15612,0
15613,1
15614,1
15615,0
15616,1
15617,1
15618,1
15619,1
15620,0
15621,0
15622,1
15623,0
15624,1
15625,1
15626,0
15627,1
15628,0
15629,1
15630,1
15631,1
15632,1
15633,1
15634,0
15635,0
15636,1
15637,1
15638,1
15639,1
15640,0
15641,1
15642,1
15643,1
15644,1
15645,1
15646,1
15647,0
15648,1
15649,0
15650,1
15651,1
15652,1
15653,1
15654,0
15655,1
15656,1
15657,1
15658,1
15659,0
15660,0
15661,1
15662,1
15663,0
15664,0
15665,1
15666,0
15667,1
15668,0
15669,1
15670,0
15671,1
15672,1
15673,1
15674,1
15675,1
15676,0
15677,1
15678,1
15679,1
15680,1
15681,0
15682,1
15683,1
15684,0
15685,1
15686,1
15687,0
15688,1
15689,0
15690,0
15691,0
15692,0
15693,1
15694,0
15695,1
15696,1
15697,1
15698,0
15699,1
15700,1
15701,1
15702,0
15703,0
15704,0
15705,1
15706,1
15707,0
15708,1
15709,0
15710,1
15711,1
15712,1
15713,0
15714,1
15715,0
15716,1
15717,0
15718,1
15719,1
15720,0
15721,1
15722,1
15723,1
15724,1
15725,1
15726,1
15727,1
15728,1
15729,1
15730,1
15731,1
15732,0
15733,0
15734,1
15735,1
15736,1
15737,1
15738,1
15739,0
15740,1
15741,1
15742,1
15743,0
15744,1
15745,1
15746,0
15747,1
15748,1
15749,1
15750,0
15751,1
15752,0
15753,0
15754,1
15755,1
15756,1
15757,1
15758,1
15759,1
15760,0
15761,1
15762,1
15763,0
15764,0
15765,0
15766,1
15767,1
15768,1
15769,0
15770,0
15771,1
15772,1
15773,0
15774,1
15775,0
15776,1
15777,1
15778,1
15779,1
15780,1
15781,1
15782,1
15783,1
15784,0
15785,1
15786,0
15787,1
15788,0
15789,1
15790,1
15791,1
15792,1
15793,1
15794,1
15795,0
15796,1
15797,1
15798,0
15799,0
15800,0
15801,1
15802,1
15803,1
15804,1
15805,1
15806,1
15807,0
15808,1
15809,0
15810,1
15811,1
15812,1
15813,1
15814,1
15815,0
15816,1
15817,1
15818,1
15819,1
15820,1
15821,0
15822,0
15823,1
15824,1
15825,1
15826,1
15827,0
15828,0
15829,1
15830,0
15831,1
15832,1
15833,1
15834,0
15835,0
15836,1
15837,1
15838,1
15839,0
15840,0
15841,0
15842,1
15843,0
15844,0
15845,0
15846,1
15847,1
15848,1
15849,1
15850,0
15851,0
15852,0
15853,1
15854,0
15855,1
15856,1
15857,0
15858,0
15859,1
15860,0
15861,0
15862,1
15863,1
15864,0
15865,1
15866,1
15867,1
15868,0
15869,1
15870,0
15871,1
15872,1
15873,0
15874,1
15875,0
15876,1
15877,1
15878,1
15879,0
15880,0
15881,0
15882,1
15883,0
15884,1
15885,1
15886,1
15887,1
15888,1
15889,0
15890,1
15891,1
15892,1
15893,1
15894,0
15895,1
15896,1
15897,1
15898,1
15899,1
15900,0
15901,1
15902,1
15903,1
15904,0
15905,1
15906,0
15907,0
15908,1
15909,1
15910,1
15911,0
15912,1
15913,1
15914,1
15915,1
15916,0
15917,1
15918,0
15919,1
15920,1
15921,1
15922,1
15923,1
15924,1
15925,1
15926,1
15927,0
15928,0
15929,1
15930,1
15931,0
15932,0
15933,0
15934,1
15935,1
15936,1
15937,1
15938,0
15939,0
15940,1
15941,1
15942,1
15943,0
15944,1
15945,0
15946,1
15947,0
15948,1
15949,1
15950,1
15951,1
15952,1
15953,0
15954,1
15955,1
15956,1
15957,1
15958,1
15959,1
15960,1
15961,1
15962,0
15963,1
15964,1
15965,1
15966,0
15967,1
15968,1
15969,0
15970,1
15971,1
15972,1
15973,0
15974,1
15975,1
15976,1
15977,1
15978,1
15979,1
15980,1
15981,1
15982,1
15983,1
15984,1
15985,0
15986,1
15987,1
15988,1
15989,0
15990,1
15991,1
15992,1
15993,1
15994,1
15995,1
15996,1
15997,1
15998,1
15999,1
16000,1
16001,1
16002,1
16003,0
16004,1
16005,1
16006,1
16007,1
16008,1
16009,1
16010,1
16011,0
16012,0
16013,1
16014,1
16015,0
16016,0
16017,1
16018,1
16019,1
16020,1
16021,1
16022,1
16023,1
16024,1
16025,0
16026,0
16027,1
16028,0
16029,0
16030,1
16031,1
16032,0
16033,1
16034,1
16035,0
16036,0
16037,1
16038,1
16039,0
16040,1
16041,1
16042,1
16043,1
16044,1
16045,0
16046,0
16047,0
16048,1
16049,0
16050,1
16051,1
16052,0
16053,0
16054,0
16055,1
16056,0
16057,1
16058,1
16059,1
16060,1
16061,1
16062,0
16063,0
16064,0
16065,1
16066,1
16067,1
16068,1
16069,0
16070,1
16071,0
16072,1
16073,1
16074,1
16075,0
16076,0
16077,0
16078,1
16079,0
16080,0
16081,1
16082,1
16083,1
16084,1
16085,1
16086,1
16087,0
16088,1
16089,1
16090,1
16091,1
16092,1
16093,0
16094,1
16095,1
16096,1
16097,1
16098,0
16099,1
16100,1
16101,1
16102,1
16103,0
16104,1
16105,0
16106,0
16107,1
16108,1
16109,0
16110,1
16111,1
16112,1
16113,0
16114,0
16115,0
16116,1
16117,1
16118,0
16119,1
16120,1
16121,0
16122,0
16123,1
16124,0
16125,1
16126,1
16127,0
16128,0
16129,1
16130,1
16131,1
16132,1
16133,1
16134,1
16135,0
16136,1
16137,0
16138,0
16139,1
16140,0
16141,1
16142,0
16143,1
16144,1
16145,0
16146,0
16147,1
16148,0
16149,0
16150,0
16151,0
16152,0
16153,1
16154,1
16155,0
16156,1
16157,1
16158,1
16159,1
16160,1
16161,0
16162,0
16163,1
16164,1
16165,1
16166,0
16167,0
16168,1
16169,1
16170,0
16171,0
16172,1
16173,1
16174,1
16175,1
16176,0
16177,1
16178,1
16179,1
16180,1
16181,1
16182,0
16183,1
16184,1
16185,0
16186,1
16187,1
16188,1
16189,0
16190,0
16191,1
16192,0
16193,0
16194,0
16195,1
16196,0
16197,1
16198,1
16199,1
16200,1
16201,1
16202,0
16203,1
16204,0
16205,1
16206,0
16207,1
16208,0
16209,0
16210,1
16211,0
16212,1
16213,1
16214,0
16215,1
16216,0
16217,0
16218,0
16219,0
16220,0
16221,1
16222,0
16223,1
16224,0
16225,0
16226,0
16227,1
16228,0
16229,0
16230,0
16231,0
16232,1
16233,1
16234,1
16235,1
16236,0
16237,1
16238,1
16239,1
16240,0
16241,0
16242,1
16243,1
16244,1
16245,1
16246,1
16247,1
16248,0
16249,1
16250,0
16251,1
16252,1
16253,1
16254,0
16255,1
16256,1
16257,1
16258,1
16259,0
16260,1
16261,1
16262,0
16263,1
16264,0
16265,0
16266,1
16267,1
16268,1
16269,1
16270,1
16271,0
16272,1
16273,1
16274,1
16275,0
16276,1
16277,0
16278,1
16279,1
16280,1
16281,0
16282,0
16283,1
16284,1
16285,0
16286,0
16287,0
16288,1
16289,1
16290,1
16291,1
16292,0
16293,1
16294,1
16295,1
16296,1
16297,1
16298,1
16299,0
16300,1
16301,0
16302,1
16303,1
16304,0
16305,1
16306,1
16307,1
16308,1
16309,1
16310,0
16311,1
16312,1
16313,1
16314,1
16315,0
16316,1
16317,0
16318,0
16319,0
16320,1
16321,1
16322,0
16323,1
16324,0
16325,0
16326,1
16327,0
16328,1
16329,1
16330,1
16331,0
16332,1
16333,0
16334,0
16335,1
16336,1
16337,0
16338,1
16339,1
16340,1
16341,1
16342,0
16343,0
16344,1
16345,1
16346,1
16347,1
16348,0
16349,1
16350,0
16351,1
16352,1
16353,1
16354,1
16355,0
16356,1
16357,0
16358,0
16359,0
16360,1
16361,0
16362,1
16363,1
16364,1
16365,1
16366,0
16367,1
16368,1
16369,0
16370,0
16371,1
16372,1
16373,1
16374,1
16375,0
16376,1
16377,1
16378,1
16379,1
16380,1
16381,1
16382,1
16383,0
16384,1
16385,1
16386,1
16387,1
16388,1
16389,1
16390,0
16391,1
16392,1
16393,1
16394,1
16395,0
16396,1
16397,1
16398,1
16399,0
16400,0
16401,1
16402,0
16403,0
16404,1
16405,1
16406,1
16407,0
16408,0
16409,0
16410,1
16411,1
16412,1
16413,1
16414,0
16415,0
16416,0
16417,1
16418,0
16419,1
16420,0
16421,0
16422,1
16423,1
16424,0
16425,0
16426,1
16427,0
16428,0
16429,0
16430,1
16431,1
16432,1
16433,0
16434,1
16435,1
16436,1
16437,0
16438,0
16439,0
16440,1
16441,1
16442,0
16443,1
16444,0
16445,0
16446,1
16447,0
16448,0
16449,1
16450,0
16451,0
16452,1
16453,1
16454,1
16455,0
16456,1
16457,1
16458,0
16459,1
16460,0
16461,1
16462,1
16463,1
16464,1
16465,0
16466,1
16467,0
16468,1
16469,1
16470,0
16471,1
16472,1
16473,1
16474,1
16475,0
16476,0
16477,1
16478,1
16479,0
16480,1
16481,1
16482,1
16483,1
16484,0
16485,1
16486,0
16487,1
16488,1
16489,1
16490,1
16491,1
16492,0
16493,1
16494,0
16495,1
16496,1
16497,1
16498,0
16499,1
16500,0
16501,0
16502,1
16503,0
16504,0
16505,0
16506,1
16507,0
16508,1
16509,0
16510,0
16511,1
16512,1
16513,0
16514,1
16515,0
16516,0
16517,0
16518,1
16519,0
16520,0
16521,1
16522,1
16523,0
16524,0
16525,1
16526,0
16527,0
16528,0
16529,0
16530,1
16531,1
16532,0
16533,0
16534,0
16535,0
16536,0
16537,1
16538,1
16539,1
16540,0
16541,1
16542,1
16543,0
16544,1
16545,1
16546,1
16547,1
16548,1
16549,1
16550,1
16551,1
16552,1
16553,0
16554,1
16555,0
16556,1
16557,1
16558,0
16559,1
16560,1
16561,1
16562,1
16563,1
16564,1
16565,0
16566,0
16567,1
16568,1
16569,1
16570,1
16571,0
16572,0
16573,1
16574,1
16575,1
16576,0
16577,1
16578,1
16579,1
16580,1
16581,1
16582,1
16583,1
16584,1
16585,0
16586,1
16587,0
16588,1
16589,1
16590,1
16591,0
16592,1
16593,0
16594,1
16595,0
16596,1
16597,1
16598,0
16599,1
16600,1
16601,1
16602,1
16603,1
16604,0
16605,0
16606,1
16607,1
16608,1
16609,0
16610,1
16611,0
16612,0
16613,1
16614,0
16615,0
16616,0
16617,1
16618,1
16619,0
16620,0
16621,0
16622,1
16623,1
16624,1
16625,0
16626,1
16627,1
16628,1
16629,1
16630,0
16631,1
16632,1
16633,1
16634,1
16635,0
16636,0
16637,0
16638,1
16639,1
16640,0
16641,1
16642,1
16643,1
16644,1
16645,0
16646,0
16647,1
16648,1
16649,0
16650,0
16651,1
16652,1
16653,1
16654,0
16655,1
16656,1
16657,1
16658,1
16659,1
16660,1
16661,1
16662,1
16663,1
16664,1
16665,0
16666,0
16667,1
16668,1
16669,1
16670,0
16671,1
16672,1
16673,0
16674,1
16675,1
16676,1
16677,0
16678,1
16679,0
16680,1
16681,0
16682,1
16683,1
16684,1
16685,1
16686,0
16687,1
16688,1
16689,1
16690,0
16691,1
16692,1
16693,1
16694,1
16695,1
16696,1
16697,1
16698,1
16699,1
16700,1
16701,1
16702,0
16703,0
16704,0
16705,1
16706,1
16707,0
16708,1
16709,0
16710,1
16711,0
16712,1
16713,0
16714,0
16715,1
16716,0
16717,1
16718,1
16719,1
16720,1
16721,1
16722,1
16723,0
16724,1
16725,1
16726,1
16727,0
16728,1
16729,1
16730,1
16731,0
16732,1
16733,1
16734,1
16735,1
16736,1
16737,1
16738,0
16739,0
16740,1
16741,1
16742,1
16743,1
16744,0
16745,1
16746,0
16747,1
16748,1
16749,1
16750,1
16751,1
16752,1
16753,1
16754,1
16755,1
16756,0
16757,0
16758,1
16759,1
16760,0
16761,0
16762,1
16763,1
16764,1
16765,1
16766,1
16767,0
16768,1
16769,0
16770,1
16771,0
16772,0
16773,1
16774,1
16775,0
16776,0
16777,0
16778,0
16779,0
16780,1
16781,1
16782,1
16783,0
16784,1
16785,0
16786,1
16787,1
16788,1
16789,1
16790,1
16791,0
16792,1
16793,1
16794,1
16795,1
16796,1
16797,1
16798,1
16799,1
16800,0
16801,1
16802,1
16803,0
16804,1
16805,0
16806,1
16807,0
16808,0
16809,1
16810,1
16811,1
16812,0
16813,0
16814,1
16815,1
16816,0
16817,0
16818,1
16819,1
16820,1
16821,1
16822,1
16823,1
16824,1
16825,1
16826,0
16827,1
16828,1
16829,1
16830,0
16831,1
16832,0
16833,1
16834,1
16835,1
16836,1
16837,0
16838,1
16839,0
16840,1
16841,0
16842,1
16843,1
16844,0
16845,1
16846,0
16847,1
16848,0
16849,1
16850,1
16851,1
16852,1
16853,1
16854,1
16855,1
16856,0
16857,1
16858,1
16859,0
16860,0
16861,0
16862,0
16863,1
16864,1
16865,0
16866,1
16867,1
16868,1
16869,0
16870,1
16871,1
16872,1
16873,0
16874,1
16875,0
16876,0
16877,0
16878,1
16879,1
16880,1
16881,0
16882,1
16883,1
16884,1
16885,1
16886,0
16887,1
16888,1
16889,0
16890,1
16891,1
16892,1
16893,1
16894,1
16895,0
16896,1
16897,1
16898,0
16899,1
16900,0
16901,1
16902,0
16903,0
16904,0
16905,1
16906,1
16907,1
16908,0
16909,1
16910,0
16911,0
16912,1
16913,1
16914,1
16915,1
16916,0
16917,1
16918,0
16919,0
16920,1
16921,1
16922,1
16923,0
16924,0
16925,0
16926,1
16927,1
16928,0
16929,1
16930,1
16931,1
16932,0
16933,0
16934,0
16935,1
16936,0
16937,1
16938,0
16939,1
16940,0
16941,1
16942,0
16943,0
16944,1
16945,0
16946,0
16947,0
16948,1
16949,1
16950,0
16951,1
16952,1
16953,1
16954,0
16955,0
16956,1
16957,1
16958,1
16959,1
16960,1
16961,0
16962,1
16963,1
16964,0
16965,1
16966,1
16967,1
16968,1
16969,0
16970,1
16971,1
16972,1
16973,0
16974,0
16975,0
16976,1
16977,1
16978,0
16979,1
16980,1
16981,1
16982,0
16983,1
16984,0
16985,0
16986,1
16987,0
16988,0
16989,1
16990,0
16991,1
16992,0
16993,1
16994,0
16995,1
16996,0
16997,0
16998,0
16999,1
17000,0
17001,1
17002,1
17003,0
17004,1
17005,0
17006,1
17007,0
17008,1
17009,1
17010,1
17011,1
17012,1
17013,1
17014,1
17015,1
17016,0
17017,1
17018,0
17019,1
17020,1
17021,1
17022,1
17023,0
17024,1
17025,0
17026,1
17027,1
17028,1
17029,1
17030,0
17031,1
17032,1
17033,1
17034,0
17035,1
17036,1
17037,1
17038,0
17039,1
17040,0
17041,1
17042,1
17043,1
17044,0
17045,0
17046,1
17047,0
17048,0
17049,1
17050,0
17051,0
17052,1
17053,0
17054,1
17055,0
17056,1
17057,1
17058,1
17059,1
17060,0
17061,0
17062,1
17063,0
17064,1
17065,0
17066,1
17067,1
17068,1
17069,1
17070,1
17071,1
17072,0
17073,0
17074,1
17075,0
17076,0
17077,1
17078,0
17079,0
17080,0
17081,1
17082,1
17083,1
17084,1
17085,0
17086,0
17087,1
17088,1
17089,1
17090,1
17091,1
17092,0
17093,0
17094,0
17095,0
17096,1
17097,1
17098,1
17099,0
17100,0
17101,0
17102,1
17103,1
17104,1
17105,1
17106,0
17107,0
17108,1
17109,1
17110,0
17111,0
17112,1
17113,0
17114,0
17115,1
17116,1
17117,1
17118,1
17119,1
17120,1
17121,1
17122,0
17123,0
17124,1
17125,1
17126,1
17127,1
17128,0
17129,1
17130,1
17131,0
17132,1
17133,0
17134,1
17135,1
17136,0
17137,1
17138,1
17139,0
17140,1
17141,0
17142,1
17143,1
17144,0
17145,1
17146,0
17147,1
17148,0
17149,0
17150,0
17151,1
17152,1
17153,0
17154,0
17155,1
17156,0
17157,1
17158,1
17159,1
17160,0
17161,0
17162,1
17163,0
17164,1
17165,1
17166,1
17167,0
17168,1
17169,0
17170,1
17171,1
17172,1
17173,0
17174,0
17175,1
17176,0
17177,0
17178,0
17179,1
17180,1
17181,0
17182,1
17183,0
17184,0
17185,1
17186,1
17187,0
17188,0
17189,1
17190,1
17191,0
17192,1
17193,1
17194,1
17195,0
17196,1
17197,1
17198,1
17199,0
17200,1
17201,1
17202,1
17203,1
17204,0
17205,0
17206,1
17207,0
17208,1
17209,1
17210,1
17211,0
17212,1
17213,0
17214,1
17215,1
17216,0
17217,1
17218,1
17219,1
17220,1
17221,1
17222,1
17223,1
17224,1
17225,1
17226,0
17227,0
17228,1
17229,1
17230,1
17231,0
17232,1
17233,0
17234,1
17235,1
17236,1
17237,1
17238,0
17239,0
17240,1
17241,0
17242,0
17243,0
17244,1
17245,1
17246,1
17247,0
17248,1
17249,1
17250,1
17251,1
17252,1
17253,0
17254,1
17255,0
17256,1
17257,1
17258,0
17259,1
17260,1
17261,1
17262,1
17263,1
17264,0
17265,1
17266,1
17267,1
17268,1
17269,1
17270,1
17271,0
17272,1
17273,1
17274,0
17275,1
17276,1
17277,1
17278,1
17279,1
17280,0
17281,0
17282,1
17283,0
17284,1
17285,1
17286,0
17287,1
17288,0
17289,1
17290,1
17291,0
17292,1
17293,1
17294,0
17295,1
17296,1
17297,1
17298,1
17299,1
17300,1
17301,1
17302,0
17303,1
17304,1
17305,1
17306,1
17307,1
17308,1
17309,0
17310,0
17311,1
17312,1
17313,0
17314,1
17315,1
17316,0
17317,1
17318,1
17319,0
17320,1
17321,1
17322,0
17323,1
17324,0
17325,1
17326,1
17327,1
17328,1
17329,0
17330,0
17331,0
17332,1
17333,0
17334,1
17335,1
17336,1
17337,1
17338,0
17339,1
17340,1
17341,0
17342,1
17343,0
17344,0
17345,1
17346,1
17347,1
17348,0
17349,0
17350,0
17351,0
17352,0
17353,1
17354,1
17355,1
17356,1
17357,1
17358,1
17359,1
17360,0
17361,0
17362,0
17363,0
17364,0
17365,0
17366,1
17367,0
17368,0
17369,1
17370,1
17371,1
17372,0
17373,1
17374,1
17375,1
17376,1
17377,0
17378,0
17379,1
17380,0
17381,1
17382,0
17383,0
17384,1
17385,1
17386,1
17387,0
17388,1
17389,1
17390,0
17391,0
17392,0
17393,1
17394,1
17395,0
17396,0
17397,1
17398,1
17399,1
17400,1
17401,1
17402,0
17403,0
17404,0
17405,1
17406,1
17407,1
17408,1
17409,1
17410,1
17411,1
17412,1
17413,1
17414,0
17415,1
17416,0
17417,0
17418,1
17419,0
17420,0
17421,1
17422,1
17423,1
17424,1
17425,1
17426,0
17427,1
17428,0
17429,0
17430,1
17431,1
17432,0
17433,1
17434,1
17435,0
17436,1
17437,0
17438,1
17439,1
17440,1
17441,1
17442,0
17443,1
17444,1
17445,1
17446,1
17447,0
17448,1
17449,0
17450,0
17451,1
17452,0
17453,1
17454,1
17455,1
17456,0
17457,0
17458,0
17459,1
17460,1
17461,1
17462,1
17463,0
17464,0
17465,1
17466,1
17467,1
17468,1
17469,0
17470,1
17471,1
17472,1
17473,1
17474,1
17475,1
17476,1
17477,1
17478,0
17479,1
17480,1
17481,1
17482,1
17483,1
17484,1
17485,1
17486,1
17487,0
17488,0
17489,1
17490,0
17491,0
17492,0
17493,1
17494,1
17495,0
17496,1
17497,1
17498,1
17499,0
17500,0
17501,1
17502,0
17503,1
17504,0
17505,0
17506,1
17507,1
17508,1
17509,0
17510,1
17511,0
17512,0
17513,1
17514,0
17515,1
17516,1
17517,1
17518,1
17519,1
17520,0
17521,0
17522,1
17523,1
17524,1
17525,1
17526,1
17527,0
17528,1
17529,0
17530,0
17531,1
17532,1
17533,1
17534,1
17535,1
17536,1
17537,1
17538,1
17539,1
17540,1
17541,1
17542,1
17543,1
17544,0
17545,1
17546,0
17547,1
17548,1
17549,1
17550,1
17551,0
17552,1
17553,0
17554,0
17555,0
17556,1
17557,1
17558,1
17559,0
17560,1
17561,1
17562,1
17563,1
17564,1
17565,1
17566,1
17567,1
17568,1
17569,1
17570,1
17571,1
17572,1
17573,0
17574,1
17575,1
17576,0
17577,1
17578,0
17579,1
17580,1
17581,1
17582,1
17583,1
17584,1
17585,0
17586,1
17587,1
17588,0
17589,1
17590,0
17591,1
17592,0
17593,0
17594,0
17595,0
17596,0
17597,0
17598,1
17599,1
17600,1
17601,1
17602,1
17603,0
17604,0
17605,0
17606,0
17607,1
17608,1
17609,1
17610,1
17611,1
17612,0
17613,1
17614,1
17615,0
17616,0
17617,1
17618,1
17619,0
17620,1
17621,1
17622,1
17623,1
17624,0
17625,1
17626,1
17627,1
17628,1
17629,0
17630,1
17631,1
17632,1
17633,1
17634,0
17635,1
17636,0
17637,1
17638,1
17639,1
17640,1
17641,0
17642,1
17643,1
17644,1
17645,0
17646,1
17647,1
17648,1
17649,1
17650,0
17651,1
17652,0
17653,0
17654,1
17655,0
17656,1
17657,0
17658,1
17659,1
17660,1
17661,0
17662,1
17663,1
17664,1
17665,0
17666,1
17667,1
17668,1
17669,0
17670,1
17671,0
17672,1
17673,0
17674,0
17675,1
17676,1
17677,1
17678,1
17679,1
17680,1
17681,0
17682,1
17683,1
17684,1
17685,0
17686,0
17687,0
17688,1
17689,0
17690,0
17691,1
17692,0
17693,0
17694,0
17695,1
17696,1
17697,1
17698,0
17699,1
17700,1
17701,0
17702,0
17703,1
17704,0
17705,1
17706,1
17707,1
17708,1
17709,1
17710,1
17711,0
17712,1
17713,1
17714,1
17715,0
17716,1
17717,1
17718,0
17719,0
17720,0
17721,1
17722,1
17723,0
17724,0
17725,1
17726,1
17727,1
17728,0
17729,1
17730,0
17731,1
17732,0
17733,1
17734,1
17735,1
17736,1
17737,1
17738,1
17739,1
17740,0
17741,1
17742,1
17743,1
17744,1
17745,0
17746,1
17747,0
17748,0
17749,1
17750,0
17751,1
17752,1
17753,1
17754,1
17755,1
17756,1
17757,0
17758,0
17759,1
17760,1
17761,1
17762,1
17763,0
17764,1
17765,0
17766,1
17767,1
17768,1
17769,0
17770,1
17771,0
17772,1
17773,0
17774,0
17775,1
17776,1
17777,1
17778,1
17779,0
17780,1
17781,0
17782,1
17783,0
17784,1
17785,1
17786,0
17787,1
17788,0
17789,1
17790,1
17791,1
17792,1
17793,1
17794,1
17795,1
17796,0
17797,0
17798,1
17799,0
17800,0
17801,1
17802,1
17803,0
17804,1
17805,1
17806,0
17807,1
17808,1
17809,1
17810,1
17811,0
17812,1
17813,1
17814,0
17815,1
17816,1
17817,1
17818,1
17819,0
17820,0
17821,1
17822,1
17823,1
17824,0
17825,1
17826,1
17827,0
17828,1
17829,1
17830,1
17831,0
17832,0
17833,0
17834,1
17835,0
17836,1
17837,1
17838,0
17839,1
17840,1
17841,1
17842,0
17843,1
17844,1
17845,1
17846,1
17847,1
17848,1
17849,1
17850,1
17851,1
17852,1
17853,1
17854,0
17855,1
17856,1
17857,1
17858,1
17859,1
17860,0
17861,1
17862,1
17863,0
17864,0
17865,0
17866,1
17867,1
17868,0
17869,1
17870,1
17871,1
17872,0
17873,1
17874,1
17875,1
17876,1
17877,0
17878,1
17879,1
17880,1
17881,1
17882,1
17883,1
17884,1
17885,0
17886,1
17887,0
17888,0
17889,0
17890,0
17891,0
17892,0
17893,1
17894,0
17895,0
17896,0
17897,0
17898,0
17899,1
17900,1
17901,1
17902,0
17903,1
17904,0
17905,1
17906,0
17907,1
17908,1
17909,1
17910,1
17911,0
17912,1
17913,0
17914,0
17915,1
17916,1
17917,1
17918,1
17919,1
17920,1
17921,0
17922,1
17923,1
17924,0
17925,1
17926,1
17927,0
17928,1
17929,1
17930,1
17931,0
17932,0
17933,1
17934,0
17935,0
17936,1
17937,1
17938,1
17939,1
17940,0
17941,0
17942,1
17943,0
17944,1
17945,1
17946,1
17947,0
17948,1
17949,0
17950,1
17951,1
17952,1
17953,1
17954,1
17955,1
17956,1
17957,1
17958,0
17959,0
17960,0
17961,1
17962,0
17963,1
17964,0
17965,1
17966,1
17967,0
17968,0
17969,0
17970,1
17971,1
17972,1
17973,0
17974,1
17975,1
17976,0
17977,1
17978,1
17979,0
17980,1
17981,0
17982,0
17983,0
17984,1
17985,1
17986,0
17987,1
17988,1
17989,1
17990,1
17991,0
17992,1
17993,1
17994,1
17995,1
17996,0
17997,1
17998,0
17999,1
18000,0
18001,1
18002,0
18003,0
18004,0
18005,1
18006,0
18007,1
18008,1
18009,1
18010,1
18011,1
18012,0
18013,1
18014,1
18015,0
18016,1
18017,0
18018,1
18019,1
18020,0
18021,1
18022,1
18023,1
18024,0
18025,0
18026,1
18027,0
18028,1
18029,1
18030,1
18031,1
18032,1
18033,1
18034,1
18035,0
18036,1
18037,1
18038,1
18039,1
18040,1
18041,0
18042,0
18043,1
18044,1
18045,0
18046,0
18047,1
18048,1
18049,1
18050,1
18051,0
18052,0
18053,0
18054,0
18055,1
18056,1
18057,1
18058,1
18059,1
18060,0
18061,0
18062,1
18063,1
18064,1
18065,1
18066,0
18067,1
18068,0
18069,0
18070,0
18071,0
18072,0
18073,0
18074,1
18075,1
18076,0
18077,1
18078,1
18079,1
18080,1
18081,1
18082,1
18083,0
18084,1
18085,0
18086,1
18087,1
18088,1
18089,1
18090,1
18091,0
18092,1
18093,0
18094,0
18095,1
18096,1
18097,0
18098,1
18099,1
18100,1
18101,1
18102,1
18103,0
18104,1
18105,1
18106,1
18107,0
18108,1
18109,1
18110,1
18111,1
18112,1
18113,1
18114,1
18115,1
18116,1
18117,0
18118,1
18119,1
18120,1
18121,1
18122,1
18123,1
18124,1
18125,1
18126,0
18127,0
18128,1
18129,0
18130,1
18131,1
18132,1
18133,1
18134,0
18135,0
18136,1
18137,1
18138,1
18139,0
18140,1
18141,0
18142,0
18143,1
18144,1
18145,1
18146,1
18147,0
18148,1
18149,1
18150,1
18151,1
18152,1
18153,1
18154,1
18155,1
18156,1
18157,1
18158,1
18159,1
18160,1
18161,1
18162,0
18163,0
18164,0
18165,1
18166,0
18167,1
18168,0
18169,1
18170,1
18171,0
18172,1
18173,1
18174,0
18175,1
18176,1
18177,1
18178,0
18179,1
18180,0
18181,1
18182,1
18183,0
18184,1
18185,0
18186,1
18187,1
18188,1
18189,1
18190,1
18191,1
18192,1
18193,1
18194,1
18195,0
18196,0
18197,0
18198,1
18199,0
18200,1
18201,1
18202,1
18203,1
18204,0
18205,0
18206,0
18207,0
18208,1
18209,1
18210,0
18211,0
18212,0
18213,1
18214,0
18215,1
18216,1
18217,1
18218,1
18219,0
18220,1
18221,1
18222,1
18223,0
18224,1
18225,1
18226,1
18227,0
18228,1
18229,1
18230,0
18231,1
18232,1
18233,1
18234,1
18235,1
18236,1
18237,0
18238,0
18239,1
18240,0
18241,1
18242,1
18243,0
18244,0
18245,1
18246,1
18247,0
18248,0
18249,1
18250,1
18251,1
18252,1
18253,1
18254,0
18255,1
18256,1
18257,1
18258,1
18259,1
18260,1
18261,1
18262,0
18263,1
18264,1
18265,0
18266,1
18267,0
18268,1
18269,0
18270,0
18271,0
18272,1
18273,1
18274,1
18275,1
18276,1
18277,0
18278,0
18279,1
18280,1
18281,0
18282,1
18283,1
18284,1
18285,1
18286,1
18287,1
18288,1
18289,0
18290,1
18291,1
18292,1
18293,1
18294,0
18295,1
18296,0
18297,1
18298,1
18299,1
18300,1
18301,0
18302,1
18303,0
18304,0
18305,1
18306,1
18307,0
18308,1
18309,1
18310,1
18311,0
18312,1
18313,0
18314,1
18315,1
18316,0
18317,1
18318,1
18319,1
18320,1
18321,1
18322,1
18323,1
18324,0
18325,1
18326,1
18327,1
18328,1
18329,0
18330,1
18331,1
18332,0
18333,1
18334,1
18335,1
18336,0
18337,1
18338,1
18339,0
18340,1
18341,1
18342,0
18343,1
18344,0
18345,1
18346,0
18347,0
18348,0
18349,1
18350,0
18351,0
18352,1
18353,0
18354,1
18355,0
18356,0
18357,0
18358,1
18359,1
18360,0
18361,0
18362,1
18363,1
18364,0
18365,0
18366,0
18367,0
18368,1
18369,1
18370,1
18371,1
18372,0
18373,1
18374,0
18375,1
18376,1
18377,0
18378,1
18379,1
18380,1
18381,0
18382,1
18383,0
18384,0
18385,0
18386,0
18387,0
18388,1
18389,0
18390,1
18391,1
18392,1
18393,1
18394,1
18395,1
18396,1
18397,0
18398,1
18399,1
18400,0
18401,0
18402,0
18403,1
18404,0
18405,0
18406,0
18407,0
18408,1
18409,0
18410,1
18411,1
18412,1
18413,1
18414,0
18415,1
18416,0
18417,1
18418,1
18419,1
18420,1
18421,1
18422,1
18423,0
18424,0
18425,1
18426,1
18427,1
18428,1
18429,1
18430,0
18431,1
18432,1
18433,1
18434,1
18435,0
18436,1
18437,1
18438,1
18439,0
18440,0
18441,1
18442,0
18443,0
18444,1
18445,0
18446,0
18447,1
18448,0
18449,1
18450,1
18451,1
18452,1
18453,1
18454,1
18455,1
18456,1
18457,1
18458,1
18459,1
18460,1
18461,1
18462,1
18463,1
18464,1
18465,0
18466,0
18467,1
18468,1
18469,1
18470,1
18471,0
18472,1
18473,0
18474,1
18475,1
18476,0
18477,1
18478,1
18479,1
18480,0
18481,0
18482,1
18483,1
18484,1
18485,0
18486,1
18487,0
18488,1
18489,1
18490,0
18491,1
18492,1
18493,0
18494,1
18495,1
18496,0
18497,1
18498,1
18499,1
18500,1
18501,1
18502,0
18503,0
18504,1
18505,1
18506,1
18507,0
18508,1
18509,1
18510,1
18511,1
18512,0
18513,1
18514,1
18515,1
18516,0
18517,1
18518,1
18519,1
18520,0
18521,1
18522,0
18523,0
18524,1
18525,0
18526,1
18527,0
18528,1
18529,0
18530,1
18531,0
18532,0
18533,0
18534,1
18535,1
18536,1
18537,1
18538,1
18539,1
18540,0
18541,1
18542,1
18543,0
18544,1
18545,1
18546,1
18547,0
18548,0
18549,1
18550,1
18551,0
18552,0
18553,1
18554,1
18555,1
18556,0
18557,1
18558,1
18559,1
18560,1
18561,0
18562,0
18563,0
18564,0
18565,0
18566,1
18567,0
18568,1
18569,1
18570,1
18571,1
18572,0
18573,1
18574,0
18575,0
18576,0
18577,1
18578,1
18579,1
18580,1
18581,1
18582,1
18583,1
18584,1
18585,0
18586,0
18587,1
18588,0
18589,1
18590,1
18591,1
18592,0
18593,0
18594,0
18595,1
18596,1
18597,1
18598,1
18599,0
18600,0
18601,1
18602,0
18603,1
18604,1
18605,1
18606,0
18607,1
18608,1
18609,0
18610,0
18611,0
18612,0
18613,1
18614,1
18615,1
18616,0
18617,1
18618,1
18619,0
18620,1
18621,1
18622,0
18623,1
18624,0
18625,1
18626,0
18627,1
18628,1
18629,1
18630,1
18631,0
18632,1
18633,1
18634,1
18635,0
18636,1
18637,1
18638,1
18639,1
18640,0
18641,1
18642,1
18643,1
18644,0
18645,1
18646,1
18647,1
18648,1
18649,1
18650,1
18651,0
18652,1
18653,0
18654,1
18655,0
18656,0
18657,1
18658,1
18659,0
18660,1
18661,1
18662,1
18663,1
18664,1
18665,0
18666,1
18667,1
18668,1
18669,1
18670,0
18671,1
18672,0
18673,0
18674,0
18675,1
18676,1
18677,1
18678,1
18679,1
18680,1
18681,0
18682,0
18683,0
18684,1
18685,1
18686,1
18687,1
18688,1
18689,1
18690,1
18691,1
18692,1
18693,0
18694,1
18695,1
18696,0
18697,1
18698,1
18699,1
18700,1
18701,1
18702,0
18703,1
18704,1
18705,0
18706,0
18707,1
18708,0
18709,0
18710,1
18711,1
18712,1
18713,0
18714,0
18715,0
18716,1
18717,1
18718,0
18719,1
18720,1
18721,1
18722,1
18723,1
18724,1
18725,0
18726,1
18727,1
18728,1
18729,1
18730,0
18731,1
18732,0
18733,0
18734,1
18735,1
18736,0
18737,1
18738,1
18739,0
18740,0
18741,0
18742,0
18743,0
18744,0
18745,1
18746,1
18747,0
18748,1
18749,1
18750,1
18751,1
18752,1
18753,1
18754,1
18755,0
18756,1
18757,1
18758,1
18759,1
18760,1
18761,1
18762,1
18763,0
18764,0
18765,1
18766,1
18767,1
18768,0
18769,0
18770,1
18771,0
18772,0
18773,1
18774,1
18775,1
18776,1
18777,1
18778,1
18779,1
18780,1
18781,1
18782,0
18783,1
18784,1
18785,1
18786,1
18787,0
18788,1
18789,1
18790,1
18791,1
18792,1
18793,0
18794,1
18795,1
18796,1
18797,0
18798,1
18799,1
18800,1
18801,1
18802,1
18803,1
18804,1
18805,1
18806,0
18807,0
18808,0
18809,1
18810,0
18811,1
18812,1
18813,0
18814,1
18815,0
18816,0
18817,1
18818,1
18819,0
18820,1
18821,0
18822,0
18823,0
18824,1
18825,0
18826,1
18827,1
18828,1
18829,1
18830,1
18831,0
18832,1
18833,1
18834,1
18835,1
18836,1
18837,1
18838,1
18839,0
18840,1
18841,1
18842,1
18843,1
18844,1
18845,0
18846,1
18847,1
18848,0
18849,1
18850,0
18851,1
18852,1
18853,0
18854,0
18855,1
18856,1
18857,1
18858,1
18859,0
18860,1
18861,1
18862,1
18863,1
18864,0
18865,1
18866,0
18867,1
18868,1
18869,1
18870,1
18871,0
18872,0
18873,1
18874,1
18875,1
18876,1
18877,0
18878,0
18879,1
18880,0
18881,0
18882,1
18883,0
18884,1
18885,0
18886,1
18887,1
18888,0
18889,1
18890,1
18891,1
18892,0
18893,1
18894,0
18895,0
18896,1
18897,1
18898,1
18899,1
18900,0
18901,1
18902,1
18903,0
18904,0
18905,0
18906,0
18907,0
18908,0
18909,1
18910,0
18911,1
18912,1
18913,1
18914,0
18915,1
18916,0
18917,1
18918,0
18919,0
18920,1
18921,0
18922,0
18923,1
18924,1
18925,1
18926,1
18927,0
18928,1
18929,1
18930,1
18931,1
18932,0
18933,0
18934,1
18935,1
18936,1
18937,0
18938,1
18939,0
18940,1
18941,1
18942,1
18943,1
18944,1
18945,1
18946,1
18947,1
18948,0
18949,1
18950,0
18951,1
18952,0
18953,1
18954,1
18955,0
18956,1
18957,1
18958,0
18959,0
18960,1
18961,1
18962,1
18963,0
18964,0
18965,0
18966,0
18967,1
18968,1
18969,1
18970,0
18971,0
18972,1
18973,0
18974,1
18975,1
18976,1
18977,1
18978,0
18979,1
18980,0
18981,1
18982,1
18983,0
18984,1
18985,0
18986,0
18987,0
18988,1
18989,1
18990,1
18991,1
18992,0
18993,1
18994,1
18995,0
18996,1
18997,0
18998,1
18999,1
19000,1
19001,0
19002,1
19003,1
19004,0
19005,1
19006,1
19007,1
19008,0
19009,1
19010,1
19011,1
19012,1
19013,1
19014,0
19015,1
19016,0
19017,1
19018,1
19019,1
19020,0
19021,0
19022,1
19023,1
19024,1
19025,0
19026,0
19027,1
19028,1
19029,1
19030,1
19031,1
19032,0
19033,0
19034,0
19035,1
19036,0
19037,1
19038,1
19039,1
19040,0
19041,1
19042,1
19043,1
19044,0
19045,1
19046,1
19047,1
19048,1
19049,1
19050,1
19051,0
19052,1
19053,1
19054,1
19055,1
19056,0
19057,1
19058,0
19059,1
19060,0
19061,0
19062,0
19063,1
19064,1
19065,1
19066,0
19067,0
19068,1
19069,1
19070,1
19071,1
19072,1
19073,0
19074,1
19075,1
19076,0
19077,1
19078,1
19079,1
19080,1
19081,0
19082,1
19083,1
19084,0
19085,1
19086,0
19087,1
19088,1
19089,1
19090,1
19091,1
19092,1
19093,0
19094,1
19095,0
19096,1
19097,1
19098,1
19099,1
19100,1
19101,1
19102,1
19103,0
19104,1
19105,1
19106,1
19107,1
19108,0
19109,1
19110,1
19111,1
19112,0
19113,1
19114,0
19115,0
19116,1
19117,0
19118,0
19119,1
19120,1
19121,1
19122,0
19123,1
19124,0
19125,1
19126,0
19127,1
19128,0
19129,0
19130,0
19131,1
19132,0
19133,1
19134,0
19135,0
19136,0
19137,1
19138,1
19139,0
19140,1
19141,1
19142,0
19143,0
19144,0
19145,0
19146,0
19147,0
19148,0
19149,1
19150,0
19151,1
19152,0
19153,1
19154,1
19155,1
19156,0
19157,0
19158,1
19159,1
19160,0
19161,0
19162,0
19163,0
19164,0
19165,1
19166,1
19167,1
19168,1
19169,1
19170,0
19171,1
19172,1
19173,1
19174,1
19175,1
19176,1
19177,0
19178,0
19179,1
19180,0
19181,1
19182,0
19183,0
19184,0
19185,1
19186,1
19187,1
19188,0
19189,1
19190,0
19191,1
19192,0
19193,1
19194,1
19195,0
19196,1
19197,1
19198,1
19199,1
19200,1
19201,1
19202,1
19203,1
19204,1
19205,0
19206,1
19207,1
19208,1
19209,1
19210,1
19211,1
19212,1
19213,1
19214,1
19215,0
19216,0
19217,0
19218,1
19219,1
19220,1
19221,1
19222,1
19223,1
19224,0
19225,1
19226,0
19227,1
19228,1
19229,1
19230,0
19231,0
19232,0
19233,0
19234,1
19235,1
19236,0
19237,1
19238,1
19239,1
19240,1
19241,1
19242,0
19243,1
19244,0
19245,0
19246,1
19247,1
19248,1
19249,1
19250,0
19251,1
19252,0
19253,1
19254,0
19255,0
19256,1
19257,0
19258,0
19259,1
19260,1
19261,1
19262,0
19263,0
19264,1
19265,1
19266,1
19267,0
19268,0
19269,0
19270,1
19271,0
19272,1
19273,1
19274,1
19275,0
19276,1
19277,0
19278,1
19279,0
19280,0
19281,1
19282,1
19283,0
19284,0
19285,1
19286,0
19287,0
19288,1
19289,1
19290,0
19291,1
19292,1
19293,0
19294,0
19295,1
19296,1
19297,1
19298,1
19299,1
19300,0
19301,1
19302,1
19303,1
19304,1
19305,0
19306,1
19307,0
19308,1
19309,0
19310,1
19311,1
19312,0
19313,1
19314,0
19315,0
19316,0
19317,0
19318,1
19319,1
19320,1
19321,0
19322,1
19323,1
19324,0
19325,1
19326,1
19327,1
19328,1
19329,0
19330,1
19331,0
19332,0
19333,1
19334,0
19335,0
19336,0
19337,0
19338,1
19339,0
19340,0
19341,1
19342,0
19343,1
19344,1
19345,0
19346,1
19347,0
19348,1
19349,1
19350,1
19351,1
19352,0
19353,1
19354,0
19355,1
19356,1
19357,1
19358,0
19359,1
19360,1
19361,1
19362,0
19363,1
19364,1
19365,0
19366,0
19367,1
19368,1
19369,1
19370,1
19371,1
19372,0
19373,0
19374,0
19375,0
19376,1
19377,0
19378,1
19379,0
19380,1
19381,1
19382,1
19383,1
19384,0
19385,0
19386,1
19387,1
19388,1
19389,1
19390,0
19391,1
19392,0
19393,1
19394,1
19395,1
19396,1
19397,1
19398,1
19399,1
19400,1
19401,0
19402,1
19403,1
19404,0
19405,1
19406,0
19407,0
19408,1
19409,1
19410,0
19411,1
19412,1
19413,1
19414,1
19415,0
19416,0
19417,1
19418,1
19419,0
19420,1
19421,0
19422,1
19423,0
19424,1
19425,0
19426,1
19427,1
19428,0
19429,1
19430,1
19431,0
19432,1
19433,0
19434,1
19435,1
19436,1
19437,1
19438,1
19439,1
19440,0
19441,1
19442,1
19443,0
19444,1
19445,1
19446,1
19447,0
19448,0
19449,0
19450,1
19451,1
19452,1
19453,1
19454,0
19455,1
19456,1
19457,1
19458,1
19459,1
19460,1
19461,1
19462,0
19463,1
19464,1
19465,1
19466,1
19467,1
19468,1
19469,1
19470,1
19471,1
19472,1
19473,0
19474,1
19475,0
19476,0
19477,0
19478,1
19479,1
19480,0
19481,1
19482,1
19483,0
19484,1
19485,0
19486,1
19487,1
19488,1
19489,1
19490,1
19491,0
19492,1
19493,0
19494,1
19495,0
19496,0
19497,0
19498,1
19499,1
19500,1
19501,1
19502,1
19503,0
19504,1
19505,1
19506,1
19507,1
19508,0
19509,1
19510,1
19511,1
19512,1
19513,0
19514,1
19515,0
19516,0
19517,1
19518,1
19519,1
19520,1
19521,1
19522,0
19523,0
19524,0
19525,1
19526,1
19527,0
19528,1
19529,0
19530,1
19531,0
19532,1
19533,1
19534,0
19535,1
19536,0
19537,1
19538,1
19539,1
19540,0
19541,1
19542,1
19543,1
19544,0
19545,1
19546,1
19547,0
19548,0
19549,1
19550,0
19551,1
19552,0
19553,0
19554,0
19555,1
19556,0
19557,0
19558,1
19559,1
19560,0
19561,1
19562,1
19563,1
19564,1
19565,1
19566,1
19567,1
19568,0
19569,1
19570,1
19571,1
19572,1
19573,0
19574,1
19575,1
19576,1
19577,1
19578,0
19579,1
19580,1
19581,0
19582,1
19583,1
19584,1
19585,1
19586,0
19587,1
19588,1
19589,0
19590,0
19591,1
19592,1
19593,1
19594,0
19595,1
19596,0
19597,1
19598,1
19599,0
19600,0
19601,1
19602,1
19603,0
19604,1
19605,0
19606,0
19607,1
19608,1
19609,0
19610,1
19611,0
19612,1
19613,1
19614,1
19615,1
19616,0
19617,0
19618,0
19619,0
19620,1
19621,1
19622,0
19623,1
19624,0
19625,0
19626,1
19627,1
19628,1
19629,0
19630,1
19631,1
19632,1
19633,0
19634,1
19635,1
19636,1
19637,0
19638,1
19639,1
19640,1
19641,1
19642,1
19643,1
19644,1
19645,1
19646,1
19647,0
19648,0
19649,1
19650,1
19651,0
19652,1
19653,0
19654,0
19655,1
19656,0
19657,1
19658,1
19659,1
19660,1
19661,1
19662,1
19663,1
19664,0
19665,1
19666,0
19667,0
19668,1
19669,0
19670,1
19671,0
19672,1
19673,0
19674,1
19675,1
19676,1
19677,1
19678,1
19679,1
19680,1
19681,1
19682,1
19683,0
19684,1
19685,1
19686,0
19687,1
19688,0
19689,1
19690,1
19691,1
19692,1
19693,1
19694,1
19695,1
19696,1
19697,1
19698,1
19699,1
19700,1
19701,1
19702,0
19703,1
19704,0
19705,1
19706,1
19707,0
19708,1
19709,0
19710,0
19711,0
19712,1
19713,1
19714,0
19715,1
19716,1
19717,1
19718,0
19719,0
19720,1
19721,1
19722,0
19723,1
19724,1
19725,0
19726,1
19727,1
19728,0
19729,0
19730,1
19731,1
19732,1
19733,0
19734,0
19735,0
19736,0
19737,0
19738,1
19739,0
19740,0
19741,1
19742,1
19743,1
19744,1
19745,1
19746,1
19747,0
19748,1
19749,1
19750,1
19751,0
19752,1
19753,1
19754,0
19755,1
19756,1
19757,0
19758,1
19759,1
19760,1
19761,1
19762,0
19763,0
19764,0
19765,1
19766,0
19767,1
19768,0
19769,0
19770,1
19771,0
19772,0
19773,1
19774,0
19775,1
19776,0
19777,1
19778,1
19779,0
19780,0
19781,1
19782,0
19783,1
19784,1
19785,1
19786,1
19787,1
19788,1
19789,0
19790,1
19791,1
19792,1
19793,0
19794,0
19795,1
19796,0
19797,1
19798,1
19799,1
19800,1
19801,1
19802,1
19803,0
19804,0
19805,1
19806,0
19807,1
19808,1
19809,1
19810,1
19811,1
19812,0
19813,1
19814,0
19815,0
19816,0
19817,1
19818,0
19819,0
19820,1
19821,1
19822,1
19823,1
19824,1
19825,1
19826,0
19827,1
19828,1
19829,1
19830,1
19831,1
19832,0
19833,0
19834,1
19835,1
19836,1
19837,1
19838,1
19839,1
19840,1
19841,1
19842,0
19843,0
19844,1
19845,0
19846,1
19847,0
19848,1
19849,1
19850,1
19851,0
19852,0
19853,1
19854,0
19855,1
19856,1
19857,1
19858,1
19859,0
19860,0
19861,1
19862,1
19863,0
19864,1
19865,1
19866,0
19867,0
19868,0
19869,1
19870,1
19871,0
19872,0
19873,1
19874,1
19875,0
19876,1
19877,0
19878,1
19879,0
19880,0
19881,1
19882,1
19883,0
19884,1
19885,1
19886,1
19887,0
19888,1
19889,1
19890,0
19891,1
19892,1
19893,0
19894,0
19895,1
19896,1
19897,1
19898,0
19899,1
19900,0
19901,0
19902,1
19903,1
19904,1
19905,0
19906,1
19907,0
19908,1
19909,1
19910,1
19911,1
19912,1
19913,0
19914,1
19915,1
19916,1
19917,0
19918,1
19919,0
19920,0
19921,1
19922,1
19923,1
19924,0
19925,1
19926,0
19927,0
19928,1
19929,1
19930,1
19931,1
19932,1
19933,1
19934,1
19935,1
19936,1
19937,1
19938,1
19939,1
19940,1
19941,0
19942,1
19943,0
19944,1
19945,1
19946,1
19947,1
19948,1
19949,1
19950,0
19951,0
19952,0
19953,1
19954,1
19955,0
19956,1
19957,0
19958,0
19959,1
19960,0
19961,0
19962,0
19963,1
19964,1
19965,0
19966,1
19967,0
19968,1
19969,1
19970,0
19971,1
19972,1
19973,1
19974,1
19975,1
19976,1
19977,1
19978,1
19979,1
19980,1
19981,0
19982,1
19983,0
19984,1
19985,1
19986,0
19987,1
19988,1
19989,1
19990,0
19991,0
19992,0
19993,1
19994,1
19995,1
19996,1
19997,0
19998,1
19999,1
20000,1
20001,1
20002,1
20003,0
20004,1
20005,0
20006,1
20007,1
20008,0
20009,0
20010,1
20011,1
20012,1
20013,1
20014,1
20015,1
20016,1
20017,0
20018,0
20019,1
20020,0
20021,1
20022,1
20023,1
20024,1
20025,1
20026,1
20027,1
20028,1
20029,1
20030,0
20031,1
20032,1
20033,1
20034,0
20035,1
20036,1
20037,0
20038,0
20039,0
20040,0
20041,1
20042,1
20043,1
20044,0
20045,0
20046,0
20047,0
20048,1
20049,0
20050,1
20051,1
20052,0
20053,0
20054,1
20055,1
20056,1
20057,1
20058,1
20059,1
20060,0
20061,0
20062,0
20063,0
20064,1
20065,0
20066,1
20067,0
20068,0
20069,0
20070,1
20071,1
20072,0
20073,1
20074,1
20075,1
20076,1
20077,0
20078,1
20079,0
20080,0
20081,1
20082,1
20083,1
20084,0
20085,1
20086,1
20087,0
20088,1
20089,1
20090,1
20091,1
20092,1
20093,1
20094,0
20095,1
20096,1
20097,1
20098,1
20099,1
20100,0
20101,1
20102,1
20103,1
20104,1
20105,0
20106,1
20107,0
20108,1
20109,1
20110,1
20111,1
20112,0
20113,1
20114,0
20115,1
20116,0
20117,1
20118,1
20119,1
20120,0
20121,1
20122,1
20123,1
20124,1
20125,1
20126,1
20127,1
20128,1
20129,1
20130,1
20131,1
20132,1
20133,1
20134,1
20135,1
20136,1
20137,1
20138,1
20139,1
20140,1
20141,1
20142,1
20143,0
20144,1
20145,0
20146,1
20147,1
20148,0
20149,1
20150,1
20151,1
20152,0
20153,0
20154,0
20155,1
20156,1
20157,0
20158,1
20159,0
20160,1
20161,0
20162,1
20163,0
20164,0
20165,0
20166,0
20167,1
20168,0
20169,1
20170,1
20171,1
20172,0
20173,1
20174,1
20175,1
20176,1
20177,1
20178,0
20179,1
20180,1
20181,1
20182,0
20183,1
20184,1
20185,1
20186,1
20187,0
20188,0
20189,1
20190,1
20191,1
20192,0
20193,1
20194,1
20195,1
20196,0
20197,0
20198,1
20199,0
20200,1
20201,1
20202,0
20203,1
20204,0
20205,0
20206,1
20207,1
20208,1
20209,0
20210,0
20211,1
20212,1
20213,0
20214,1
20215,0
20216,1
20217,1
20218,1
20219,1
20220,1
20221,1
20222,0
20223,0
20224,0
20225,0
20226,0
20227,0
20228,1
20229,0
20230,1
20231,1
20232,0
20233,1
20234,1
20235,0
20236,1
20237,1
20238,1
20239,1
20240,1
20241,1
20242,1
20243,0
20244,1
20245,0
20246,1
20247,0
20248,1
20249,1
20250,1
20251,1
20252,1
20253,0
20254,1
20255,1
20256,1
20257,1
20258,1
20259,1
20260,0
20261,1
20262,1
20263,0
20264,0
20265,0
20266,1
20267,0
20268,0
20269,0
20270,1
20271,1
20272,1
20273,0
20274,1
20275,0
20276,0
20277,1
20278,1
20279,1
20280,0
20281,1
20282,0
20283,1
20284,0
20285,0
20286,1
20287,1
20288,1
20289,1
20290,0
20291,1
20292,0
20293,0
20294,0
20295,1
20296,0
20297,1
20298,1
20299,1
20300,0
20301,1
20302,1
20303,1
20304,0
20305,1
20306,0
20307,0
20308,0
20309,0
20310,0
20311,1
20312,1
20313,1
20314,1
20315,0
20316,0
20317,0
20318,1
20319,1
20320,0
20321,0
20322,0
20323,1
20324,1
20325,1
20326,0
20327,0
20328,1
20329,1
20330,0
20331,0
20332,1
20333,0
20334,1
20335,0
20336,1
20337,1
20338,1
20339,0
20340,0
20341,1
20342,0
20343,1
20344,0
20345,0
20346,1
20347,1
20348,1
20349,0
20350,0
20351,1
20352,1
20353,1
20354,0
20355,0
20356,0
20357,1
20358,1
20359,1
20360,1
20361,1
20362,1
20363,1
20364,1
20365,1
20366,0
20367,0
20368,0
20369,0
20370,1
20371,0
20372,0
20373,1
20374,1
20375,1
20376,1
20377,1
20378,0
20379,1
20380,1
20381,0
20382,1
20383,1
20384,0
20385,0
20386,1
20387,1
20388,1
20389,0
20390,0
20391,1
20392,0
20393,0
20394,1
20395,1
20396,1
20397,1
20398,1
20399,1
20400,1
20401,0
20402,1
20403,0
20404,0
20405,0
20406,0
20407,1
20408,1
20409,1
20410,1
20411,1
20412,1
20413,1
20414,1
20415,0
20416,1
20417,0
20418,1
20419,1
20420,0
20421,0
20422,1
20423,1
20424,0
20425,0
20426,1
20427,1
20428,0
20429,1
20430,0
20431,0
20432,1
20433,1
20434,1
20435,1
20436,1
20437,0
20438,1
20439,1
20440,1
20441,0
20442,1
20443,0
20444,1
20445,1
20446,1
20447,1
20448,1
20449,0
20450,0
20451,1
20452,1
20453,0
20454,0
20455,1
20456,0
20457,0
20458,0
20459,1
20460,0
20461,1
20462,1
20463,1
20464,1
20465,1
20466,0
20467,0
20468,1
20469,0
20470,1
20471,1
20472,0
20473,1
20474,0
20475,0
20476,1
20477,0
20478,1
20479,1
20480,0
20481,1
20482,1
20483,1
20484,1
20485,1
20486,0
20487,1
20488,1
20489,0
20490,1
20491,1
20492,1
20493,1
20494,0
20495,0
20496,1
20497,0
20498,1
20499,1
20500,0
20501,1
20502,1
20503,1
20504,1
20505,1
20506,0
20507,1
20508,0
20509,0
20510,1
20511,0
20512,1
20513,1
20514,0
20515,0
20516,1
20517,1
20518,1
20519,0
20520,1
20521,1
20522,1
20523,0
20524,1
20525,0
20526,0
20527,1
20528,1
20529,1
20530,0
20531,0
20532,1
20533,0
20534,1
20535,1
20536,1
20537,0
20538,0
20539,1
20540,1
20541,1
20542,1
20543,1
20544,1
20545,0
20546,0
20547,1
20548,1
20549,1
20550,1
20551,1
20552,1
20553,1
20554,1
20555,1
20556,1
20557,1
20558,1
20559,0
20560,1
20561,1
20562,0
20563,1
20564,1
20565,1
20566,1
20567,1
20568,0
20569,1
20570,1
20571,0
20572,1
20573,1
20574,0
20575,1
20576,1
20577,1
20578,0
20579,0
20580,1
20581,1
20582,1
20583,0
20584,1
20585,1
20586,0
20587,1
20588,0
20589,0
20590,0
20591,1
20592,0
20593,1
20594,1
20595,1
20596,1
20597,1
20598,0
20599,1
20600,0
20601,1
20602,1
20603,1
20604,1
20605,1
20606,0
20607,0
20608,0
20609,1
20610,1
20611,1
20612,0
20613,1
20614,1
20615,0
20616,1
20617,0
20618,1
20619,0
20620,1
20621,0
20622,1
20623,0
20624,1
20625,1
20626,1
20627,1
20628,0
20629,0
20630,0
20631,1
20632,1
20633,1
20634,0
20635,1
20636,1
20637,1
20638,1
20639,1
20640,0
20641,0
20642,1
20643,1
20644,1
20645,1
20646,0
20647,1
20648,1
20649,1
20650,1
20651,1
20652,0
20653,1
20654,0
20655,1
20656,1
20657,1
20658,0
20659,1
20660,0
20661,1
20662,1
20663,1
20664,0
20665,1
20666,0
20667,1
20668,1
20669,1
20670,0
20671,0
20672,1
20673,0
20674,0
20675,1
20676,1
20677,1
20678,0
20679,0
20680,0
20681,0
20682,1
20683,1
20684,1
20685,0
20686,1
20687,0
20688,0
20689,1
20690,1
20691,0
20692,0
20693,1
20694,1
20695,1
20696,0
20697,1
20698,1
20699,0
20700,1
20701,1
20702,0
20703,1
20704,1
20705,1
20706,1
20707,1
20708,0
20709,1
20710,1
20711,0
20712,1
20713,1
20714,0
20715,1
20716,0
20717,0
20718,0
20719,0
20720,0
20721,0
20722,0
20723,1
20724,0
20725,1
20726,0
20727,0
20728,1
20729,0
20730,1
20731,1
20732,1
20733,1
20734,0
20735,1
20736,1
20737,0
20738,1
20739,1
20740,1
20741,1
20742,0
20743,1
20744,0
20745,1
20746,1
20747,0
20748,1
20749,1
20750,0
20751,0
20752,1
20753,0
20754,0
20755,0
20756,1
20757,0
20758,1
20759,0
20760,0
20761,1
20762,1
20763,1
20764,1
20765,1
20766,0
20767,1
20768,1
20769,0
20770,1
20771,1
20772,0
20773,0
20774,0
20775,1
20776,1
20777,1
20778,0
20779,1
20780,0
20781,0
20782,0
20783,0
20784,0
20785,0
20786,1
20787,1
20788,0
20789,1
20790,1
20791,1
20792,1
20793,0
20794,1
20795,1
20796,1
20797,1
20798,1
20799,0
20800,1
20801,1
20802,1
20803,1
20804,0
20805,1
20806,1
20807,0
20808,1
20809,1
20810,0
20811,0
20812,1
20813,0
20814,0
20815,1
20816,1
20817,1
20818,0
20819,1
20820,1
20821,1
20822,0
20823,0
20824,1
20825,1
20826,1
20827,0
20828,0
20829,1
20830,1
20831,1
20832,1
20833,1
20834,1
20835,0
20836,1
20837,0
20838,0
20839,1
20840,1
20841,1
20842,1
20843,1
20844,1
20845,0
20846,1
20847,1
20848,1
20849,0
20850,0
20851,1
20852,0
20853,1
20854,1
20855,0
20856,1
20857,1
20858,1
20859,1
20860,0
20861,1
20862,0
20863,1
20864,1
20865,1
20866,0
20867,1
20868,1
20869,0
20870,1
20871,0
20872,0
20873,0
20874,1
20875,0
20876,1
20877,0
20878,1
20879,1
20880,0
20881,1
20882,0
20883,0
20884,0
20885,1
20886,0
20887,1
20888,0
20889,1
20890,1
20891,0
20892,1
20893,1
20894,0
20895,0
20896,1
20897,0
20898,1
20899,1
20900,0
20901,1
20902,1
20903,0
20904,0
20905,0
20906,1
20907,0
20908,1
20909,0
20910,0
20911,0
20912,0
20913,1
20914,1
20915,1
20916,1
20917,1
20918,1
20919,1
20920,1
20921,1
20922,1
20923,0
20924,0
20925,0
20926,1
20927,1
20928,0
20929,1
20930,0
20931,0
20932,1
20933,1
20934,1
20935,0
20936,1
20937,0
20938,0
20939,1
20940,1
20941,1
20942,1
20943,0
20944,1
20945,0
20946,0
20947,1
20948,0
20949,0
20950,1
20951,1
20952,0
20953,1
20954,0
20955,0
20956,1
20957,1
20958,1
20959,1
20960,1
20961,0
20962,1
20963,1
20964,1
20965,1
20966,1
20967,1
20968,0
20969,0
20970,1
20971,1
20972,1
20973,1
20974,0
20975,1
20976,1
20977,1
20978,0
20979,0
20980,1
20981,0
20982,1
20983,0
20984,1
20985,0
20986,0
20987,1
20988,1
20989,1
20990,0
20991,1
20992,1
20993,0
20994,0
20995,1
20996,0
20997,1
20998,0
20999,1
21000,0
21001,1
21002,0
21003,0
21004,1
21005,0
21006,0
21007,0
21008,0
21009,1
21010,1
21011,1
21012,1
21013,1
21014,0
21015,1
21016,1
21017,1
21018,0
21019,1
21020,1
21021,1
21022,0
21023,1
21024,1
21025,1
21026,1
21027,1
21028,1
21029,1
21030,0
21031,1
21032,1
21033,0
21034,1
21035,1
21036,0
21037,0
21038,1
21039,1
21040,0
21041,1
21042,1
21043,1
21044,1
21045,0
21046,0
21047,1
21048,1
21049,0
21050,0
21051,0
21052,1
21053,1
21054,1
21055,0
21056,1
21057,1
21058,1
21059,1
21060,0
21061,0
21062,0
21063,0
21064,1
21065,1
21066,1
21067,1
21068,1
21069,1
21070,1
21071,1
21072,1
21073,1
21074,0
21075,1
21076,1
21077,1
21078,0
21079,0
21080,1
21081,1
21082,1
21083,0
21084,1
21085,1
21086,1
21087,1
21088,0
21089,1
21090,1
21091,0
21092,0
21093,0
21094,0
21095,1
21096,1
21097,0
21098,1
21099,1
21100,1
21101,0
21102,1
21103,1
21104,1
21105,0
21106,1
21107,0
21108,1
21109,0
21110,1
21111,0
21112,0
21113,1
21114,0
21115,1
21116,0
21117,1
21118,0
21119,1
21120,1
21121,1
21122,1
21123,1
21124,1
21125,0
21126,1
21127,0
21128,0
21129,0
21130,1
21131,1
21132,0
21133,1
21134,1
21135,1
21136,1
21137,1
21138,1
21139,0
21140,1
21141,0
21142,1
21143,1
21144,1
21145,1
21146,1
21147,1
21148,0
21149,0
21150,0
21151,1
21152,1
21153,0
21154,0
21155,0
21156,0
21157,0
21158,0
21159,0
21160,0
21161,1
21162,1
21163,1
21164,0
21165,1
21166,1
21167,1
21168,1
21169,0
21170,1
21171,1
21172,0
21173,1
21174,1
21175,1
21176,1
21177,0
21178,1
21179,1
21180,0
21181,1
21182,1
21183,1
21184,1
21185,1
21186,0
21187,1
21188,1
21189,1
21190,1
21191,0
21192,0
21193,1
21194,1
21195,1
21196,1
21197,1
21198,1
21199,0
21200,0
21201,0
21202,0
21203,0
21204,1
21205,1
21206,1
21207,1
21208,1
21209,0
21210,0
21211,0
21212,0
21213,0
21214,0
21215,0
21216,1
21217,1
21218,0
21219,0
21220,1
21221,0
21222,1
21223,0
21224,1
21225,0
21226,1
21227,0
21228,1
21229,0
21230,0
21231,1
21232,0
21233,1
21234,1
21235,1
21236,0
21237,1
21238,0
21239,1
21240,1
21241,1
21242,0
21243,1
21244,1
21245,1
21246,1
21247,0
21248,0
21249,1
21250,0
21251,1
21252,0
21253,1
21254,0
21255,1
21256,0
21257,1
21258,0
21259,1
21260,0
21261,0
21262,1
21263,0
21264,1
21265,0
21266,1
21267,1
21268,0
21269,1
21270,1
21271,1
21272,1
21273,0
21274,1
21275,1
21276,1
21277,0
21278,0
21279,1
21280,1
21281,1
21282,1
21283,1
21284,0
21285,1
21286,0
21287,1
21288,0
21289,1
21290,0
21291,1
21292,1
21293,0
21294,1
21295,1
21296,0
21297,1
21298,0
21299,0
21300,0
21301,0
21302,1
21303,1
21304,1
21305,0
21306,1
21307,1
21308,0
21309,1
21310,1
21311,1
21312,1
21313,0
21314,1
21315,0
21316,1
21317,0
21318,1
21319,1
21320,1
21321,0
21322,0
21323,0
21324,1
21325,1
21326,1
21327,0
21328,1
21329,0
21330,1
21331,1
21332,1
21333,0
21334,1
21335,0
21336,1
21337,1
21338,1
21339,1
21340,0
21341,0
21342,1
21343,1
21344,1
21345,1
21346,1
21347,1
21348,1
21349,1
21350,0
21351,1
21352,0
21353,1
21354,1
21355,1
21356,1
21357,0
21358,1
21359,1
21360,0
21361,0
21362,0
21363,1
21364,1
21365,0
21366,1
21367,1
21368,1
21369,1
21370,0
21371,1
21372,0
21373,1
21374,0
21375,1
21376,0
21377,0
21378,1
21379,1
21380,1
21381,1
21382,1
21383,1
21384,1
21385,1
21386,1
21387,1
21388,1
21389,0
21390,1
21391,0
21392,1
21393,0
21394,0
21395,1
21396,1
21397,1
21398,0
21399,1
21400,0
21401,0
21402,1
21403,1
21404,1
21405,0
21406,1
21407,0
21408,1
21409,0
21410,0
21411,1
21412,1
21413,1
21414,0
21415,0
21416,1
21417,0
21418,1
21419,1
21420,1
21421,1
21422,1
21423,0
21424,1
21425,1
21426,1
21427,0
21428,1
21429,1
21430,1
21431,1
21432,1
21433,1
21434,0
21435,1
21436,0
21437,1
21438,0
21439,1
21440,1
21441,1
21442,1
21443,0
21444,1
21445,0
21446,0
21447,1
21448,0
21449,0
21450,1
21451,1
21452,1
21453,1
21454,1
21455,1
21456,1
21457,0
21458,1
21459,1
21460,0
21461,1
21462,1
21463,1
21464,1
21465,0
21466,0
21467,1
21468,1
21469,1
21470,1
21471,1
21472,1
21473,1
21474,1
21475,1
21476,0
21477,0
21478,1
21479,0
21480,1
21481,0
21482,1
21483,0
21484,1
21485,1
21486,1
21487,1
21488,1
21489,1
21490,1
21491,1
21492,0
21493,1
21494,0
21495,0
21496,0
21497,0
21498,1
21499,1
21500,1
21501,0
21502,0
21503,0
21504,0
21505,1
21506,1
21507,1
21508,0
21509,1
21510,1
21511,0
21512,0
21513,0
21514,0
21515,0
21516,1
21517,1
21518,1
21519,1
21520,0
21521,0
21522,1
21523,1
21524,0
21525,1
21526,1
21527,1
21528,0
21529,0
21530,1
21531,1
21532,0
21533,0
21534,1
21535,1
21536,0
21537,1
21538,0
21539,1
21540,1
21541,1
21542,0
21543,1
21544,1
21545,1
21546,0
21547,0
21548,1
21549,1
21550,1
21551,0
21552,0
21553,1
21554,1
21555,1
21556,0
21557,1
21558,0
21559,1
21560,1
21561,1
21562,1
21563,0
21564,0
21565,1
21566,0
21567,0
21568,0
21569,1
21570,0
21571,1
21572,1
21573,1
21574,1
21575,1
21576,1
21577,1
21578,1
21579,1
21580,1
21581,1
21582,1
21583,0
21584,0
21585,1
21586,1
21587,1
21588,1
21589,1
21590,1
21591,1
21592,1
21593,1
21594,1
21595,1
21596,1
21597,1
21598,0
21599,0
21600,0
21601,0
21602,0
21603,1
21604,0
21605,0
21606,1
21607,1
21608,0
21609,1
21610,1
21611,1
21612,1
21613,0
21614,1
21615,1
21616,1
21617,0
21618,1
21619,1
21620,1
21621,0
21622,1
21623,0
21624,0
21625,1
21626,1
21627,1
21628,1
21629,1
21630,0
21631,1
21632,1
21633,1
21634,0
21635,1
21636,1
21637,1
21638,0
21639,1
21640,1
21641,0
21642,0
21643,1
21644,0
21645,1
21646,0
21647,0
21648,1
21649,0
21650,1
21651,1
21652,1
21653,1
21654,1
21655,1
21656,1
21657,0
21658,1
21659,0
21660,1
21661,1
21662,0
21663,1
21664,1
21665,0
21666,0
21667,1
21668,1
21669,1
21670,1
21671,1
21672,0
21673,1
21674,0
21675,1
21676,1
21677,1
21678,0
21679,1
21680,0
21681,0
21682,0
21683,1
21684,1
21685,0
21686,0
21687,0
21688,1
21689,0
21690,1
21691,1
21692,0
21693,0
21694,1
21695,1
21696,1
21697,0
21698,1
21699,1
21700,1
21701,0
21702,0
21703,0
21704,1
21705,1
21706,1
21707,0
21708,0
21709,1
21710,1
21711,1
21712,0
21713,1
21714,1
21715,1
21716,1
21717,0
21718,0
21719,0
21720,0
21721,1
21722,0
21723,1
21724,1
21725,1
21726,1
21727,1
21728,1
21729,1
21730,0
21731,1
21732,0
21733,1
21734,0
21735,1
21736,0
21737,1
21738,0
21739,1
21740,1
21741,1
21742,1
21743,0
21744,1
21745,1
21746,0
21747,1
21748,1
21749,1
21750,1
21751,0
21752,1
21753,1
21754,0
21755,1
21756,1
21757,1
21758,1
21759,1
21760,0
21761,0
21762,1
21763,1
21764,0
21765,1
21766,1
21767,1
21768,1
21769,1
21770,1
21771,1
21772,1
21773,1
21774,0
21775,1
21776,0
21777,1
21778,1
21779,0
21780,1
21781,1
21782,0
21783,0
21784,1
21785,0
21786,0
21787,1
21788,1
21789,1
21790,1
21791,1
21792,1
21793,1
21794,1
21795,1
21796,1
21797,1
21798,1
21799,0
21800,0
21801,1
21802,0
21803,1
21804,1
21805,1
21806,0
21807,1
21808,0
21809,1
21810,0
21811,0
21812,0
21813,0
21814,0
21815,0
21816,0
21817,1
21818,1
21819,0
21820,0
21821,0
21822,0
21823,1
21824,0
21825,1
21826,1
21827,0
21828,1
21829,0
21830,1
21831,1
21832,0
21833,0
21834,0
21835,1
21836,0
21837,1
21838,1
21839,1
21840,1
21841,0
21842,0
21843,0
21844,1
21845,1
21846,1
21847,0
21848,1
21849,1
21850,0
21851,1
21852,0
21853,1
21854,1
21855,1
21856,0
21857,1
21858,0
21859,1
21860,1
21861,1
21862,1
21863,1
21864,1
21865,0
21866,0
21867,0
21868,1
21869,0
21870,0
21871,1
21872,1
21873,0
21874,1
21875,0
21876,0
21877,1
21878,1
21879,1
21880,0
21881,1
21882,1
21883,1
21884,1
21885,1
21886,1
21887,0
21888,0
21889,0
21890,1
21891,0
21892,1
21893,0
21894,0
21895,1
21896,1
21897,0
21898,1
21899,1
21900,0
21901,1
21902,1
21903,1
21904,0
21905,1
21906,1
21907,1
21908,1
21909,1
21910,1
21911,1
21912,1
21913,0
21914,1
21915,0
21916,0
21917,0
21918,1
21919,1
21920,1
21921,0
21922,1
21923,1
21924,1
21925,1
21926,1
21927,0
21928,1
21929,0
21930,1
21931,0
21932,1
21933,1
21934,1
21935,1
21936,1
21937,0
21938,0
21939,1
21940,1
21941,0
21942,0
21943,1
21944,0
21945,0
21946,0
21947,0
21948,1
21949,0
21950,1
21951,1
21952,0
21953,0
21954,1
21955,1
21956,1
21957,1
21958,1
21959,0
21960,1
21961,1
21962,0
21963,1
21964,1
21965,0
21966,1
21967,0
21968,1
21969,1
21970,1
21971,0
21972,1
21973,1
21974,0
21975,1
21976,1
21977,1
21978,0
21979,1
21980,1
21981,1
21982,1
21983,1
21984,1
21985,0
21986,1
21987,1
21988,1
21989,1
21990,1
21991,1
21992,1
21993,1
21994,0
21995,1
21996,0
21997,1
21998,0
21999,1
22000,0
22001,1
22002,1
22003,1
22004,1
22005,1
22006,1
22007,1
22008,0
22009,1
22010,1
22011,0
22012,1
22013,1
22014,1
22015,0
22016,1
22017,1
22018,1
22019,1
22020,0
22021,1
22022,1
22023,0
22024,1
22025,0
22026,0
22027,0
22028,1
22029,1
22030,0
22031,0
22032,0
22033,1
22034,1
22035,1
22036,0
22037,1
22038,0
22039,1
22040,1
22041,0
22042,1
22043,1
22044,0
22045,1
22046,1
22047,0
22048,1
22049,0
22050,0
22051,1
22052,1
22053,0
22054,1
22055,1
22056,1
22057,0
22058,1
22059,1
22060,0
22061,0
22062,1
22063,1
22064,0
22065,1
22066,1
22067,1
22068,1
22069,1
22070,1
22071,0
22072,0
22073,0
22074,1
22075,0
22076,1
22077,1
22078,0
22079,1
22080,1
22081,0
22082,0
22083,0
22084,1
22085,1
22086,1
22087,1
22088,1
22089,0
22090,0
22091,0
22092,0
22093,0
22094,0
22095,0
22096,1
22097,1
22098,1
22099,0
22100,0
22101,1
22102,1
22103,0
22104,1
22105,1
22106,0
22107,0
22108,0
22109,1
22110,1
22111,1
22112,0
22113,1
22114,0
22115,1
22116,1
22117,1
22118,0
22119,1
22120,1
22121,0
22122,1
22123,1
22124,1
22125,1
22126,0
22127,1
22128,0
22129,0
22130,1
22131,1
22132,0
22133,1
22134,1
22135,0
22136,0
22137,0
22138,1
22139,1
22140,1
22141,1
22142,1
22143,1
22144,1
22145,0
22146,1
22147,0
22148,1
22149,1
22150,1
22151,0
22152,0
22153,1
22154,1
22155,0
22156,1
22157,0
22158,0
22159,0
22160,1
22161,0
22162,1
22163,1
22164,0
22165,1
22166,0
22167,1
22168,1
22169,0
22170,1
22171,0
22172,1
22173,1
22174,0
22175,0
22176,1
22177,0
22178,1
22179,1
22180,1
22181,1
22182,0
22183,0
22184,1
22185,1
22186,0
22187,1
22188,1
22189,1
22190,1
22191,1
22192,1
22193,0
22194,1
22195,1
22196,0
22197,1
22198,1
22199,1
22200,1
22201,0
22202,1
22203,0
22204,1
22205,0
22206,1
22207,1
22208,0
22209,1
22210,1
22211,0
22212,0
22213,0
22214,1
22215,0
22216,0
22217,0
22218,0
22219,1
22220,1
22221,1
22222,1
22223,1
22224,1
22225,1
22226,1
22227,1
22228,1
22229,1
22230,0
22231,1
22232,1
22233,0
22234,1
22235,1
22236,0
22237,1
22238,1
22239,0
22240,1
22241,1
22242,1
22243,1
22244,1
22245,1
22246,1
22247,0
22248,1
22249,1
22250,1
22251,1
22252,1
22253,1
22254,1
22255,1
22256,0
22257,1
22258,1
22259,1
22260,0
22261,1
22262,0
22263,0
22264,1
22265,0
22266,1
22267,1
22268,1
22269,1
22270,0
22271,0
22272,1
22273,0
22274,1
22275,1
22276,1
22277,1
22278,1
22279,1
22280,0
22281,1
22282,0
22283,1
22284,0
22285,1
22286,1
22287,1
22288,0
22289,1
22290,0
22291,1
22292,1
22293,0
22294,1
22295,1
22296,1
22297,1
22298,1
22299,1
22300,1
22301,1
22302,1
22303,1
22304,0
22305,0
22306,1
22307,0
22308,0
22309,1
22310,1
22311,0
22312,1
22313,0
22314,0
22315,1
22316,0
22317,1
22318,0
22319,1
22320,0
22321,0
22322,1
22323,1
22324,0
22325,1
22326,0
22327,1
22328,1
22329,0
22330,1
22331,1
22332,0
22333,1
22334,1
22335,1
22336,1
22337,1
22338,1
22339,1
22340,1
22341,1
22342,1
22343,1
22344,0
22345,0
22346,1
22347,1
22348,1
22349,1
22350,1
22351,0
22352,1
22353,0
22354,1
22355,0
22356,1
22357,1
22358,1
22359,1
22360,1
22361,0
22362,0
22363,0
22364,0
22365,1
22366,1
22367,1
22368,1
22369,1
22370,1
22371,0
22372,0
22373,1
22374,0
22375,1
22376,0
22377,1
22378,0
22379,1
22380,1
22381,1
22382,0
22383,1
22384,1
22385,1
22386,1
22387,1
22388,0
22389,0
22390,1
22391,1
22392,1
22393,1
22394,1
22395,1
22396,0
22397,1
22398,0
22399,1
22400,1
22401,1
22402,1
22403,1
22404,1
22405,0
22406,1
22407,0
22408,1
22409,0
22410,1
22411,1
22412,0
22413,1
22414,0
22415,1
22416,0
22417,0
22418,0
22419,1
22420,1
22421,1
22422,0
22423,1
22424,1
22425,1
22426,0
22427,1
22428,1
22429,1
22430,1
22431,0
22432,1
22433,0
22434,1
22435,1
22436,1
22437,0
22438,0
22439,0
22440,0
22441,1
22442,0
22443,0
22444,1
22445,1
22446,1
22447,1
22448,1
22449,1
22450,1
22451,1
22452,0
22453,1
22454,0
22455,1
22456,0
22457,0
22458,0
22459,1
22460,1
22461,1
22462,0
22463,0
22464,1
22465,0
22466,0
22467,0
22468,1
22469,0
22470,1
22471,1
22472,0
22473,1
22474,0
22475,1
22476,1
22477,0
22478,0
22479,1
22480,1
22481,1
22482,0
22483,1
22484,0
22485,0
22486,0
22487,0
22488,1
22489,0
22490,0
22491,1
22492,1
22493,0
22494,1
22495,1
22496,1
22497,0
22498,1
22499,1
22500,1
22501,0
22502,1
22503,0
22504,1
22505,0
22506,1
22507,1
22508,0
22509,1
22510,1
22511,0
22512,1
22513,1
22514,1
22515,1
22516,1
22517,1
22518,1
22519,1
22520,1
22521,1
22522,1
22523,0
22524,1
22525,0
22526,0
22527,0
22528,1
22529,1
22530,1
22531,1
22532,0
22533,1
22534,1
22535,1
22536,1
22537,0
22538,1
22539,1
22540,1
22541,1
22542,1
22543,1
22544,1
22545,1
22546,1
22547,1
22548,0
22549,0
22550,0
22551,0
22552,1
22553,1
22554,1
22555,1
22556,0
22557,1
22558,1
22559,1
22560,1
22561,1
22562,0
22563,1
22564,0
22565,0
22566,1
22567,0
22568,1
22569,1
22570,1
22571,0
22572,1
22573,1
22574,1
22575,1
22576,1
22577,0
22578,0
22579,0
22580,1
22581,0
22582,1
22583,1
22584,1
22585,1
22586,0
22587,0
22588,0
22589,1
22590,1
22591,1
22592,0
22593,1
22594,1
22595,1
22596,1
22597,1
22598,1
22599,1
22600,1
22601,0
22602,1
22603,0
22604,1
22605,1
22606,1
22607,1
22608,0
22609,1
22610,0
22611,1
22612,0
22613,0
22614,1
22615,1
22616,1
22617,1
22618,1
22619,1
22620,1
22621,1
22622,0
22623,0
22624,1
22625,1
22626,0
22627,1
22628,1
22629,1
22630,0
22631,0
22632,1
22633,1
22634,0
22635,0
22636,0
22637,1
22638,1
22639,1
22640,0
22641,1
22642,1
22643,1
22644,1
22645,1
22646,1
22647,1
22648,1
22649,1
22650,0
22651,0
22652,0
22653,1
22654,0
22655,1
22656,0
22657,1
22658,1
22659,1
22660,0
22661,0
22662,0
22663,1
22664,0
22665,1
22666,1
22667,1
22668,1
22669,0
22670,0
22671,1
22672,0
22673,1
22674,1
22675,1
22676,1
22677,1
22678,1
22679,1
22680,1
22681,1
22682,0
22683,1
22684,1
22685,0
22686,1
22687,1
22688,0
22689,1
22690,1
22691,0
22692,1
22693,1
22694,1
22695,0
22696,0
22697,0
22698,1
22699,0
22700,1
22701,1
22702,0
22703,1
22704,0
22705,1
22706,1
22707,1
22708,0
22709,0
22710,1
22711,1
22712,0
22713,1
22714,0
22715,0
22716,0
22717,1
22718,1
22719,0
22720,1
22721,0
22722,0
22723,1
22724,1
22725,1
22726,0
22727,1
22728,1
22729,1
22730,0
22731,0
22732,1
22733,1
22734,1
22735,0
22736,0
22737,1
22738,0
22739,1
22740,0
22741,1
22742,1
22743,1
22744,0
22745,1
22746,1
22747,1
22748,0
22749,1
22750,0
22751,1
22752,0
22753,0
22754,1
22755,1
22756,1
22757,0
22758,0
22759,0
22760,1
22761,0
22762,1
22763,1
22764,1
22765,1
22766,0
22767,1
22768,1
22769,0
22770,0
22771,0
22772,1
22773,0
22774,1
22775,1
22776,0
22777,1
22778,1
22779,1
22780,1
22781,0
22782,0
22783,1
22784,0
22785,0
22786,1
22787,0
22788,1
22789,1
22790,1
22791,1
22792,1
22793,1
22794,1
22795,1
22796,1
22797,1
22798,0
22799,0
22800,1
22801,0
22802,1
22803,0
22804,0
22805,0
22806,1
22807,1
22808,1
22809,0
22810,0
22811,1
22812,0
22813,0
22814,1
22815,1
22816,1
22817,0
22818,1
22819,0
22820,1
22821,0
22822,1
22823,0
22824,0
22825,1
22826,1
22827,0
22828,0
22829,0
22830,0
22831,1
22832,1
22833,1
22834,0
22835,1
22836,1
22837,1
22838,0
22839,1
22840,0
22841,0
22842,0
22843,1
22844,0
22845,0
22846,1
22847,1
22848,0
22849,0
22850,1
22851,0
22852,0
22853,0
22854,0
22855,0
22856,0
22857,1
22858,1
22859,1
22860,1
22861,1
22862,0
22863,1
22864,0
22865,1
22866,0
22867,0
22868,0
22869,1
22870,1
22871,1
22872,1
22873,1
22874,0
22875,1
22876,0
22877,0
22878,1
22879,1
22880,1
22881,1
22882,1
22883,0
22884,1
22885,0
22886,1
22887,1
22888,1
22889,1
22890,1
22891,1
22892,1
22893,1
22894,0
22895,0
22896,1
22897,0
22898,1
22899,0
22900,1
22901,1
22902,0
22903,1
22904,0
22905,0
22906,1
22907,0
22908,1
22909,1
22910,0
22911,1
22912,1
22913,0
22914,1
22915,1
22916,0
22917,1
22918,1
22919,1
22920,1
22921,1
22922,0
22923,0
22924,1
22925,1
22926,1
22927,0
22928,1
22929,0
22930,1
22931,0
22932,0
22933,1
22934,1
22935,1
22936,0
22937,1
22938,0
22939,1
22940,1
22941,0
22942,1
22943,1
22944,0
22945,0
22946,1
22947,0
22948,0
22949,1
22950,1
22951,0
22952,1
22953,1
22954,1
22955,1
22956,1
22957,1
22958,0
22959,1
22960,0
22961,0
22962,0
22963,1
22964,1
22965,0
22966,1
22967,0
22968,1
22969,0
22970,1
22971,0
22972,1
22973,1
22974,1
22975,1
22976,1
22977,0
22978,0
22979,1
22980,1
22981,1
22982,1
22983,1
22984,0
22985,1
22986,1
22987,0
22988,1
22989,0
22990,0
22991,1
22992,1
22993,0
22994,1
22995,1
22996,1
22997,1
22998,0
22999,1
23000,0
23001,0
23002,1
23003,0
23004,0
23005,1
23006,1
23007,1
23008,1
23009,1
23010,0
23011,0
23012,1
23013,0
23014,1
23015,0
23016,1
23017,1
23018,1
23019,1
23020,0
23021,1
23022,1
23023,0
23024,0
23025,1
23026,1
23027,1
23028,1
23029,1
23030,0
23031,1
23032,0
23033,1
23034,1
23035,0
23036,1
23037,0
23038,0
23039,1
23040,0
23041,0
23042,0
23043,1
23044,1
23045,0
23046,1
23047,1
23048,0
23049,1
23050,1
23051,1
23052,1
23053,1
23054,1
23055,1
23056,1
23057,1
23058,0
23059,1
23060,1
23061,0
23062,1
23063,1
23064,1
23065,0
23066,1
23067,1
23068,0
23069,1
23070,1
23071,0
23072,0
23073,1
23074,1
23075,1
23076,1
23077,1
23078,1
23079,1
23080,1
23081,1
23082,0
23083,1
23084,0
23085,1
23086,1
23087,0
23088,1
23089,1
23090,1
23091,1
23092,1
23093,1
23094,0
23095,1
23096,1
23097,1
23098,0
23099,1
23100,0
23101,1
23102,0
23103,0
23104,1
23105,1
23106,1
23107,0
23108,1
23109,1
23110,1
23111,1
23112,0
23113,0
23114,0
23115,1
23116,0
23117,1
23118,1
23119,0
23120,1
23121,1
23122,1
23123,1
23124,0
23125,1
23126,1
23127,1
23128,1
23129,1
23130,0
23131,0
23132,0
23133,0
23134,0
23135,1
23136,1
23137,0
23138,1
23139,1
23140,0
23141,1
23142,0
23143,1
23144,1
23145,0
23146,1
23147,0
23148,1
23149,1
23150,1
23151,1
23152,1
23153,0
23154,0
23155,0
23156,0
23157,1
23158,1
23159,1
23160,1
23161,1
23162,1
23163,1
23164,1
23165,1
23166,1
23167,1
23168,0
23169,1
23170,1
23171,1
23172,1
23173,0
23174,1
23175,1
23176,0
23177,0
23178,1
23179,1
23180,1
23181,1
23182,1
23183,0
23184,0
23185,0
23186,0
23187,0
23188,1
23189,0
23190,1
23191,0
23192,1
23193,0
23194,1
23195,0
23196,1
23197,1
23198,0
23199,1
23200,0
23201,1
23202,0
23203,0
23204,1
23205,1
23206,1
23207,1
23208,0
23209,1
23210,1
23211,1
23212,1
23213,1
23214,1
23215,1
23216,1
23217,0
23218,1
23219,1
23220,0
23221,1
23222,1
23223,0
23224,0
23225,1
23226,1
23227,1
23228,1
23229,1
23230,0
23231,1
23232,0
23233,0
23234,1
23235,1
23236,1
23237,0
23238,1
23239,1
23240,0
23241,1
23242,0
23243,0
23244,1
23245,1
23246,1
23247,1
23248,1
23249,1
23250,0
23251,0
23252,1
23253,0
23254,1
23255,1
23256,1
23257,0
23258,1
23259,1
23260,1
23261,1
23262,0
23263,1
23264,1
23265,1
23266,1
23267,1
23268,1
23269,1
23270,1
23271,0
23272,1
23273,1
23274,1
23275,1
23276,1
23277,1
23278,1
23279,1
23280,1
23281,1
23282,1
23283,1
23284,1
23285,1
23286,0
23287,1
23288,0
23289,0
23290,0
23291,1
23292,1
23293,1
23294,0
23295,0
23296,1
23297,1
23298,0
23299,1
23300,0
23301,1
23302,0
23303,0
23304,1
23305,1
23306,0
23307,0
23308,1
23309,1
23310,0
23311,0
23312,0
23313,1
23314,0
23315,0
23316,1
23317,1
23318,0
23319,0
23320,1
23321,1
23322,0
23323,1
23324,1
23325,0
23326,0
23327,0
23328,1
23329,0
23330,1
23331,0
23332,1
23333,0
23334,1
23335,1
23336,1
23337,1
23338,1
23339,0
23340,1
23341,0
23342,1
23343,1
23344,0
23345,1
23346,1
23347,1
23348,1
23349,1
23350,1
23351,1
23352,1
23353,0
23354,1
23355,1
23356,1
23357,1
23358,0
23359,1
23360,1
23361,1
23362,1
23363,1
23364,1
23365,0
23366,0
23367,1
23368,0
23369,1
23370,1
23371,0
23372,1
23373,1
23374,1
23375,1
23376,1
23377,1
23378,1
23379,1
23380,0
23381,1
23382,0
23383,0
23384,0
23385,1
23386,0
23387,0
23388,1
23389,1
23390,0
23391,1
23392,1
23393,1
23394,1
23395,1
23396,1
23397,1
23398,1
23399,0
23400,0
23401,1
23402,0
23403,1
23404,0
23405,0
23406,0
23407,1
23408,1
23409,1
23410,1
23411,1
23412,1
23413,1
23414,1
23415,1
23416,0
23417,1
23418,0
23419,1
23420,1
23421,0
23422,1
23423,0
23424,1
23425,1
23426,1
23427,1
23428,1
23429,0
23430,1
23431,1
23432,0
23433,1
23434,0
23435,1
23436,1
23437,0
23438,0
23439,1
23440,1
23441,1
23442,0
23443,0
23444,1
23445,1
23446,1
23447,1
23448,0
23449,1
23450,0
23451,1
23452,1
23453,1
23454,1
23455,0
23456,1
23457,1
23458,1
23459,1
23460,0
23461,0
23462,0
23463,1
23464,0
23465,1
23466,1
23467,0
23468,1
23469,0
23470,1
23471,0
23472,1
23473,1
23474,1
23475,0
23476,0
23477,1
23478,1
23479,1
23480,1
23481,1
23482,1
23483,1
23484,1
23485,0
23486,1
23487,0
23488,1
23489,1
23490,1
23491,0
23492,1
23493,1
23494,0
23495,1
23496,1
23497,1
23498,0
23499,1
23500,0
23501,0
23502,0
23503,1
23504,1
23505,0
23506,1
23507,0
23508,1
23509,1
23510,1
23511,1
23512,1
23513,0
23514,1
23515,1
23516,0
23517,0
23518,1
23519,1
23520,0
23521,1
23522,1
23523,0
23524,1
23525,1
23526,1
23527,0
23528,1
23529,1
23530,1
23531,1
23532,1
23533,1
23534,1
23535,1
23536,1
23537,1
23538,1
23539,0
23540,0
23541,1
23542,1
23543,0
23544,1
23545,1
23546,1
23547,1
23548,0
23549,1
23550,1
23551,0
23552,1
23553,1
23554,0
23555,0
23556,1
23557,0
23558,1
23559,1
23560,1
23561,1
23562,0
23563,0
23564,1
23565,0
23566,1
23567,1
23568,1
23569,0
23570,1
23571,0
23572,1
23573,0
23574,1
23575,0
23576,1
23577,1
23578,0
23579,1
23580,1
23581,1
23582,1
23583,1
23584,1
23585,0
23586,1
23587,1
23588,0
23589,1
23590,1
23591,1
23592,1
23593,1
23594,1
23595,1
23596,1
23597,0
23598,1
23599,1
23600,1
23601,0
23602,0
23603,1
23604,0
23605,1
23606,0
23607,1
23608,1
23609,0
23610,1
23611,1
23612,0
23613,1
23614,0
23615,1
23616,1
23617,1
23618,1
23619,0
23620,1
23621,1
23622,1
23623,0
23624,0
23625,1
23626,1
23627,0
23628,0
23629,1
23630,1
23631,1
23632,1
23633,1
23634,1
23635,0
23636,1
23637,1
23638,0
23639,1
23640,0
23641,0
23642,0
23643,1
23644,0
23645,0
23646,0
23647,1
23648,1
23649,1
23650,1
23651,1
23652,0
23653,0
23654,1
23655,0
23656,1
23657,1
23658,1
23659,0
23660,1
23661,0
23662,1
23663,1
23664,0
23665,1
23666,1
23667,1
23668,1
23669,1
23670,1
23671,1
23672,0
23673,0
23674,1
23675,0
23676,0
23677,1
23678,1
23679,1
23680,1
23681,1
23682,0
23683,1
23684,0
23685,1
23686,0
23687,1
23688,1
23689,0
23690,1
23691,0
23692,0
23693,0
23694,0
23695,1
23696,0
23697,1
23698,1
23699,0
23700,1
23701,1
23702,1
23703,1
23704,1
23705,0
23706,0
23707,0
23708,1
23709,0
23710,1
23711,1
23712,1
23713,1
23714,1
23715,0
23716,1
23717,0
23718,1
23719,1
23720,1
23721,1
23722,1
23723,1
23724,1
23725,1
23726,1
23727,1
23728,0
23729,0
23730,0
23731,1
23732,1
23733,1
23734,1
23735,1
23736,0
23737,0
23738,1
23739,1
23740,1
23741,0
23742,1
23743,1
23744,1
23745,0
23746,0
23747,0
23748,0
23749,0
23750,1
23751,0
23752,1
23753,1
23754,1
23755,1
23756,1
23757,1
23758,1
23759,1
23760,1
23761,1
23762,1
23763,1
23764,1
23765,1
23766,1
23767,0
23768,1
23769,1
23770,1
23771,1
23772,0
23773,0
23774,1
23775,1
23776,0
23777,0
23778,1
23779,1
23780,1
23781,1
23782,1
23783,1
23784,0
23785,0
23786,1
23787,0
23788,1
23789,0
23790,1
23791,1
23792,1
23793,0
23794,0
23795,1
23796,1
23797,1
23798,1
23799,0
23800,0
23801,1
23802,1
23803,0
23804,0
23805,0
23806,1
23807,0
23808,1
23809,0
23810,0
23811,0
23812,0
23813,1
23814,1
23815,1
23816,0
23817,0
23818,1
23819,0
23820,0
23821,0
23822,1
23823,1
23824,1
23825,1
23826,1
23827,1
23828,1
23829,1
23830,0
23831,1
23832,0
23833,1
23834,1
23835,1
23836,1
23837,1
23838,1
23839,1
23840,1
23841,0
23842,0
23843,1
23844,1
23845,1
23846,1
23847,1
23848,1
23849,0
23850,0
23851,1
23852,1
23853,1
23854,1
23855,1
23856,0
23857,1
23858,0
23859,1
23860,0
23861,1
23862,1
23863,0
23864,1
23865,1
23866,0
23867,0
23868,1
23869,0
23870,1
23871,1
23872,1
23873,0
23874,1
23875,1
23876,1
23877,0
23878,1
23879,1
23880,1
23881,0
23882,1
23883,0
23884,1
23885,1
23886,0
23887,0
23888,1
23889,1
23890,0
23891,0
23892,1
23893,0
23894,1
23895,1
23896,1
23897,1
23898,1
23899,0
23900,1
23901,1
23902,1
23903,0
23904,1
23905,0
23906,1
23907,1
23908,0
23909,0
23910,0
23911,0
23912,1
23913,1
23914,1
23915,1
23916,1
23917,1
23918,1
23919,0
23920,1
23921,0
23922,1
23923,1
23924,1
23925,1
23926,1
23927,1
23928,1
23929,1
23930,1
23931,1
23932,0
23933,1
23934,1
23935,1
23936,0
23937,0
23938,1
23939,0
23940,1
23941,1
23942,0
23943,1
23944,1
23945,1
23946,1
23947,1
23948,0
23949,1
23950,0
23951,0
23952,1
23953,0
23954,0
23955,1
23956,1
23957,1
23958,0
23959,1
23960,1
23961,1
23962,0
23963,0
23964,1
23965,1
23966,1
23967,0
23968,1
23969,1
23970,0
23971,1
23972,0
23973,0
23974,1
23975,1
23976,0
23977,1
23978,1
23979,1
23980,1
23981,0
23982,0
23983,1
23984,1
23985,1
23986,1
23987,0
23988,0
23989,1
23990,0
23991,1
23992,1
23993,1
23994,1
23995,1
23996,1
23997,1
23998,1
23999,1
24000,0
24001,0
24002,0
24003,1
24004,1
24005,1
24006,1
24007,1
24008,1
24009,1
24010,1
24011,1
24012,0
24013,1
24014,1
24015,0
24016,1
24017,1
24018,1
24019,1
24020,0
24021,1
24022,0
24023,1
24024,1
24025,0
24026,1
24027,1
24028,1
24029,1
24030,1
24031,0
24032,1
24033,1
24034,0
24035,1
24036,1
24037,0
24038,1
24039,0
24040,1
24041,0
24042,0
24043,1
24044,1
24045,1
24046,0
24047,0
24048,1
24049,1
24050,1
24051,1
24052,1
24053,1
24054,1
24055,0
24056,0
24057,1
24058,1
24059,1
24060,1
24061,1
24062,0
24063,0
24064,0
24065,1
24066,1
24067,1
24068,1
24069,0
24070,1
24071,1
24072,1
24073,1
24074,1
24075,0
24076,1
24077,1
24078,1
24079,1
24080,1
24081,0
24082,1
24083,0
24084,0
24085,1
24086,0
24087,0
24088,1
24089,1
24090,1
24091,0
24092,1
24093,1
24094,1
24095,0
24096,1
24097,1
24098,1
24099,1
24100,1
24101,1
24102,1
24103,1
24104,1
24105,1
24106,0
24107,1
24108,1
24109,0
24110,0
24111,1
24112,0
24113,0
24114,1
24115,1
24116,0
24117,0
24118,0
24119,0
24120,1
24121,0
24122,0
24123,1
24124,0
24125,1
24126,0
24127,1
24128,1
24129,1
24130,1
24131,0
24132,1
24133,1
24134,1
24135,0
24136,0
24137,1
24138,1
24139,0
24140,0
24141,0
24142,1
24143,0
24144,0
24145,1
24146,0
24147,0
24148,1
24149,1
24150,0
24151,0
24152,0
24153,1
24154,1
24155,1
24156,1
24157,0
24158,1
24159,1
24160,1
24161,0
24162,1
24163,1
24164,0
24165,1
24166,0
24167,1
24168,0
24169,1
24170,1
24171,1
24172,1
24173,1
24174,0
24175,0
24176,1
24177,1
24178,0
24179,1
24180,1
24181,0
24182,1
24183,1
24184,1
24185,0
24186,1
24187,1
24188,0
24189,1
24190,0
24191,0
24192,0
24193,1
24194,0
24195,1
24196,1
24197,1
24198,1
24199,1
24200,0
24201,0
24202,0
24203,0
24204,1
24205,1
24206,1
24207,1
24208,0
24209,1
24210,1
24211,0
24212,1
24213,1
24214,0
24215,0
24216,0
24217,1
24218,0
24219,1
24220,0
24221,1
24222,1
24223,0
24224,1
24225,1
24226,0
24227,1
24228,1
24229,0
24230,1
24231,0
24232,1
24233,0
24234,1
24235,1
24236,1
24237,0
24238,1
24239,1
24240,1
24241,1
24242,0
24243,0
24244,1
24245,0
24246,0
24247,1
24248,0
24249,1
24250,0
24251,1
24252,1
24253,1
24254,0
24255,0
24256,1
24257,1
24258,0
24259,0
24260,1
24261,0
24262,1
24263,1
24264,1
24265,0
24266,1
24267,0
24268,0
24269,1
24270,1
24271,1
24272,1
24273,0
24274,1
24275,0
24276,1
24277,1
24278,1
24279,1
24280,1
24281,0
24282,1
24283,1
24284,1
24285,0
24286,0
24287,1
24288,1
24289,1
24290,1
24291,1
24292,0
24293,1
24294,1
24295,0
24296,1
24297,1
24298,1
24299,1
24300,1
24301,1
24302,1
24303,1
24304,1
24305,0
24306,1
24307,0
24308,0
24309,1
24310,1
24311,1
24312,0
24313,0
24314,0
24315,1
24316,1
24317,1
24318,1
24319,1
24320,1
24321,1
24322,0
24323,0
24324,0
24325,0
24326,1
24327,0
24328,1
24329,1
24330,1
24331,1
24332,0
24333,0
24334,1
24335,1
24336,0
24337,1
24338,1
24339,1
24340,1
24341,0
24342,1
24343,0
24344,1
24345,1
24346,1
24347,1
24348,1
24349,1
24350,0
24351,0
24352,1
24353,1
24354,0
24355,1
24356,1
24357,0
24358,1
24359,0
24360,0
24361,0
24362,0
24363,0
24364,1
24365,1
24366,1
24367,1
24368,1
24369,0
24370,1
24371,0
24372,1
24373,1
24374,0
24375,1
24376,0
24377,1
24378,0
24379,1
24380,1
24381,1
24382,1
24383,1
24384,1
24385,1
24386,1
24387,1
24388,0
24389,1
24390,1
24391,1
24392,1
24393,1
24394,1
24395,0
24396,0
24397,1
24398,1
24399,1
24400,1
24401,0
24402,1
24403,1
24404,1
24405,1
24406,0
24407,0
24408,1
24409,1
24410,1
24411,1
24412,1
24413,1
24414,0
24415,1
24416,1
24417,0
24418,1
24419,1
24420,1
24421,0
24422,0
24423,0
24424,1
24425,1
24426,1
24427,1
24428,0
24429,1
24430,1
24431,0
24432,0
24433,0
24434,0
24435,1
24436,1
24437,0
24438,0
24439,1
24440,0
24441,0
24442,0
24443,1
24444,0
24445,0
24446,1
24447,0
24448,0
24449,1
24450,0
24451,0
24452,1
24453,0
24454,1
24455,1
24456,1
24457,0
24458,0
24459,0
24460,1
24461,1
24462,1
24463,1
24464,1
24465,1
24466,1
24467,1
24468,1
24469,0
24470,0
24471,1
24472,1
24473,1
24474,1
24475,1
24476,1
24477,0
24478,1
24479,0
24480,0
24481,1
24482,1
24483,1
24484,0
24485,1
24486,1
24487,0
24488,1
24489,0
24490,0
24491,1
24492,1
24493,1
24494,0
24495,1
24496,0
24497,1
24498,1
24499,1
24500,0
24501,0
24502,1
24503,1
24504,1
24505,0
24506,1
24507,0
24508,1
24509,0
24510,0
24511,1
24512,1
24513,0
24514,1
24515,1
24516,0
24517,0
24518,0
24519,0
24520,0
24521,0
24522,1
24523,1
24524,1
24525,1
24526,0
24527,1
24528,0
24529,1
24530,0
24531,0
24532,0
24533,1
24534,0
24535,0
24536,0
24537,1
24538,0
24539,0
24540,0
24541,1
24542,0
24543,0
24544,1
24545,1
24546,1
24547,1
24548,0
24549,1
24550,1
24551,1
24552,0
24553,1
24554,1
24555,0
24556,1
24557,0
24558,0
24559,0
24560,1
24561,1
24562,1
24563,1
24564,0
24565,0
24566,1
24567,1
24568,0
24569,1
24570,0
24571,1
24572,1
24573,1
24574,0
24575,1
24576,1
24577,0
24578,1
24579,0
24580,0
24581,0
24582,1
24583,1
24584,1
24585,1
24586,0
24587,1
24588,1
24589,0
24590,0
24591,1
24592,0
24593,1
24594,1
24595,0
24596,1
24597,1
24598,1
24599,1
24600,1
24601,0
24602,0
24603,0
24604,0
24605,0
24606,0
24607,0
24608,1
24609,0
24610,1
24611,1
24612,0
24613,1
24614,1
24615,1
24616,1
24617,0
24618,1
24619,0
24620,1
24621,1
24622,0
24623,0
24624,0
24625,1
24626,1
24627,1
24628,0
24629,1
24630,1
24631,0
24632,1
24633,1
24634,0
24635,1
24636,1
24637,0
24638,1
24639,0
24640,0
24641,1
24642,1
24643,1
24644,1
24645,0
24646,1
24647,0
24648,0
24649,1
24650,0
24651,1
24652,1
24653,1
24654,1
24655,1
24656,1
24657,0
24658,1
24659,0
24660,0
24661,1
24662,1
24663,1
24664,1
24665,1
24666,1
24667,1
24668,0
24669,0
24670,0
24671,0
24672,1
24673,1
24674,0
24675,1
24676,0
24677,0
24678,0
24679,1
24680,0
24681,0
24682,1
24683,1
24684,1
24685,0
24686,0
24687,1
24688,1
24689,1
24690,0
24691,0
24692,1
24693,0
24694,0
24695,1
24696,1
24697,1
24698,0
24699,0
24700,0
24701,0
24702,1
24703,1
24704,0
24705,1
24706,1
24707,0
24708,0
24709,1
24710,1
24711,1
24712,1
24713,0
24714,0
24715,1
24716,0
24717,1
24718,1
24719,0
24720,1
24721,1
24722,1
24723,0
24724,1
24725,1
24726,0
24727,0
24728,1
24729,0
24730,0
24731,1
24732,0
24733,1
24734,0
24735,0
24736,1
24737,0
24738,0
24739,1
24740,0
24741,1
24742,1
24743,1
24744,1
24745,1
24746,1
24747,1
24748,1
24749,1
24750,0
24751,1
24752,1
24753,1
24754,1
24755,1
24756,1
24757,1
24758,0
24759,0
24760,1
24761,1
24762,0
24763,1
24764,0
24765,0
24766,1
24767,0
24768,1
24769,1
24770,1
24771,1
24772,1
24773,1
24774,1
24775,1
24776,0
24777,0
24778,1
24779,0
24780,0
24781,0
24782,1
24783,1
24784,0
24785,1
24786,1
24787,0
24788,0
24789,1
24790,1
24791,1
24792,0
24793,1
24794,0
24795,1
24796,0
24797,0
24798,0
24799,1
24800,0
24801,0
24802,1
24803,1
24804,0
24805,1
24806,1
24807,1
24808,1
24809,1
24810,0
24811,1
24812,1
24813,0
24814,0
24815,1
24816,1
24817,0
24818,1
24819,1
24820,1
24821,1
24822,0
24823,1
24824,1
24825,0
24826,1
24827,1
24828,1
24829,0
24830,0
24831,1
24832,1
24833,1
24834,1
24835,0
24836,1
24837,0
24838,1
24839,1
24840,1
24841,0
24842,1
24843,1
24844,1
24845,1
24846,1
24847,0
24848,1
24849,0
24850,0
24851,1
24852,1
24853,1
24854,1
24855,1
24856,1
24857,0
24858,1
24859,0
24860,1
24861,1
24862,0
24863,0
24864,1
24865,1
24866,1
24867,0
24868,1
24869,1
24870,1
24871,0
24872,0
24873,1
24874,0
24875,0
24876,1
24877,1
24878,0
24879,1
24880,1
24881,1
24882,1
24883,1
24884,1
24885,0
24886,1
24887,1
24888,1
24889,1
24890,1
24891,1
24892,1
24893,1
24894,1
24895,0
24896,0
24897,1
24898,1
24899,1
24900,1
24901,1
24902,0
24903,0
24904,0
24905,0
24906,1
24907,1
24908,0
24909,1
24910,1
24911,1
24912,1
24913,1
24914,1
24915,1
24916,1
24917,1
24918,1
24919,1
24920,0
24921,1
24922,1
24923,1
24924,1
24925,1
24926,1
24927,0
24928,1
24929,0
24930,0
24931,1
24932,1
24933,1
24934,1
24935,0
24936,1
24937,0
24938,1
24939,0
24940,1
24941,1
24942,1
24943,0
24944,0
24945,1
24946,1
24947,1
24948,0
24949,1
24950,1
24951,1
24952,0
24953,1
24954,1
24955,1
24956,1
24957,1
24958,1
24959,1
24960,0
24961,0
24962,1
24963,0
24964,1
24965,0
24966,0
24967,0
24968,1
24969,1
24970,1
24971,1
24972,0
24973,0
24974,0
24975,0
24976,0
24977,0
24978,1
24979,1
24980,1
24981,0
24982,1
24983,0
24984,1
24985,1
24986,1
24987,0
24988,0
24989,1
24990,0
24991,1
24992,1
24993,1
24994,1
24995,0
24996,1
24997,1
24998,1
24999,1
25000,0
25001,1
25002,0
25003,0
25004,1
25005,1
25006,0
25007,1
25008,0
25009,0
25010,1
25011,1
25012,0
25013,1
25014,1
25015,1
25016,0
25017,1
25018,0
25019,1
25020,0
25021,0
25022,0
25023,1
25024,1
25025,1
25026,1
25027,1
25028,0
25029,1
25030,1
25031,0
25032,0
25033,1
25034,1
25035,0
25036,1
25037,0
25038,1
25039,0
25040,1
25041,1
25042,1
25043,1
25044,0
25045,0
25046,1
25047,1
25048,1
25049,0
25050,1
25051,1
25052,1
25053,1
25054,0
25055,1
25056,0
25057,1
25058,1
25059,0
25060,1
25061,1
25062,1
25063,1
25064,1
25065,0
25066,0
25067,0
25068,1
25069,1
25070,1
25071,0
25072,1
25073,0
25074,1
25075,0
25076,1
25077,1
25078,1
25079,1
25080,0
25081,1
25082,0
25083,1
25084,1
25085,1
25086,0
25087,0
25088,1
25089,1
25090,0
25091,1
25092,1
25093,1
25094,1
25095,0
25096,1
25097,1
25098,0
25099,0
25100,0
25101,0
25102,1
25103,0
25104,1
25105,1
25106,0
25107,1
25108,0
25109,0
25110,1
25111,1
25112,0
25113,0
25114,1
25115,1
25116,0
25117,1
25118,0
25119,1
25120,1
25121,1
25122,1
25123,0
25124,0
25125,1
25126,1
25127,1
25128,1
25129,1
25130,1
25131,1
25132,1
25133,1
25134,1
25135,1
25136,1
25137,0
25138,0
25139,1
25140,0
25141,0
25142,1
25143,0
25144,1
25145,1
25146,1
25147,1
25148,1
25149,1
25150,1
25151,1
25152,1
25153,0
25154,1
25155,1
25156,0
25157,1
25158,0
25159,0
25160,0
25161,1
25162,1
25163,1
25164,1
25165,1
25166,0
25167,0
25168,1
25169,1
25170,1
25171,1
25172,1
25173,1
25174,1
25175,0
25176,0
25177,0
25178,0
25179,0
25180,1
25181,0
25182,0
25183,1
25184,0
25185,1
25186,0
25187,1
25188,1
25189,0
25190,1
25191,1
25192,1
25193,1
25194,1
25195,1
25196,1
25197,1
25198,0
25199,1
25200,1
25201,1
25202,1
25203,1
25204,1
25205,1
25206,0
25207,0
25208,0
25209,1
25210,0
25211,1
25212,0
25213,1
25214,1
25215,1
25216,1
25217,1
25218,1
25219,1
25220,1
25221,1
25222,0
25223,0
25224,1
25225,1
25226,1
25227,1
25228,1
25229,0
25230,1
25231,1
25232,0
25233,0
25234,0
25235,1
25236,1
25237,1
25238,1
25239,1
25240,0
25241,1
25242,0
25243,1
25244,1
25245,0
25246,1
25247,1
25248,1
25249,0
25250,0
25251,0
25252,1
25253,1
25254,1
25255,0
25256,0
25257,1
25258,1
25259,1
25260,1
25261,0
25262,1
25263,1
25264,1
25265,1
25266,0
25267,0
25268,0
25269,0
25270,0
25271,0
25272,1
25273,1
25274,0
25275,1
25276,0
25277,1
25278,0
25279,1
25280,0
25281,1
25282,0
25283,0
25284,1
25285,1
25286,1
25287,1
25288,0
25289,0
25290,0
25291,1
25292,1
25293,1
25294,0
25295,1
25296,1
25297,0
25298,1
25299,1
25300,0
25301,1
25302,0
25303,1
25304,1
25305,1
25306,1
25307,1
25308,1
25309,0
25310,1
25311,1
25312,1
25313,1
25314,0
25315,0
25316,0
25317,1
25318,1
25319,0
25320,0
25321,1
25322,1
25323,1
25324,0
25325,1
25326,0
25327,1
25328,0
25329,1
25330,0
25331,0
25332,1
25333,1
25334,1
25335,1
25336,1
25337,0
25338,1
25339,1
25340,1
25341,1
25342,1
25343,1
25344,0
25345,1
25346,1
25347,1
25348,0
25349,1
25350,1
25351,1
25352,1
25353,1
25354,1
25355,1
25356,1
25357,1
25358,0
25359,1
25360,0
25361,0
25362,0
25363,1
25364,0
25365,1
25366,1
25367,1
25368,0
25369,1
25370,1
25371,1
25372,1
25373,0
25374,1
25375,1
25376,1
25377,0
25378,1
25379,1
25380,1
25381,1
25382,1
25383,0
25384,1
25385,1
25386,0
25387,0
25388,1
25389,0
25390,1
25391,1
25392,0
25393,1
25394,0
25395,1
25396,1
25397,1
25398,0
25399,1
25400,0
25401,0
25402,0
25403,1
25404,0
25405,0
25406,1
25407,1
25408,1
25409,1
25410,1
25411,0
25412,1
25413,1
25414,1
25415,1
25416,0
25417,1
25418,0
25419,0
25420,1
25421,1
25422,1
25423,0
25424,0
25425,1
25426,0
25427,0
25428,1
25429,1
25430,0
25431,0
25432,0
25433,0
25434,1
25435,0
25436,1
25437,1
25438,0
25439,0
25440,1
25441,1
25442,0
25443,0
25444,1
25445,1
25446,0
25447,1
25448,0
25449,0
25450,1
25451,1
25452,1
25453,1
25454,1
25455,1
25456,1
25457,0
25458,0
25459,1
25460,1
25461,1
25462,1
25463,1
25464,1
25465,1
25466,0
25467,1
25468,1
25469,0
25470,0
25471,1
25472,1
25473,1
25474,1
25475,1
25476,0
25477,1
25478,0
25479,1
25480,1
25481,1
25482,1
25483,1
25484,0
25485,0
25486,1
25487,1
25488,1
25489,0
25490,0
25491,1
25492,0
25493,1
25494,1
25495,1
25496,0
25497,1
25498,1
25499,1
25500,1
25501,1
25502,1
25503,0
25504,0
25505,1
25506,1
25507,1
25508,1
25509,1
25510,1
25511,1
25512,0
25513,0
25514,0
25515,1
25516,0
25517,0
25518,0
25519,0
25520,1
25521,1
25522,0
25523,0
25524,0
25525,0
25526,0
25527,0
25528,0
25529,0
25530,1
25531,1
25532,0
25533,0
25534,1
25535,1
25536,0
25537,1
25538,1
25539,1
25540,1
25541,1
25542,0
25543,1
25544,0
25545,0
25546,1
25547,0
25548,1
25549,0
25550,1
25551,0
25552,0
25553,0
25554,0
25555,1
25556,1
25557,0
25558,1
25559,1
25560,0
25561,1
25562,0
25563,1
25564,1
25565,0
25566,0
25567,0
25568,1
25569,0
25570,0
25571,0
25572,1
25573,1
25574,0
25575,1
25576,1
25577,0
25578,0
25579,0
25580,1
25581,0
25582,1
25583,0
25584,0
25585,1
25586,1
25587,1
25588,1
25589,0
25590,0
25591,1
25592,0
25593,0
25594,0
25595,1
25596,1
25597,0
25598,1
25599,0
25600,1
25601,0
25602,1
25603,1
25604,0
25605,0
25606,1
25607,0
25608,1
25609,1
25610,0
25611,0
25612,1
25613,1
25614,1
25615,1
25616,1
25617,0
25618,0
25619,1
25620,0
25621,0
25622,1
25623,0
25624,0
25625,1
25626,0
25627,1
25628,0
25629,1
25630,1
25631,1
25632,0
25633,1
25634,1
25635,1
25636,1
25637,1
25638,1
25639,0
25640,0
25641,0
25642,0
25643,0
25644,1
25645,1
25646,1
25647,0
25648,1
25649,0
25650,1
25651,0
25652,0
25653,0
25654,1
25655,1
25656,1
25657,1
25658,1
25659,1
25660,1
25661,1
25662,1
25663,1
25664,1
25665,1
25666,0
25667,0
25668,0
25669,1
25670,0
25671,1
25672,1
25673,1
25674,0
25675,1
25676,1
25677,1
25678,1
25679,0
25680,1
25681,0
25682,1
25683,1
25684,1
25685,1
25686,1
25687,1
25688,1
25689,1
25690,1
25691,1
25692,1
25693,1
25694,1
25695,0
25696,1
25697,1
25698,0
25699,0
25700,0
25701,1
25702,1
25703,1
25704,1
25705,1
25706,1
25707,0
25708,1
25709,1
25710,0
25711,0
25712,1
25713,0
25714,1
25715,1
25716,0
25717,0
25718,1
25719,1
25720,1
25721,1
25722,1
25723,1
25724,1
25725,1
25726,1
25727,1
25728,1
25729,0
25730,0
25731,1
25732,1
25733,1
25734,0
25735,1
25736,1
25737,1
25738,1
25739,1
25740,0
25741,1
25742,0
25743,1
25744,1
25745,1
25746,1
25747,1
25748,1
25749,0
25750,1
25751,1
25752,0
25753,1
25754,1
25755,1
25756,0
25757,1
25758,1
25759,1
25760,0
25761,1
25762,0
25763,1
25764,0
25765,0
25766,1
25767,1
25768,1
25769,1
25770,0
25771,1
25772,1
25773,1
25774,1
25775,0
25776,1
25777,0
25778,0
25779,1
25780,1
25781,1
25782,1
25783,1
25784,1
25785,0
25786,1
25787,1
25788,1
25789,1
25790,1
25791,1
25792,0
25793,0
25794,1
25795,1
25796,1
25797,1
25798,1
25799,0
25800,1
25801,1
25802,1
25803,1
25804,1
25805,1
25806,0
25807,0
25808,1
25809,1
25810,0
25811,0
25812,1
25813,0
25814,0
25815,1
25816,1
25817,0
25818,0
25819,0
25820,1
25821,1
25822,1
25823,1
25824,0
25825,1
25826,1
25827,0
25828,0
25829,0
25830,1
25831,1
25832,0
25833,0
25834,1
25835,0
25836,1
25837,1
25838,0
25839,1
25840,0
25841,1
25842,0
25843,1
25844,1
25845,1
25846,1
25847,1
25848,1
25849,1
25850,1
25851,1
25852,1
25853,1
25854,0
25855,1
25856,0
25857,1
25858,0
25859,1
25860,1
25861,1
25862,1
25863,1
25864,0
25865,0
25866,1
25867,1
25868,0
25869,0
25870,1
25871,1
25872,1
25873,1
25874,1
25875,0
25876,1
25877,0
25878,1
25879,0
25880,1
25881,1
25882,0
25883,1
25884,1
25885,1
25886,0
25887,1
25888,1
25889,0
25890,0
25891,0
25892,1
25893,1
25894,1
25895,1
25896,1
25897,1
25898,1
25899,0
25900,0
25901,1
25902,1
25903,1
25904,1
25905,1
25906,1
25907,0
25908,1
25909,1
25910,1
25911,1
25912,1
25913,0
25914,0
25915,1
25916,1
25917,1
25918,0
25919,1
25920,1
25921,0
25922,1
25923,1
25924,1
25925,1
25926,1
25927,0
25928,1
25929,0
25930,1
25931,1
25932,1
25933,0
25934,1
25935,1
25936,0
25937,1
25938,0
25939,1
25940,0
25941,1
25942,1
25943,1
25944,1
25945,1
25946,1
25947,1
25948,1
25949,1
25950,1
25951,1
25952,0
25953,1
25954,1
25955,1
25956,0
25957,1
25958,0
25959,1
25960,0
25961,1
25962,1
25963,1
25964,1
25965,0
25966,0
25967,1
25968,1
25969,0
25970,1
25971,1
25972,1
25973,1
25974,1
25975,1
25976,0
25977,0
25978,1
25979,0
25980,1
25981,1
25982,1
25983,1
25984,1
25985,0
25986,0
25987,0
25988,1
25989,1
25990,0
25991,1
25992,1
25993,0
25994,0
25995,1
25996,1
25997,1
25998,1
25999,1
26000,1
26001,0
26002,1
26003,1
26004,0
26005,1
26006,0
26007,1
26008,0
26009,1
26010,1
26011,1
26012,1
26013,1
26014,1
26015,0
26016,0
26017,1
26018,1
26019,0
26020,0
26021,1
26022,0
26023,0
26024,1
26025,0
26026,1
26027,1
26028,0
26029,1
26030,0
26031,1
26032,0
26033,1
26034,1
26035,1
26036,1
26037,1
26038,1
26039,1
26040,1
26041,1
26042,1
26043,1
26044,1
26045,1
26046,1
26047,1
26048,1
26049,0
26050,1
26051,1
26052,0
26053,0
26054,0
26055,0
26056,1
26057,1
26058,1
26059,1
26060,0
26061,1
26062,1
26063,1
26064,1
26065,1
26066,1
26067,1
26068,1
26069,0
26070,0
26071,0
26072,0
26073,1
26074,1
26075,1
26076,1
26077,1
26078,1
26079,1
26080,1
26081,1
26082,1
26083,1
26084,1
26085,1
26086,1
26087,0
26088,0
26089,1
26090,1
26091,0
26092,1
26093,0
26094,1
26095,1
26096,1
26097,1
26098,0
26099,1
26100,1
26101,1
26102,0
26103,0
26104,0
26105,0
26106,1
26107,0
26108,0
26109,1
26110,1
26111,1
26112,1
26113,0
26114,0
26115,1
26116,0
26117,1
26118,1
26119,1
26120,0
26121,1
26122,1
26123,1
26124,1
26125,0
26126,0
26127,1
26128,1
26129,0
26130,1
26131,0
26132,1
26133,1
26134,0
26135,0
26136,0
26137,1
26138,1
26139,0
26140,1
26141,1
26142,1
26143,0
26144,1
26145,1
26146,1
26147,1
26148,0
26149,1
26150,1
26151,1
26152,1
26153,0
26154,1
26155,1
26156,0
26157,1
26158,1
26159,1
26160,0
26161,0
26162,0
26163,1
26164,1
26165,0
26166,1
26167,1
26168,1
26169,0
26170,1
26171,0
26172,1
26173,1
26174,1
26175,0
26176,1
26177,0
26178,1
26179,0
26180,1
26181,1
26182,1
26183,1
26184,0
26185,1
26186,0
26187,1
26188,1
26189,1
26190,1
26191,1
26192,1
26193,0
26194,1
26195,0
26196,1
26197,1
26198,1
26199,0
26200,1
26201,0
26202,1
26203,0
26204,1
26205,1
26206,1
26207,0
26208,0
26209,1
26210,1
26211,0
26212,1
26213,1
26214,1
26215,0
26216,1
26217,1
26218,1
26219,0
26220,0
26221,1
26222,0
26223,0
26224,1
26225,1
26226,1
26227,0
26228,1
26229,0
26230,1
26231,1
26232,1
26233,0
26234,1
26235,1
26236,1
26237,1
26238,0
26239,1
26240,1
26241,0
26242,0
26243,0
26244,0
26245,1
26246,1
26247,1
26248,0
26249,1
26250,0
26251,0
26252,0
26253,1
26254,1
26255,1
26256,1
26257,0
26258,1
26259,1
26260,0
26261,1
26262,0
26263,0
26264,0
26265,0
26266,1
26267,1
26268,1
26269,0
26270,1
26271,0
26272,1
26273,0
26274,1
26275,1
26276,1
26277,1
26278,1
26279,0
26280,0
26281,1
26282,0
26283,0
26284,0
26285,0
26286,1
26287,1
26288,1
26289,0
26290,1
26291,0
26292,0
26293,1
26294,1
26295,1
26296,1
26297,1
26298,1
26299,0
26300,0
26301,1
26302,0
26303,0
26304,1
26305,1
26306,0
26307,1
26308,1
26309,0
26310,1
26311,1
26312,0
26313,1
26314,1
26315,1
26316,1
26317,0
26318,1
26319,1
26320,1
26321,0
26322,1
26323,1
26324,0
26325,1
26326,1
26327,0
26328,1
26329,0
26330,1
26331,0
26332,1
26333,1
26334,0
26335,1
26336,1
26337,1
26338,0
26339,0
26340,1
26341,0
26342,0
26343,1
26344,0
26345,0
26346,0
26347,1
26348,0
26349,1
26350,0
26351,1
26352,0
26353,1
26354,1
26355,1
26356,0
26357,0
26358,1
26359,1
26360,0
26361,1
26362,1
26363,1
26364,1
26365,0
26366,1
26367,0
26368,0
26369,1
26370,1
26371,0
26372,0
26373,1
26374,1
26375,1
26376,1
26377,1
26378,0
26379,1
26380,1
26381,1
26382,1
26383,0
26384,1
26385,1
26386,0
26387,0
26388,1
26389,0
26390,1
26391,1
26392,1
26393,1
26394,1
26395,1
26396,0
26397,1
26398,1
26399,1
26400,0
26401,1
26402,1
26403,1
26404,1
26405,1
26406,1
26407,1
26408,0
26409,1
26410,0
26411,1
26412,1
26413,1
26414,1
26415,1
26416,0
26417,0
26418,1
26419,1
26420,1
26421,1
26422,1
26423,0
26424,1
26425,1
26426,0
26427,1
26428,1
26429,1
26430,1
26431,1
26432,1
26433,1
26434,0
26435,1
26436,1
26437,0
26438,1
26439,1
26440,0
26441,1
26442,1
26443,0
26444,1
26445,1
26446,1
26447,1
26448,0
26449,1
26450,1
26451,1
26452,1
26453,0
26454,1
26455,1
26456,1
26457,1
26458,1
26459,0
26460,0
26461,0
26462,0
26463,1
26464,1
26465,1
26466,1
26467,0
26468,1
26469,1
26470,1
26471,1
26472,0
26473,0
26474,1
26475,1
26476,1
26477,1
26478,0
26479,1
26480,0
26481,1
26482,0
26483,1
26484,0
26485,0
26486,1
26487,1
26488,0
26489,1
26490,1
26491,1
26492,1
26493,1
26494,1
26495,1
26496,0
26497,0
26498,1
26499,0
26500,1
26501,0
26502,1
26503,1
26504,1
26505,0
26506,1
26507,1
26508,0
26509,1
26510,1
26511,0
26512,1
26513,1
26514,0
26515,1
26516,1
26517,1
26518,0
26519,0
26520,1
26521,0
26522,1
26523,1
26524,1
26525,1
26526,1
26527,1
26528,1
26529,1
26530,0
26531,0
26532,0
26533,0
26534,0
26535,1
26536,1
26537,1
26538,1
26539,1
26540,1
26541,1
26542,1
26543,0
26544,1
26545,1
26546,1
26547,1
26548,0
26549,0
26550,1
26551,0
26552,1
26553,1
26554,1
26555,1
26556,1
26557,1
26558,1
26559,1
26560,1
26561,1
26562,0
26563,0
26564,1
26565,0
26566,1
26567,1
26568,0
26569,1
26570,1
26571,1
26572,1
26573,0
26574,1
26575,0
26576,0
26577,1
26578,0
26579,1
26580,1
26581,0
26582,1
26583,1
26584,0
26585,1
26586,0
26587,1
26588,0
26589,1
26590,0
26591,0
26592,0
26593,0
26594,0
26595,1
26596,0
26597,1
26598,1
26599,1
26600,0
26601,1
26602,1
26603,1
26604,1
26605,1
26606,0
26607,0
26608,1
26609,1
26610,0
26611,0
26612,1
26613,0
26614,1
26615,1
26616,1
26617,0
26618,0
26619,0
26620,0
26621,1
26622,1
26623,0
26624,0
26625,1
26626,1
26627,1
26628,1
26629,1
26630,1
26631,0
26632,0
26633,0
26634,0
26635,1
26636,1
26637,0
26638,1
26639,0
26640,1
26641,1
26642,0
26643,1
26644,1
26645,1
26646,0
26647,1
26648,1
26649,1
26650,1
26651,1
26652,0
26653,1
26654,1
26655,0
26656,0
26657,0
26658,1
26659,1
26660,0
26661,1
26662,0
26663,1
26664,1
26665,0
26666,1
26667,1
26668,1
26669,1
26670,0
26671,1
26672,1
26673,1
26674,0
26675,1
26676,0
26677,1
26678,1
26679,0
26680,1
26681,1
26682,0
26683,1
26684,1
26685,1
26686,0
26687,0
26688,1
26689,0
26690,0
26691,0
26692,1
26693,0
26694,1
26695,1
26696,1
26697,0
26698,1
26699,0
26700,0
26701,1
26702,1
26703,1
26704,0
26705,1
26706,0
26707,0
26708,1
26709,0
26710,1
26711,1
26712,1
26713,1
26714,0
26715,0
26716,0
26717,1
26718,1
26719,0
26720,0
26721,1
26722,0
26723,1
26724,0
26725,1
26726,1
26727,0
26728,0
26729,1
26730,0
26731,1
26732,0
26733,1
26734,1
26735,1
26736,1
26737,1
26738,1
26739,1
26740,1
26741,1
26742,1
26743,0
26744,0
26745,0
26746,0
26747,1
26748,1
26749,1
26750,1
26751,1
26752,0
26753,1
26754,0
26755,0
26756,1
26757,1
26758,1
26759,1
26760,1
26761,1
26762,0
26763,1
26764,0
26765,0
26766,0
26767,1
26768,1
26769,1
26770,1
26771,1
26772,0
26773,1
26774,1
26775,0
26776,0
26777,1
26778,0
26779,0
26780,0
26781,1
26782,1
26783,1
26784,1
26785,0
26786,1
26787,1
26788,0
26789,1
26790,1
26791,0
26792,1
26793,1
26794,1
26795,1
26796,1
26797,1
26798,0
26799,0
26800,1
26801,1
26802,0
26803,1
26804,1
26805,0
26806,1
26807,1
26808,1
26809,0
26810,0
26811,1
26812,1
26813,1
26814,1
26815,0
26816,0
26817,1
26818,0
26819,1
26820,0
26821,1
26822,0
26823,1
26824,1
26825,1
26826,1
26827,1
26828,1
26829,1
26830,0
26831,1
26832,1
26833,1
26834,1
26835,1
26836,0
26837,1
26838,0
26839,1
26840,0
26841,1
26842,1
26843,1
26844,1
26845,0
26846,0
26847,1
26848,1
26849,0
26850,1
26851,1
26852,1
26853,1
26854,1
26855,1
26856,0
26857,0
26858,0
26859,1
26860,1
26861,1
26862,1
26863,1
26864,0
26865,1
26866,0
26867,1
26868,1
26869,1
26870,1
26871,1
26872,1
26873,1
26874,1
26875,1
26876,0
26877,1
26878,1
26879,0
26880,0
26881,1
26882,1
26883,0
26884,1
26885,1
26886,1
26887,1
26888,1
26889,0
26890,0
26891,1
26892,1
26893,0
26894,1
26895,0
26896,0
26897,0
26898,1
26899,1
26900,1
26901,1
26902,0
26903,0
26904,0
26905,1
26906,0
26907,1
26908,1
26909,1
26910,0
26911,1
26912,1
26913,0
26914,0
26915,0
26916,0
26917,1
26918,0
26919,0
26920,0
26921,0
26922,0
26923,0
26924,0
26925,1
26926,1
26927,0
26928,1
26929,1
26930,1
26931,0
26932,1
26933,0
26934,1
26935,1
26936,0
26937,1
26938,1
26939,1
26940,1
26941,0
26942,1
26943,1
26944,0
26945,1
26946,1
26947,1
26948,0
26949,1
26950,1
26951,1
26952,1
26953,1
26954,1
26955,0
26956,0
26957,0
26958,0
26959,0
26960,1
26961,0
26962,0
26963,1
26964,1
26965,0
26966,0
26967,0
26968,0
26969,1
26970,1
26971,0
26972,1
26973,1
26974,1
26975,0
26976,1
26977,1
26978,0
26979,1
26980,1
26981,1
26982,1
26983,0
26984,1
26985,1
26986,1
26987,1
26988,0
26989,0
26990,1
26991,0
26992,1
26993,0
26994,0
26995,1
26996,1
26997,0
26998,0
26999,1
27000,1
27001,1
27002,1
27003,0
27004,1
27005,1
27006,1
27007,1
27008,1
27009,1
27010,0
27011,0
27012,0
27013,0
27014,0
27015,0
27016,1
27017,1
27018,1
27019,1
27020,0
27021,0
27022,1
27023,1
27024,1
27025,1
27026,0
27027,1
27028,1
27029,1
27030,1
27031,1
27032,1
27033,1
27034,1
27035,0
27036,0
27037,1
27038,0
27039,1
27040,0
27041,1
27042,1
27043,1
27044,1
27045,1
27046,1
27047,0
27048,1
27049,0
27050,1
27051,1
27052,0
27053,0
27054,1
27055,1
27056,1
27057,1
27058,0
27059,1
27060,1
27061,0
27062,1
27063,1
27064,1
27065,1
27066,0
27067,1
27068,1
27069,0
27070,0
27071,0
27072,1
27073,1
27074,1
27075,0
27076,1
27077,1
27078,1
27079,0
27080,1
27081,0
27082,0
27083,1
27084,1
27085,1
27086,1
27087,0
27088,1
27089,1
27090,1
27091,1
27092,1
27093,1
27094,1
27095,1
27096,0
27097,0
27098,1
27099,1
27100,1
27101,0
27102,1
27103,0
27104,1
27105,1
27106,0
27107,1
27108,1
27109,1
27110,0
27111,0
27112,1
27113,0
27114,0
27115,1
27116,0
27117,0
27118,1
27119,1
27120,1
27121,1
27122,1
27123,0
27124,0
27125,0
27126,0
27127,0
27128,1
27129,0
27130,1
27131,0
27132,1
27133,1
27134,0
27135,1
27136,1
27137,1
27138,1
27139,1
27140,1
27141,0
27142,1
27143,1
27144,1
27145,1
27146,1
27147,0
27148,0
27149,1
27150,1
27151,0
27152,1
27153,1
27154,0
27155,1
27156,0
27157,1
27158,0
27159,1
27160,1
27161,1
27162,1
27163,0
27164,1
27165,1
27166,1
27167,0
27168,1
27169,1
27170,0
27171,1
27172,1
27173,1
27174,1
27175,1
27176,0
27177,0
27178,1
27179,0
27180,0
27181,0
27182,1
27183,0
27184,1
27185,1
27186,1
27187,0
27188,0
27189,0
27190,0
27191,1
27192,1
27193,0
27194,0
27195,0
27196,1
27197,1
27198,1
27199,1
27200,0
27201,1
27202,1
27203,0
27204,1
27205,1
27206,1
27207,1
27208,1
27209,1
27210,0
27211,0
27212,0
27213,1
27214,0
27215,0
27216,1
27217,1
27218,1
27219,1
27220,1
27221,1
27222,1
27223,1
27224,1
27225,1
27226,1
27227,1
27228,0
27229,1
27230,1
27231,1
27232,1
27233,1
27234,0
27235,0
27236,0
27237,0
27238,1
27239,0
27240,0
27241,1
27242,1
27243,0
27244,1
27245,1
27246,0
27247,0
27248,1
27249,0
27250,1
27251,0
27252,1
27253,0
27254,1
27255,1
27256,0
27257,0
27258,1
27259,1
27260,0
27261,1
27262,1
27263,0
27264,0
27265,1
27266,1
27267,1
27268,1
27269,0
27270,0
27271,1
27272,1
27273,0
27274,1
27275,1
27276,1
27277,1
27278,1
27279,0
27280,1
27281,0
27282,1
27283,0
27284,1
27285,0
27286,0
27287,1
27288,0
27289,1
27290,0
27291,1
27292,0
27293,0
27294,1
27295,1
27296,0
27297,1
27298,1
27299,1
27300,1
27301,1
27302,1
27303,1
27304,0
27305,0
27306,1
27307,1
27308,1
27309,1
27310,1
27311,1
27312,1
27313,1
27314,1
27315,1
27316,0
27317,0
27318,1
27319,1
27320,1
27321,0
27322,1
27323,1
27324,0
27325,1
27326,1
27327,0
27328,1
27329,0
27330,1
27331,0
27332,0
27333,1
27334,1
27335,1
27336,1
27337,1
27338,1
27339,0
27340,1
27341,1
27342,0
27343,0
27344,0
27345,0
27346,0
27347,1
27348,0
27349,1
27350,1
27351,0
27352,0
27353,1
27354,1
27355,1
27356,0
27357,0
27358,1
27359,1
27360,1
27361,1
27362,1
27363,1
27364,1
27365,1
27366,1
27367,1
27368,1
27369,1
27370,1
27371,1
27372,1
27373,1
27374,0
27375,0
27376,1
27377,1
27378,1
27379,0
27380,1
27381,0
27382,1
27383,0
27384,0
27385,1
27386,0
27387,0
27388,0
27389,0
27390,0
27391,1
27392,1
27393,1
27394,1
27395,1
27396,0
27397,1
27398,1
27399,1
27400,1
27401,0
27402,0
27403,0
27404,1
27405,1
27406,0
27407,0
27408,1
27409,1
27410,1
27411,1
27412,1
27413,1
27414,0
27415,1
27416,0
27417,1
27418,0
27419,1
27420,1
27421,1
27422,1
27423,1
27424,0
27425,1
27426,1
27427,0
27428,1
27429,1
27430,1
27431,1
27432,1
27433,0
27434,1
27435,0
27436,0
27437,1
27438,0
27439,1
27440,1
27441,1
27442,1
27443,0
27444,1
27445,0
27446,0
27447,1
27448,1
27449,1
27450,0
27451,0
27452,1
27453,1
27454,0
27455,1
27456,1
27457,1
27458,1
27459,1
27460,1
27461,0
27462,0
27463,0
27464,0
27465,0
27466,1
27467,0
27468,0
27469,0
27470,1
27471,1
27472,0
27473,0
27474,1
27475,1
27476,0
27477,1
27478,1
27479,1
27480,0
27481,0
27482,0
27483,1
27484,1
27485,0
27486,0
27487,1
27488,1
27489,1
27490,1
27491,1
27492,0
27493,1
27494,0
27495,0
27496,0
27497,1
27498,1
27499,0
27500,0
27501,1
27502,1
27503,0
27504,1
27505,1
27506,1
27507,0
27508,1
27509,1
27510,1
27511,1
27512,1
27513,0
27514,1
27515,1
27516,1
27517,1
27518,1
27519,1
27520,0
27521,0
27522,1
27523,0
27524,0
27525,1
27526,0
27527,1
27528,0
27529,0
27530,0
27531,0
27532,0
27533,0
27534,1
27535,1
27536,1
27537,0
27538,0
27539,1
27540,0
27541,1
27542,1
27543,1
27544,0
27545,0
27546,0
27547,0
27548,0
27549,0
27550,1
27551,0
27552,0
27553,0
27554,1
27555,1
27556,0
27557,0
27558,0
27559,0
27560,1
27561,1
27562,0
27563,1
27564,1
27565,0
27566,0
27567,1
27568,0
27569,0
27570,0
27571,1
27572,0
27573,1
27574,0
27575,1
27576,1
27577,1
27578,1
27579,0
27580,0
27581,1
27582,1
27583,1
27584,1
27585,1
27586,0
27587,0
27588,0
27589,1
27590,0
27591,1
27592,0
27593,0
27594,1
27595,1
27596,1
27597,1
27598,1
27599,1
27600,1
27601,1
27602,1
27603,0
27604,1
27605,0
27606,1
27607,0
27608,1
27609,1
27610,1
27611,1
27612,1
27613,1
27614,1
27615,1
27616,0
27617,1
27618,1
27619,1
27620,0
27621,1
27622,1
27623,0
27624,0
27625,0
27626,1
27627,1
27628,1
27629,0
27630,0
27631,1
27632,0
27633,1
27634,1
27635,0
27636,1
27637,0
27638,0
27639,1
27640,1
27641,1
27642,1
27643,1
27644,0
27645,0
27646,0
27647,0
27648,0
27649,0
27650,1
27651,1
27652,1
27653,0
27654,1
27655,1
27656,0
27657,0
27658,0
27659,0
27660,1
27661,1
27662,1
27663,0
27664,1
27665,0
27666,1
27667,0
27668,0
27669,1
27670,0
27671,0
27672,1
27673,1
27674,1
27675,0
27676,1
27677,1
27678,1
27679,1
27680,1
27681,1
27682,1
27683,1
27684,1
27685,1
27686,1
27687,0
27688,1
27689,1
27690,0
27691,0
27692,1
27693,1
27694,1
27695,0
27696,1
27697,1
27698,1
27699,1
27700,1
27701,1
27702,0
27703,0
27704,1
27705,0
27706,1
27707,1
27708,1
27709,1
27710,1
27711,1
27712,0
27713,0
27714,1
27715,0
27716,1
27717,1
27718,0
27719,0
27720,1
27721,1
27722,1
27723,1
27724,0
27725,1
27726,1
27727,1
27728,1
27729,1
27730,1
27731,1
27732,1
27733,0
27734,1
27735,0
27736,0
27737,1
27738,0
27739,0
27740,1
27741,1
27742,1
27743,0
27744,0
27745,1
27746,1
27747,0
27748,1
27749,0
27750,0
27751,1
27752,0
27753,0
27754,0
27755,1
27756,1
27757,0
27758,0
27759,1
27760,1
27761,1
27762,0
27763,1
27764,0
27765,1
27766,0
27767,1
27768,1
27769,0
27770,1
27771,1
27772,1
27773,0
27774,1
27775,0
27776,1
27777,1
27778,1
27779,1
27780,0
27781,1
27782,1
27783,1
27784,1
27785,0
27786,1
27787,1
27788,1
27789,0
27790,0
27791,1
27792,1
27793,1
27794,1
27795,0
27796,1
27797,1
27798,1
27799,0
27800,0
27801,0
27802,1
27803,1
27804,0
27805,1
27806,1
27807,0
27808,1
27809,1
27810,0
27811,1
27812,1
27813,1
27814,1
27815,0
27816,0
27817,1
27818,1
27819,0
27820,1
27821,1
27822,1
27823,1
27824,0
27825,0
27826,1
27827,1
27828,1
27829,1
27830,1
27831,1
27832,0
27833,1
27834,0
27835,0
27836,1
27837,0
27838,1
27839,1
27840,1
27841,0
27842,0
27843,1
27844,0
27845,1
27846,1
27847,1
27848,1
27849,1
27850,0
27851,1
27852,1
27853,1
27854,0
27855,1
27856,1
27857,1
27858,1
27859,1
27860,1
27861,0
27862,1
27863,1
27864,0
27865,1
27866,0
27867,1
27868,0
27869,1
27870,1
27871,0
27872,1
27873,1
27874,1
27875,0
27876,1
27877,0
27878,0
27879,1
27880,1
27881,1
27882,1
27883,0
27884,1
27885,1
27886,1
27887,1
27888,1
27889,1
27890,0
27891,1
27892,1
27893,1
27894,0
27895,1
27896,1
27897,1
27898,1
27899,1
27900,1
27901,1
27902,1
27903,1
27904,1
27905,0
27906,0
27907,0
27908,1
27909,0
27910,0
27911,1
27912,0
27913,1
27914,1
27915,0
27916,1
27917,1
27918,1
27919,1
27920,0
27921,1
27922,1
27923,0
27924,1
27925,1
27926,0
27927,0
27928,0
27929,0
27930,1
27931,1
27932,1
27933,1
27934,1
27935,0
27936,0
27937,1
27938,1
27939,0
27940,1
27941,0
27942,0
27943,1
27944,1
27945,1
27946,1
27947,0
27948,0
27949,1
27950,1
27951,1
27952,0
27953,1
27954,1
27955,1
27956,1
27957,1
27958,0
27959,1
27960,1
27961,0
27962,1
27963,1
27964,0
27965,1
27966,1
27967,0
27968,1
27969,1
27970,0
27971,0
27972,1
27973,0
27974,0
27975,1
27976,0
27977,1
27978,0
27979,1
27980,1
27981,1
27982,1
27983,1
27984,1
27985,0
27986,0
27987,0
27988,1
27989,0
27990,1
27991,1
27992,0
27993,0
27994,0
27995,0
27996,1
27997,1
27998,1
27999,1
28000,0
28001,1
28002,1
28003,0
28004,1
28005,0
28006,0
28007,1
28008,1
28009,1
28010,0
28011,1
28012,1
28013,1
28014,1
28015,1
28016,1
28017,1
28018,0
28019,1
28020,1
28021,0
28022,0
28023,0
28024,0
28025,0
28026,0
28027,1
28028,1
28029,0
28030,1
28031,0
28032,1
28033,1
28034,1
28035,1
28036,1
28037,0
28038,1
28039,0
28040,1
28041,1
28042,0
28043,1
28044,1
28045,1
28046,1
28047,0
28048,1
28049,1
28050,1
28051,0
28052,0
28053,0
28054,1
28055,1
28056,1
28057,1
28058,1
28059,0
28060,1
28061,0
28062,1
28063,1
28064,0
28065,0
28066,1
28067,1
28068,1
28069,0
28070,1
28071,1
28072,1
28073,1
28074,1
28075,1
28076,1
28077,0
28078,0
28079,1
28080,1
28081,1
28082,1
28083,1
28084,1
28085,1
28086,1
28087,0
28088,1
28089,0
28090,1
28091,1
28092,1
28093,1
28094,0
28095,1
28096,1
28097,1
28098,1
28099,1
28100,1
28101,0
28102,1
28103,1
28104,1
28105,1
28106,0
28107,0
28108,1
28109,0
28110,1
28111,0
28112,1
28113,1
28114,1
28115,1
28116,0
28117,0
28118,1
28119,0
28120,1
28121,1
28122,0
28123,1
28124,1
28125,1
28126,1
28127,0
28128,1
28129,1
28130,0
28131,1
28132,0
28133,0
28134,1
28135,0
28136,1
28137,1
28138,1
28139,1
28140,1
28141,1
28142,1
28143,0
28144,1
28145,0
28146,1
28147,0
28148,1
28149,1
28150,0
28151,1
28152,1
28153,1
28154,1
28155,1
28156,0
28157,0
28158,1
28159,0
28160,1
28161,1
28162,0
28163,0
28164,0
28165,1
28166,1
28167,1
28168,1
28169,1
28170,1
28171,1
28172,0
28173,0
28174,0
28175,1
28176,1
28177,1
28178,1
28179,1
28180,0
28181,1
28182,1
28183,1
28184,1
28185,1
28186,0
28187,0
28188,1
28189,0
28190,0
28191,1
28192,1
28193,0
28194,1
28195,1
28196,0
28197,1
28198,0
28199,1
28200,1
28201,1
28202,1
28203,1
28204,0
28205,1
28206,1
28207,1
28208,1
28209,1
28210,1
28211,0
28212,1
28213,1
28214,0
28215,0
28216,0
28217,1
28218,0
28219,1
28220,1
28221,0
28222,0
28223,0
28224,1
28225,0
28226,1
28227,0
28228,1
28229,0
28230,1
28231,1
28232,0
28233,1
28234,0
28235,0
28236,0
28237,1
28238,0
28239,1
28240,1
28241,1
28242,0
28243,0
28244,1
28245,1
28246,0
28247,1
28248,1
28249,1
28250,1
28251,1
28252,0
28253,1
28254,1
28255,1
28256,1
28257,0
28258,1
28259,1
28260,1
28261,0
28262,1
28263,1
28264,0
28265,0
28266,1
28267,1
28268,1
28269,1
28270,1
28271,1
28272,0
28273,1
28274,1
28275,1
28276,1
28277,1
28278,1
28279,0
28280,1
28281,0
28282,1
28283,1
28284,1
28285,0
28286,0
28287,1
28288,1
28289,1
28290,0
28291,0
28292,1
28293,0
28294,0
28295,0
28296,1
28297,1
28298,1
28299,0
28300,1
28301,1
28302,1
28303,0
28304,1
28305,1
28306,0
28307,0
28308,1
28309,1
28310,1
28311,1
28312,1
28313,1
28314,1
28315,1
28316,1
28317,0
28318,0
28319,0
28320,1
28321,0
28322,0
28323,1
28324,1
28325,1
28326,1
28327,1
28328,1
28329,0
28330,0
28331,1
28332,1
28333,1
28334,1
28335,0
28336,0
28337,1
28338,1
28339,1
28340,1
28341,0
28342,1
28343,1
28344,1
28345,1
28346,1
28347,0
28348,0
28349,0
28350,1
28351,0
28352,1
28353,0
28354,1
28355,1
28356,0
28357,0
28358,1
28359,0
28360,0
28361,1
28362,1
28363,0
28364,0
28365,0
28366,1
28367,1
28368,1
28369,0
28370,1
28371,0
28372,1
28373,1
28374,1
28375,1
28376,0
28377,0
28378,1
28379,1
28380,0
28381,1
28382,1
28383,1
28384,0
28385,1
28386,1
28387,1
28388,1
28389,1
28390,0
28391,1
28392,1
28393,1
28394,1
28395,1
28396,0
28397,1
28398,0
28399,1
28400,1
28401,1
28402,0
28403,1
28404,0
28405,1
28406,1
28407,1
28408,0
28409,1
28410,1
28411,1
28412,0
28413,0
28414,1
28415,1
28416,1
28417,0
28418,1
28419,0
28420,1
28421,1
28422,1
28423,1
28424,1
28425,1
28426,0
28427,0
28428,1
28429,1
28430,0
28431,1
28432,0
28433,0
28434,1
28435,0
28436,1
28437,1
28438,1
28439,1
28440,1
28441,1
28442,1
28443,0
28444,1
28445,0
28446,0
28447,1
28448,0
28449,1
28450,1
28451,1
28452,0
28453,1
28454,1
28455,1
28456,1
28457,1
28458,1
28459,0
28460,1
28461,1
28462,0
28463,1
28464,1
28465,0
28466,0
28467,0
28468,0
28469,0
28470,0
28471,1
28472,1
28473,1
28474,0
28475,1
28476,0
28477,1
28478,1
28479,1
28480,1
28481,1
28482,1
28483,0
28484,1
28485,0
28486,1
28487,1
28488,1
28489,1
28490,1
28491,1
28492,1
28493,1
28494,1
28495,1
28496,0
28497,0
28498,1
28499,1
28500,0
28501,1
28502,1
28503,1
28504,1
28505,1
28506,0
28507,1
28508,0
28509,0
28510,0
28511,0
28512,1
28513,0
28514,0
28515,1
28516,0
28517,1
28518,1
28519,1
28520,1
28521,1
28522,1
28523,1
28524,1
28525,1
28526,1
28527,0
28528,1
28529,1
28530,0
28531,1
28532,0
28533,0
28534,1
28535,1
28536,0
28537,0
28538,0
28539,1
28540,0
28541,1
28542,0
28543,0
28544,1
28545,1
28546,1
28547,0
28548,1
28549,1
28550,1
28551,0
28552,0
28553,1
28554,0
28555,1
28556,1
28557,1
28558,0
28559,1
28560,0
28561,1
28562,1
28563,0
28564,1
28565,0
28566,1
28567,0
28568,0
28569,0
28570,1
28571,1
28572,0
28573,1
28574,1
28575,1
28576,1
28577,1
28578,0
28579,0
28580,1
28581,0
28582,1
28583,1
28584,1
28585,1
28586,1
28587,1
28588,1
28589,0
28590,0
28591,0
28592,0
28593,0
28594,1
28595,1
28596,1
28597,1
28598,1
28599,1
28600,0
28601,1
28602,1
28603,0
28604,1
28605,0
28606,1
28607,0
28608,0
28609,1
28610,0
28611,1
28612,0
28613,1
28614,0
28615,1
28616,1
28617,1
28618,1
28619,0
28620,1
28621,0
28622,1
28623,1
28624,1
28625,0
28626,1
28627,1
28628,1
28629,1
28630,1
28631,1
28632,1
28633,1
28634,1
28635,1
28636,1
28637,1
28638,1
28639,1
28640,1
28641,1
28642,1
28643,1
28644,1
28645,1
28646,1
28647,1
28648,1
28649,1
28650,0
28651,0
28652,0
28653,1
28654,0
28655,0
28656,1
28657,0
28658,1
28659,1
28660,1
28661,0
28662,0
28663,1
28664,0
28665,0
28666,1
28667,1
28668,1
28669,0
28670,1
28671,0
28672,1
28673,0
28674,1
28675,1
28676,1
28677,1
28678,0
28679,1
28680,1
28681,0
28682,1
28683,1
28684,1
28685,1
28686,1
28687,1
28688,1
28689,0
28690,1
28691,1
28692,0
28693,1
28694,0
28695,0
28696,0
28697,0
28698,1
28699,1
28700,1
28701,0
28702,0
28703,1
28704,1
28705,1
28706,0
28707,1
28708,1
28709,1
28710,1
28711,0
28712,1
28713,1
28714,1
28715,0
28716,0
28717,0
28718,1
28719,1
28720,1
28721,1
28722,1
28723,0
28724,1
28725,0
28726,1
28727,0
28728,1
28729,0
28730,1
28731,1
28732,1
28733,1
28734,1
28735,0
28736,1
28737,0
28738,0
28739,1
28740,0
28741,0
28742,1
28743,0
28744,1
28745,1
28746,0
28747,1
28748,0
28749,1
28750,1
28751,1
28752,1
28753,1
28754,0
28755,1
28756,1
28757,1
28758,1
28759,0
28760,0
28761,0
28762,1
28763,0
28764,0
28765,0
28766,1
28767,1
28768,1
28769,1
28770,1
28771,0
28772,1
28773,0
28774,0
28775,1
28776,1
28777,1
28778,1
28779,1
28780,1
28781,1
28782,1
28783,0
28784,1
28785,1
28786,0
28787,1
28788,1
28789,0
28790,1
28791,0
28792,1
28793,1
28794,0
28795,1
28796,0
28797,1
28798,0
28799,1
28800,1
28801,0
28802,0
28803,1
28804,1
28805,1
28806,1
28807,1
28808,0
28809,0
28810,1
28811,0
28812,0
28813,1
28814,0
28815,1
28816,1
28817,1
28818,1
28819,1
28820,0
28821,0
28822,1
28823,1
28824,1
28825,1
28826,0
28827,0
28828,1
28829,1
28830,0
28831,1
28832,1
28833,1
28834,0
28835,0
28836,0
28837,0
28838,0
28839,1
28840,1
28841,1
28842,1
28843,1
28844,0
28845,0
28846,1
28847,1
28848,1
28849,0
28850,0
28851,1
28852,1
28853,0
28854,0
28855,1
28856,1
28857,1
28858,0
28859,1
28860,1
28861,1
28862,1
28863,1
28864,1
28865,1
28866,1
28867,1
28868,0
28869,0
28870,1
28871,1
28872,1
28873,1
28874,1
28875,1
28876,1
28877,1
28878,1
28879,0
28880,0
28881,1
28882,1
28883,1
28884,1
28885,1
28886,1
28887,0
28888,0
28889,0
28890,1
28891,0
28892,1
28893,1
28894,1
28895,0
28896,1
28897,0
28898,0
28899,0
28900,0
28901,1
28902,0
28903,1
28904,1
28905,1
28906,1
28907,1
28908,1
28909,1
28910,1
28911,1
28912,1
28913,1
28914,1
28915,1
28916,0
28917,0
28918,1
28919,1
28920,0
28921,0
28922,0
28923,1
28924,0
28925,1
28926,1
28927,1
28928,0
28929,1
28930,1
28931,0
28932,0
28933,1
28934,0
28935,0
28936,1
28937,1
28938,1
28939,1
28940,0
28941,0
28942,1
28943,1
28944,1
28945,1
28946,1
28947,0
28948,1
28949,1
28950,0
28951,0
28952,1
28953,1
28954,1
28955,1
28956,1
28957,0
28958,1
28959,1
28960,0
28961,1
28962,1
28963,0
28964,1
28965,1
28966,1
28967,0
28968,0
28969,1
28970,1
28971,1
28972,0
28973,1
28974,0
28975,0
28976,1
28977,0
28978,1
28979,1
28980,1
28981,1
28982,1
28983,0
28984,1
28985,0
28986,1
28987,0
28988,0
28989,0
28990,1
28991,0
28992,0
28993,1
28994,0
28995,1
28996,1
28997,0
28998,0
28999,1
29000,1
29001,0
29002,1
29003,0
29004,1
29005,0
29006,1
29007,1
29008,1
29009,0
29010,1
29011,1
29012,0
29013,0
29014,0
29015,0
29016,0
29017,1
29018,1
29019,1
29020,1
29021,1
29022,1
29023,1
29024,1
29025,1
29026,1
29027,1
29028,1
29029,1
29030,0
29031,0
29032,0
29033,0
29034,1
29035,0
29036,0
29037,1
29038,0
29039,1
29040,0
29041,1
29042,1
29043,1
29044,0
29045,0
29046,0
29047,1
29048,0
29049,1
29050,1
29051,1
29052,1
29053,0
29054,1
29055,0
29056,1
29057,0
29058,0
29059,1
29060,1
29061,1
29062,0
29063,0
29064,1
29065,1
29066,0
29067,1
29068,1
29069,1
29070,1
29071,0
29072,1
29073,1
29074,1
29075,1
29076,1
29077,0
29078,0
29079,1
29080,1
29081,1
29082,1
29083,1
29084,1
29085,1
29086,1
29087,0
29088,1
29089,1
29090,1
29091,0
29092,0
29093,1
29094,1
29095,0
29096,1
29097,1
29098,1
29099,1
29100,1
29101,1
29102,0
29103,1
29104,1
29105,0
29106,1
29107,0
29108,1
29109,0
29110,0
29111,0
29112,0
29113,0
29114,1
29115,1
29116,1
29117,0
29118,1
29119,1
29120,0
29121,1
29122,0
29123,0
29124,1
29125,1
29126,0
29127,1
29128,0
29129,1
29130,1
29131,1
29132,1
29133,0
29134,0
29135,1
29136,1
29137,0
29138,1
29139,0
29140,0
29141,0
29142,0
29143,0
29144,0
29145,1
29146,1
29147,1
29148,0
29149,0
29150,1
29151,0
29152,1
29153,1
29154,1
29155,0
29156,1
29157,1
29158,1
29159,1
29160,0
29161,1
29162,1
29163,1
29164,0
29165,1
29166,0
29167,0
29168,1
29169,0
29170,0
29171,1
29172,1
29173,0
29174,1
29175,0
29176,1
29177,1
29178,0
29179,1
29180,1
29181,1
29182,0
29183,0
29184,1
29185,1
29186,1
29187,1
29188,0
29189,0
29190,1
29191,1
29192,0
29193,1
29194,0
29195,1
29196,1
29197,1
29198,0
29199,0
29200,1
29201,1
29202,1
29203,0
29204,0
29205,0
29206,1
29207,1
29208,0
29209,0
29210,1
29211,0
29212,1
29213,0
29214,1
29215,1
29216,0
29217,1
29218,1
29219,1
29220,1
29221,1
29222,1
29223,1
29224,1
29225,0
29226,0
29227,0
29228,0
29229,1
29230,1
29231,0
29232,1
29233,1
29234,1
29235,0
29236,1
29237,0
29238,0
29239,0
29240,0
29241,1
29242,1
29243,1
29244,1
29245,1
29246,0
29247,1
29248,0
29249,0
29250,1
29251,0
29252,1
29253,0
29254,0
29255,1
29256,1
29257,1
29258,1
29259,1
29260,1
29261,1
29262,1
29263,0
29264,1
29265,0
29266,0
29267,1
29268,1
29269,0
29270,1
29271,1
29272,0
29273,0
29274,0
29275,0
29276,1
29277,0
29278,0
29279,1
29280,1
29281,0
29282,1
29283,1
29284,0
29285,1
29286,1
29287,1
29288,1
29289,0
29290,1
29291,1
29292,1
29293,0
29294,1
29295,1
29296,1
29297,0
29298,1
29299,1
29300,1
29301,1
29302,1
29303,1
29304,1
29305,0
29306,1
29307,1
29308,1
29309,1
29310,1
29311,1
29312,1
29313,0
29314,0
29315,1
29316,1
29317,1
29318,1
29319,1
29320,1
29321,0
29322,1
29323,1
29324,1
29325,1
29326,1
29327,1
29328,1
29329,1
29330,0
29331,1
29332,1
29333,1
29334,1
29335,1
29336,0
29337,1
29338,1
29339,1
29340,1
29341,0
29342,1
29343,1
29344,0
29345,1
29346,1
29347,1
29348,0
29349,0
29350,0
29351,1
29352,0
29353,1
29354,1
29355,1
29356,1
29357,0
29358,0
29359,0
29360,1
29361,0
29362,1
29363,1
29364,1
29365,0
29366,1
29367,1
29368,0
29369,1
29370,1
29371,0
29372,0
29373,1
29374,1
29375,0
29376,0
29377,1
29378,1
29379,1
29380,1
29381,0
29382,1
29383,1
29384,1
29385,1
29386,1
29387,1
29388,1
29389,0
29390,1
29391,1
29392,0
29393,1
29394,0
29395,1
29396,1
29397,0
29398,1
29399,0
29400,1
29401,0
29402,0
29403,0
29404,1
29405,0
29406,1
29407,0
29408,1
29409,1
29410,1
29411,1
29412,1
29413,0
29414,0
29415,1
29416,1
29417,1
29418,0
29419,1
29420,1
29421,1
29422,1
29423,0
29424,1
29425,0
29426,1
29427,1
29428,0
29429,1
29430,1
29431,0
29432,0
29433,0
29434,1
29435,0
29436,0
29437,0
29438,0
29439,1
29440,1
29441,1
29442,1
29443,1
29444,0
29445,0
29446,1
29447,1
29448,1
29449,1
29450,1
29451,0
29452,1
29453,1
29454,1
29455,1
29456,1
29457,1
29458,1
29459,1
29460,1
29461,1
29462,1
29463,1
29464,1
29465,0
29466,1
29467,1
29468,1
29469,0
29470,1
29471,0
29472,0
29473,1
29474,1
29475,1
29476,0
29477,1
29478,1
29479,1
29480,1
29481,1
29482,1
29483,0
29484,1
29485,0
29486,0
29487,1
29488,1
29489,0
29490,1
29491,0
29492,1
29493,1
29494,0
29495,1
29496,1
29497,1
29498,1
29499,1
29500,1
29501,0
29502,1
29503,1
29504,0
29505,1
29506,1
29507,1
29508,0
29509,1
29510,1
29511,0
29512,0
29513,0
29514,0
29515,1
29516,1
29517,1
29518,1
29519,1
29520,1
29521,0
29522,1
29523,1
29524,1
29525,1
29526,1
29527,1
29528,1
29529,0
29530,1
29531,1
29532,1
29533,1
29534,1
29535,0
29536,1
29537,0
29538,0
29539,1
29540,1
29541,1
29542,0
29543,0
29544,1
29545,0
29546,0
29547,1
29548,1
29549,1
29550,1
29551,1
29552,1
29553,1
29554,1
29555,0
29556,0
29557,1
29558,1
29559,1
29560,1
29561,1
29562,0
29563,1
29564,1
29565,0
29566,1
29567,1
29568,1
29569,1
29570,1
29571,1
29572,0
29573,0
29574,1
29575,1
29576,1
29577,0
29578,1
29579,1
29580,1
29581,0
29582,1
29583,1
29584,1
29585,1
29586,1
29587,0
29588,1
29589,0
29590,1
29591,1
29592,1
29593,1
29594,1
29595,1
29596,0
29597,1
29598,1
29599,1
29600,0
29601,1
29602,0
29603,1
29604,0
29605,1
29606,1
29607,1
29608,0
29609,1
29610,1
29611,0
29612,0
29613,0
29614,0
29615,0
29616,1
29617,1
29618,1
29619,1
29620,1
29621,0
29622,0
29623,1
29624,1
29625,0
29626,1
29627,1
29628,1
29629,1
29630,0
29631,1
29632,0
29633,1
29634,1
29635,1
29636,1
29637,0
29638,0
29639,1
29640,1
29641,1
29642,1
29643,1
29644,1
29645,1
29646,0
29647,0
29648,0
29649,1
29650,1
29651,0
29652,1
29653,1
29654,1
29655,1
29656,1
29657,1
29658,1
29659,1
29660,1
29661,1
29662,1
29663,1
29664,0
29665,0
29666,1
29667,0
29668,1
29669,1
29670,1
29671,0
29672,1
29673,0
29674,0
29675,0
29676,1
29677,0
29678,1
29679,0
29680,1
29681,1
29682,1
29683,1
29684,1
29685,1
29686,0
29687,0
29688,0
29689,0
29690,0
29691,0
29692,1
29693,1
29694,1
29695,1
29696,0
29697,0
29698,1
29699,1
29700,0
29701,1
29702,1
29703,1
29704,1
29705,1
29706,1
29707,0
29708,1
29709,1
29710,0
29711,1
29712,1
29713,0
29714,1
29715,1
29716,1
29717,1
29718,0
29719,1
29720,1
29721,1
29722,0
29723,1
29724,1
29725,1
29726,0
29727,1
29728,0
29729,1
29730,0
29731,0
29732,1
29733,1
29734,0
29735,0
29736,1
29737,1
29738,1
29739,0
29740,1
29741,0
29742,1
29743,1
29744,1
29745,1
29746,1
29747,1
29748,1
29749,1
29750,1
29751,0
29752,0
29753,1
29754,1
29755,0
29756,1
29757,1
29758,0
29759,1
29760,0
29761,1
29762,1
29763,1
29764,0
29765,1
29766,1
29767,0
29768,0
29769,1
29770,1
29771,0
29772,1
29773,1
29774,1
29775,0
29776,0
29777,0
29778,0
29779,1
29780,1
29781,1
29782,0
29783,1
29784,0
29785,0
29786,1
29787,1
29788,1
29789,1
29790,0
29791,1
29792,0
29793,1
29794,1
29795,0
29796,1
29797,1
29798,0
29799,1
29800,1
29801,1
29802,0
29803,1
29804,0
29805,1
29806,1
29807,1
29808,1
29809,1
29810,0
29811,0
29812,1
29813,1
29814,1
29815,0
29816,1
29817,1
29818,1
29819,0
29820,0
29821,0
29822,0
29823,1
29824,1
29825,1
29826,1
29827,1
29828,0
29829,1
29830,0
29831,1
29832,1
29833,0
29834,0
29835,1
29836,1
29837,1
29838,1
29839,0
29840,0
29841,0
29842,1
29843,0
29844,1
29845,1
29846,1
29847,1
29848,1
29849,1
29850,1
29851,1
29852,1
29853,1
29854,1
29855,1
29856,0
29857,1
29858,1
29859,1
29860,1
29861,1
29862,1
29863,0
29864,1
29865,1
29866,0
29867,1
29868,1
29869,1
29870,1
29871,1
29872,0
29873,1
29874,0
29875,1
29876,1
29877,1
29878,1
29879,1
29880,0
29881,0
29882,1
29883,1
29884,0
29885,1
29886,0
29887,1
29888,0
29889,1
29890,1
29891,1
29892,1
29893,1
29894,1
29895,0
29896,1
29897,1
29898,0
29899,1
29900,1
29901,1
29902,0
29903,1
29904,1
29905,1
29906,0
29907,1
29908,0
29909,1
29910,1
29911,1
29912,1
29913,1
29914,0
29915,1
29916,0
29917,0
29918,1
29919,1
29920,1
29921,1
29922,1
29923,1
29924,1
29925,1
29926,1
29927,0
29928,0
29929,0
29930,1
29931,0
29932,1
29933,1
29934,1
29935,1
29936,1
29937,1
29938,1
29939,1
29940,1
29941,0
29942,0
29943,0
29944,1
29945,1
29946,1
29947,1
29948,1
29949,1
29950,1
29951,1
29952,1
29953,0
29954,0
29955,1
29956,0
29957,1
29958,1
29959,1
29960,1
29961,1
29962,0
29963,1
29964,1
29965,1
29966,1
29967,1
29968,0
29969,0
29970,1
29971,0
29972,0
29973,0
29974,1
29975,1
29976,0
29977,0
29978,1
29979,0
29980,0
29981,0
29982,1
29983,0
29984,0
29985,0
29986,1
29987,1
29988,1
29989,1
29990,1
29991,0
29992,0
29993,0
29994,0
29995,0
29996,1
29997,1
29998,1
29999,1
30000,1
30001,1
30002,0
30003,0
30004,1
30005,1
30006,0
30007,1
30008,0
30009,1
30010,1
30011,1
30012,1
30013,1
30014,0
30015,0
30016,0
30017,0
30018,0
30019,1
30020,0
30021,0
30022,1
30023,1
30024,1
30025,1
30026,1
30027,1
30028,0
30029,1
30030,1
30031,0
30032,0
30033,1
30034,0
30035,0
30036,0
30037,1
30038,1
30039,1
30040,1
30041,1
30042,1
30043,0
30044,1
30045,1
30046,0
30047,1
30048,1
30049,1
30050,0
30051,1
30052,1
30053,1
30054,1
30055,1
30056,1
30057,0
30058,1
30059,1
30060,0
30061,1
30062,1
30063,1
30064,1
30065,0
30066,0
30067,0
30068,1
30069,1
30070,1
30071,1
30072,1
30073,1
30074,0
30075,1
30076,1
30077,1
30078,1
30079,1
30080,1
30081,0
30082,0
30083,1
30084,0
30085,1
30086,0
30087,1
30088,1
30089,1
30090,0
30091,1
30092,0
30093,0
30094,0
30095,0
30096,1
30097,1
30098,0
30099,1
30100,0
30101,1
30102,0
30103,1
30104,0
30105,1
30106,1
30107,0
30108,0
30109,1
30110,1
30111,1
30112,0
30113,0
30114,1
30115,1
30116,1
30117,1
30118,1
30119,1
30120,1
30121,1
30122,0
30123,0
30124,1
30125,1
30126,0
30127,1
30128,1
30129,1
30130,1
30131,1
30132,1
30133,1
30134,0
30135,0
30136,0
30137,0
30138,1
30139,0
30140,0
30141,1
30142,0
30143,1
30144,1
30145,1
30146,1
30147,1
30148,0
30149,0
30150,0
30151,1
30152,0
30153,0
30154,1
30155,1
30156,1
30157,1
30158,0
30159,0
30160,1
30161,1
30162,0
30163,1
30164,0
30165,1
30166,1
30167,1
30168,1
30169,1
30170,0
30171,1
30172,1
30173,1
30174,1
30175,1
30176,1
30177,1
30178,1
30179,0
30180,0
30181,0
30182,1
30183,1
30184,1
30185,1
30186,0
30187,1
30188,0
30189,0
30190,1
30191,1
30192,0
30193,1
30194,1
30195,1
30196,0
30197,0
30198,1
30199,0
30200,1
30201,1
30202,0
30203,0
30204,1
30205,1
30206,1
30207,1
30208,0
30209,0
30210,0
30211,0
30212,1
30213,1
30214,1
30215,1
30216,1
30217,1
30218,0
30219,1
30220,1
30221,1
30222,1
30223,0
30224,1
30225,1
30226,1
30227,1
30228,0
30229,1
30230,0
30231,1
30232,1
30233,0
30234,1
30235,1
30236,0
30237,0
30238,1
30239,1
30240,0
30241,1
30242,1
30243,1
30244,1
30245,0
30246,1
30247,0
30248,0
30249,1
30250,1
30251,1
30252,1
30253,1
30254,1
30255,1
30256,0
30257,1
30258,1
30259,1
30260,1
30261,1
30262,0
30263,0
30264,1
30265,0
30266,1
30267,1
30268,0
30269,1
30270,1
30271,1
30272,1
30273,1
30274,0
30275,0
30276,0
30277,1
30278,1
30279,1
30280,1
30281,0
30282,1
30283,0
30284,0
30285,0
30286,1
30287,1
30288,1
30289,1
30290,1
30291,1
30292,0
30293,1
30294,1
30295,1
30296,0
30297,1
30298,1
30299,0
30300,1
30301,1
30302,1
30303,0
30304,1
30305,0
30306,0
30307,0
30308,1
30309,1
30310,0
30311,0
30312,1
30313,0
30314,1
30315,1
30316,1
30317,1
30318,0
30319,1
30320,1
30321,1
30322,1
30323,1
30324,1
30325,0
30326,0
30327,0
30328,0
30329,0
30330,0
30331,0
30332,0
30333,1
30334,1
30335,0
30336,1
30337,0
30338,1
30339,1
30340,0
30341,0
30342,0
30343,0
30344,1
30345,1
30346,1
30347,1
30348,0
30349,1
30350,1
30351,1
30352,1
30353,1
30354,1
30355,1
30356,1
30357,1
30358,1
30359,1
30360,1
30361,1
30362,0
30363,0
30364,0
30365,0
30366,0
30367,1
30368,1
30369,1
30370,1
30371,1
30372,0
30373,1
30374,1
30375,0
30376,1
30377,0
30378,0
30379,1
30380,1
30381,1
30382,0
30383,0
30384,1
30385,0
30386,1
30387,1
30388,1
30389,1
30390,1
30391,0
30392,0
30393,0
30394,1
30395,1
30396,1
30397,0
30398,1
30399,1
30400,0
30401,1
30402,1
30403,1
30404,0
30405,1
30406,1
30407,1
30408,1
30409,1
30410,1
30411,0
30412,1
30413,1
30414,1
30415,0
30416,0
30417,1
30418,1
30419,0
30420,1
30421,0
30422,0
30423,1
30424,1
30425,1
30426,1
30427,1
30428,0
30429,0
30430,1
30431,1
30432,0
30433,1
30434,0
30435,0
30436,0
30437,1
30438,1
30439,1
30440,0
30441,1
30442,0
30443,1
30444,1
30445,1
30446,1
30447,0
30448,0
30449,1
30450,1
30451,0
30452,0
30453,0
30454,1
30455,1
30456,1
30457,1
30458,1
30459,1
30460,1
30461,1
30462,1
30463,1
30464,1
30465,1
30466,0
30467,0
30468,1
30469,0
30470,1
30471,1
30472,0
30473,1
30474,1
30475,0
30476,1
30477,0
30478,1
30479,1
30480,0
30481,0
30482,0
30483,1
30484,1
30485,0
30486,1
30487,1
30488,1
30489,0
30490,1
30491,1
30492,1
30493,1
30494,1
30495,1
30496,0
30497,1
30498,1
30499,1
30500,1
30501,1
30502,1
30503,0
30504,1
30505,1
30506,1
30507,1
30508,1
30509,0
30510,1
30511,1
30512,1
30513,0
30514,1
30515,0
30516,0
30517,0
30518,1
30519,1
30520,1
30521,1
30522,1
30523,0
30524,1
30525,0
30526,1
30527,0
30528,1
30529,1
30530,1
30531,1
30532,1
30533,0
30534,0
30535,0
30536,1
30537,1
30538,0
30539,0
30540,1
30541,0
30542,0
30543,1
30544,1
30545,1
30546,0
30547,1
30548,0
30549,0
30550,1
30551,0
30552,0
30553,1
30554,1
30555,0
30556,0
30557,1
30558,1
30559,1
30560,1
30561,1
30562,0
30563,0
30564,0
30565,0
30566,0
30567,1
30568,0
30569,0
30570,1
30571,0
30572,1
30573,0
30574,0
30575,1
30576,1
30577,1
30578,0
30579,0
30580,0
30581,1
30582,0
30583,1
30584,1
30585,0
30586,1
30587,1
30588,1
30589,1
30590,1
30591,1
30592,1
30593,0
30594,0
30595,1
30596,0
30597,0
30598,1
30599,1
30600,1
30601,0
30602,1
30603,0
30604,0
30605,1
30606,1
30607,0
30608,1
30609,0
30610,1
30611,0
30612,0
30613,0
30614,0
30615,0
30616,1
30617,1
30618,1
30619,1
30620,1
30621,1
30622,1
30623,0
30624,0
30625,1
30626,1
30627,1
30628,0
30629,0
30630,1
30631,1
30632,1
30633,1
30634,1
30635,1
30636,1
30637,0
30638,1
30639,1
30640,1
30641,0
30642,0
30643,0
30644,0
30645,1
30646,1
30647,0
30648,1
30649,1
30650,1
30651,0
30652,1
30653,0
30654,0
30655,0
30656,0
30657,1
30658,1
30659,0
30660,1
30661,1
30662,0
30663,1
30664,1
30665,1
30666,1
30667,1
30668,1
30669,1
30670,1
30671,1
30672,1
30673,0
30674,1
30675,1
30676,0
30677,0
30678,1
30679,1
30680,0
30681,0
30682,0
30683,0
30684,0
30685,1
30686,1
30687,0
30688,0
30689,0
30690,1
30691,1
30692,0
30693,1
30694,0
30695,0
30696,1
30697,1
30698,1
30699,0
30700,1
30701,1
30702,1
30703,1
30704,1
30705,1
30706,1
30707,1
30708,0
30709,0
30710,1
30711,1
30712,1
30713,1
30714,1
30715,1
30716,1
30717,1
30718,0
30719,0
30720,1
30721,0
30722,1
30723,1
30724,1
30725,1
30726,0
30727,1
30728,0
30729,0
30730,1
30731,0
30732,1
30733,1
30734,1
30735,0
30736,1
30737,0
30738,1
30739,0
30740,0
30741,0
30742,0
30743,1
30744,0
30745,0
30746,0
30747,1
30748,0
30749,1
30750,1
30751,0
30752,1
30753,0
30754,0
30755,0
30756,1
30757,1
30758,0
30759,1
30760,1
30761,1
30762,1
30763,0
30764,0
30765,1
30766,1
30767,1
30768,1
30769,0
30770,1
30771,0
30772,0
30773,0
30774,0
30775,1
30776,1
30777,0
30778,1
30779,1
30780,0
30781,1
30782,1
30783,1
30784,1
30785,1
30786,1
30787,1
30788,1
30789,0
30790,1
30791,1
30792,1
30793,1
30794,1
30795,0
30796,1
30797,1
30798,0
30799,0
30800,0
30801,0
30802,0
30803,1
30804,0
30805,0
30806,1
30807,1
30808,0
30809,1
30810,0
30811,1
30812,0
30813,0
30814,1
30815,1
30816,0
30817,0
30818,1
30819,1
30820,0
30821,0
30822,0
30823,1
30824,1
30825,1
30826,1
30827,1
30828,1
30829,1
30830,1
30831,0
30832,1
30833,0
30834,1
30835,0
30836,1
30837,0
30838,0
30839,1
30840,0
30841,1
30842,1
30843,0
30844,0
30845,1
30846,1
30847,0
30848,1
30849,0
30850,1
30851,0
30852,1
30853,0
30854,1
30855,1
30856,0
30857,1
30858,1
30859,0
30860,1
30861,0
30862,0
30863,0
30864,1
30865,1
30866,1
30867,1
30868,0
30869,0
30870,0
30871,0
30872,1
30873,1
30874,1
30875,1
30876,1
30877,0
30878,1
30879,0
30880,1
30881,1
30882,1
30883,1
30884,1
30885,1
30886,1
30887,0
30888,0
30889,1
30890,1
30891,1
30892,0
30893,1
30894,1
30895,0
30896,1
30897,1
30898,0
30899,0
30900,1
30901,1
30902,1
30903,1
30904,1
30905,0
30906,0
30907,1
30908,1
30909,0
30910,1
30911,0
30912,0
30913,0
30914,1
30915,1
30916,0
30917,1
30918,1
30919,1
30920,0
30921,1
30922,0
30923,0
30924,0
30925,1
30926,0
30927,1
30928,1
30929,1
30930,1
30931,1
30932,1
30933,0
30934,1
30935,1
30936,0
30937,0
30938,0
30939,1
30940,0
30941,1
30942,0
30943,0
30944,1
30945,1
30946,1
30947,0
30948,1
30949,0
30950,0
30951,1
30952,1
30953,1
30954,0
30955,0
30956,1
30957,1
30958,1
30959,1
30960,1
30961,1
30962,0
30963,1
30964,1
30965,1
30966,1
30967,0
30968,1
30969,1
30970,1
30971,1
30972,0
30973,1
30974,1
30975,1
30976,0
30977,1
30978,1
30979,1
30980,0
30981,1
30982,0
30983,0
30984,1
30985,0
30986,1
30987,1
30988,0
30989,0
30990,1
30991,1
30992,1
30993,0
30994,0
30995,1
30996,1
30997,1
30998,0
30999,1
31000,0
31001,1
31002,1
31003,1
31004,0
31005,1
31006,1
31007,0
31008,1
31009,1
31010,0
31011,0
31012,1
31013,1
31014,1
31015,0
31016,0
31017,1
31018,0
31019,1
31020,0
31021,1
31022,0
31023,1
31024,1
31025,1
31026,1
31027,1
31028,1
31029,0
31030,1
31031,0
31032,1
31033,1
31034,1
31035,1
31036,1
31037,0
31038,0
31039,1
31040,1
31041,1
31042,1
31043,1
31044,0
31045,1
31046,1
31047,1
31048,1
31049,0
31050,1
31051,1
31052,1
31053,0
31054,0
31055,1
31056,1
31057,1
31058,0
31059,0
31060,1
31061,1
31062,1
31063,1
31064,0
31065,1
31066,1
31067,0
31068,0
31069,0
31070,0
31071,1
31072,1
31073,0
31074,1
31075,1
31076,1
31077,1
31078,0
31079,1
31080,1
31081,1
31082,1
31083,1
31084,1
31085,1
31086,0
31087,0
31088,0
31089,0
31090,1
31091,0
31092,1
31093,1
31094,1
31095,1
31096,1
31097,1
31098,1
31099,1
31100,0
31101,1
31102,1
31103,1
31104,1
31105,1
31106,1
31107,0
31108,1
31109,1
31110,1
31111,1
31112,1
31113,1
31114,1
31115,1
31116,0
31117,1
31118,1
31119,0
31120,0
31121,1
31122,0
31123,0
31124,1
31125,0
31126,1
31127,0
31128,1
31129,0
31130,1
31131,1
31132,1
31133,1
31134,1
31135,1
31136,1
31137,1
31138,0
31139,0
31140,1
31141,0
31142,0
31143,0
31144,1
31145,1
31146,1
31147,1
31148,1
31149,0
31150,0
31151,1
31152,1
31153,1
31154,0
31155,1
31156,0
31157,1
31158,0
31159,0
31160,1
31161,1
31162,0
31163,1
31164,1
31165,1
31166,1
31167,1
31168,0
31169,1
31170,1
31171,0
31172,0
31173,1
31174,0
31175,1
31176,0
31177,0
31178,1
31179,1
31180,1
31181,0
31182,1
31183,1
31184,1
31185,0
31186,0
31187,0
31188,1
31189,0
31190,0
31191,1
31192,1
31193,1
31194,1
31195,0
31196,1
31197,1
31198,1
31199,1
31200,1
31201,1
31202,0
31203,0
31204,0
31205,1
31206,1
31207,1
31208,0
31209,0
31210,1
31211,1
31212,0
31213,1
31214,0
31215,1
31216,1
31217,0
31218,0
31219,0
31220,1
31221,1
31222,1
31223,1
31224,0
31225,1
31226,1
31227,0
31228,1
31229,0
31230,0
31231,0
31232,1
31233,0
31234,1
31235,1
31236,1
31237,1
31238,1
31239,1
31240,1
31241,1
31242,1
31243,1
31244,0
31245,0
31246,1
31247,1
31248,1
31249,1
31250,1
31251,0
31252,0
31253,1
31254,1
31255,1
31256,1
31257,0
31258,1
31259,1
31260,1
31261,1
31262,1
31263,1
31264,1
31265,0
31266,1
31267,0
31268,1
31269,1
31270,1
31271,1
31272,0
31273,1
31274,0
31275,0
31276,0
31277,1
31278,0
31279,0
31280,1
31281,1
31282,1
31283,1
31284,1
31285,1
31286,1
31287,0
31288,1
31289,1
31290,1
31291,0
31292,1
31293,1
31294,0
31295,0
31296,0
31297,0
31298,1
31299,1
31300,0
31301,0
31302,1
31303,0
31304,0
31305,1
31306,1
31307,0
31308,1
31309,1
31310,0
31311,1
31312,1
31313,1
31314,1
31315,0
31316,0
31317,1
31318,0
31319,0
31320,1
31321,1
31322,0
31323,1
31324,1
31325,0
31326,1
31327,1
31328,0
31329,0
31330,1
31331,1
31332,1
31333,1
31334,0
31335,1
31336,1
31337,0
31338,1
31339,1
31340,1
31341,1
31342,1
31343,0
31344,0
31345,1
31346,1
31347,0
31348,0
31349,1
31350,1
31351,1
31352,0
31353,1
31354,0
31355,0
31356,0
31357,0
31358,1
31359,0
31360,1
31361,0
31362,1
31363,1
31364,1
31365,0
31366,0
31367,0
31368,0
31369,1
31370,1
31371,0
31372,1
31373,1
31374,0
31375,1
31376,1
31377,0
31378,1
31379,1
31380,0
31381,1
31382,1
31383,0
31384,1
31385,1
31386,1
31387,0
31388,1
31389,1
31390,0
31391,0
31392,1
31393,0
31394,0
31395,1
31396,0
31397,0
31398,1
31399,1
31400,1
31401,0
31402,1
31403,0
31404,0
31405,1
31406,1
31407,0
31408,1
31409,1
31410,1
31411,1
31412,1
31413,0
31414,0
31415,1
31416,0
31417,1
31418,0
31419,0
31420,1
31421,1
31422,1
31423,1
31424,0
31425,1
31426,0
31427,0
31428,1
31429,0
31430,0
31431,0
31432,0
31433,1
31434,1
31435,1
31436,1
31437,1
31438,0
31439,0
31440,1
31441,0
31442,1
31443,0
31444,1
31445,1
31446,1
31447,1
31448,0
31449,0
31450,1
31451,1
31452,0
31453,1
31454,1
31455,1
31456,0
31457,1
31458,0
31459,1
31460,0
31461,1
31462,1
31463,0
31464,1
31465,0
31466,0
31467,0
31468,1
31469,0
31470,0
31471,1
31472,1
31473,1
31474,1
31475,1
31476,1
31477,0
31478,0
31479,0
31480,0
31481,1
31482,1
31483,1
31484,1
31485,0
31486,1
31487,0
31488,0
31489,0
31490,0
31491,0
31492,0
31493,0
31494,1
31495,1
31496,1
31497,1
31498,0
31499,1
31500,1
31501,0
31502,1
31503,1
31504,1
31505,1
31506,1
31507,1
31508,1
31509,0
31510,1
31511,0
31512,1
31513,0
31514,1
31515,0
31516,0
31517,0
31518,1
31519,1
31520,1
31521,0
31522,1
31523,0
31524,1
31525,1
31526,1
31527,0
31528,1
31529,1
31530,1
31531,1
31532,0
31533,1
31534,1
31535,1
31536,0
31537,1
31538,1
31539,0
31540,0
31541,0
31542,1
31543,1
31544,0
31545,1
31546,0
31547,0
31548,1
31549,1
31550,1
31551,1
31552,0
31553,1
31554,0
31555,1
31556,1
31557,0
31558,1
31559,1
31560,1
31561,1
31562,1
31563,0
31564,1
31565,1
31566,0
31567,1
31568,0
31569,1
31570,1
31571,1
31572,1
31573,1
31574,0
31575,0
31576,1
31577,0
31578,1
31579,1
31580,1
31581,1
31582,0
31583,1
31584,0
31585,1
31586,1
31587,0
31588,0
31589,1
31590,1
31591,1
31592,0
31593,0
31594,0
31595,0
31596,1
31597,1
31598,1
31599,1
31600,1
31601,1
31602,0
31603,1
31604,1
31605,1
31606,1
31607,0
31608,1
31609,1
31610,1
31611,0
31612,0
31613,1
31614,1
31615,0
31616,0
31617,1
31618,1
31619,1
31620,0
31621,1
31622,1
31623,0
31624,1
31625,1
31626,1
31627,1
31628,1
31629,1
31630,1
31631,1
31632,0
31633,1
31634,1
31635,1
31636,1
31637,0
31638,1
31639,1
31640,1
31641,0
31642,0
31643,1
31644,1
31645,1
31646,1
31647,1
31648,1
31649,0
31650,1
31651,0
31652,0
31653,1
31654,0
31655,0
31656,1
31657,1
31658,1
31659,1
31660,1
31661,0
31662,1
31663,1
31664,0
31665,0
31666,0
31667,1
31668,0
31669,1
31670,1
31671,1
31672,0
31673,1
31674,1
31675,1
31676,0
31677,0
31678,0
31679,1
31680,1
31681,1
31682,1
31683,1
31684,1
31685,1
31686,1
31687,1
31688,0
31689,0
31690,1
31691,0
31692,1
31693,1
31694,1
31695,1
31696,0
31697,0
31698,0
31699,1
31700,1
31701,1
31702,1
31703,1
31704,0
31705,1
31706,0
31707,1
31708,1
31709,1
31710,1
31711,1
31712,1
31713,1
31714,1
31715,1
31716,0
31717,1
31718,1
31719,1
31720,1
31721,1
31722,0
31723,1
31724,1
31725,1
31726,1
31727,0
31728,0
31729,1
31730,0
31731,1
31732,0
31733,1
31734,0
31735,0
31736,0
31737,1
31738,1
31739,0
31740,1
31741,0
31742,0
31743,1
31744,1
31745,1
31746,0
31747,0
31748,0
31749,1
31750,1
31751,1
31752,0
31753,1
31754,1
31755,0
31756,1
31757,1
31758,1
31759,1
31760,1
31761,1
31762,0
31763,1
31764,0
31765,1
31766,0
31767,1
31768,0
31769,1
31770,1
31771,0
31772,1
31773,0
31774,1
31775,0
31776,1
31777,1
31778,1
31779,1
31780,1
31781,1
31782,1
31783,1
31784,0
31785,0
31786,0
31787,1
31788,0
31789,1
31790,1
31791,0
31792,0
31793,1
31794,0
31795,1
31796,1
31797,1
31798,0
31799,0
31800,1
31801,0
31802,1
31803,1
31804,1
31805,1
31806,1
31807,1
31808,0
31809,0
31810,0
31811,0
31812,1
31813,0
31814,1
31815,1
31816,0
31817,1
31818,0
31819,1
31820,1
31821,0
31822,0
31823,0
31824,1
31825,0
31826,1
31827,1
31828,1
31829,1
31830,1
31831,0
31832,1
31833,1
31834,0
31835,1
31836,0
31837,0
31838,1
31839,0
31840,0
31841,1
31842,1
31843,1
31844,1
31845,0
31846,0
31847,1
31848,0
31849,1
31850,1
31851,0
31852,1
31853,1
31854,0
31855,1
31856,1
31857,1
31858,1
31859,1
31860,1
31861,1
31862,0
31863,0
31864,0
31865,1
31866,0
31867,0
31868,1
31869,0
31870,0
31871,0
31872,0
31873,1
31874,1
31875,1
31876,1
31877,1
31878,1
31879,1
31880,0
31881,1
31882,1
31883,1
31884,1
31885,0
31886,1
31887,1
31888,0
31889,0
31890,1
31891,0
31892,1
31893,1
31894,1
31895,0
31896,1
31897,1
31898,0
31899,1
31900,1
31901,1
31902,0
31903,1
31904,1
31905,1
31906,0
31907,1
31908,1
31909,1
31910,1
31911,1
31912,0
31913,1
31914,0
31915,1
31916,1
31917,1
31918,0
31919,1
31920,1
31921,0
31922,1
31923,1
31924,1
31925,0
31926,1
31927,0
31928,0
31929,1
31930,0
31931,1
31932,1
31933,0
31934,0
31935,1
31936,0
31937,0
31938,0
31939,0
31940,1
31941,0
31942,0
31943,1
31944,1
31945,1
31946,1
31947,1
31948,0
31949,1
31950,1
31951,1
31952,1
31953,1
31954,0
31955,0
31956,0
31957,1
31958,1
31959,0
31960,1
31961,1
31962,0
31963,0
31964,1
31965,0
31966,0
31967,1
31968,1
31969,1
31970,1
31971,1
31972,1
31973,1
31974,0
31975,1
31976,0
31977,1
31978,0
31979,0
31980,1
31981,1
31982,0
31983,0
31984,0
31985,1
31986,1
31987,1
31988,1
31989,1
31990,0
31991,1
31992,0
31993,1
31994,0
31995,1
31996,1
31997,0
31998,1
31999,0
32000,0
32001,0
32002,1
32003,1
32004,1
32005,0
32006,1
32007,1
32008,0
32009,0
32010,1
32011,1
32012,1
32013,1
32014,1
32015,1
32016,1
32017,0
32018,1
32019,1
32020,1
32021,1
32022,0
32023,1
32024,1
32025,0
32026,0
32027,1
32028,1
32029,1
32030,1
32031,0
32032,0
32033,1
32034,1
32035,0
32036,1
32037,1
32038,1
32039,1
32040,1
32041,1
32042,0
32043,1
32044,0
32045,1
32046,1
32047,1
32048,1
32049,0
32050,1
32051,1
32052,1
32053,1
32054,1
32055,0
32056,1
32057,1
32058,1
32059,1
32060,0
32061,0
32062,0
32063,1
32064,0
32065,1
32066,1
32067,1
32068,1
32069,0
32070,0
32071,1
32072,1
32073,0
32074,0
32075,1
32076,0
32077,1
32078,0
32079,1
32080,1
32081,1
32082,1
32083,1
32084,1
32085,1
32086,1
32087,1
32088,1
32089,1
32090,0
32091,1
32092,0
32093,1
32094,1
32095,1
32096,0
32097,0
32098,1
32099,0
32100,1
32101,1
32102,1
32103,0
32104,0
32105,0
32106,1
32107,1
32108,0
32109,1
32110,0
32111,0
32112,1
32113,0
32114,0
32115,1
32116,0
32117,0
32118,0
32119,1
32120,1
32121,1
32122,1
32123,0
32124,1
32125,1
32126,1
32127,0
32128,0
32129,1
32130,1
32131,1
32132,1
32133,1
32134,1
32135,0
32136,1
32137,0
32138,0
32139,1
32140,0
32141,0
32142,0
32143,1
32144,1
32145,1
32146,1
32147,0
32148,1
32149,1
32150,0
32151,1
32152,1
32153,1
32154,1
32155,1
32156,0
32157,1
32158,1
32159,1
32160,0
32161,0
32162,1
32163,0
32164,1
32165,0
32166,1
32167,1
32168,0
32169,0
32170,0
32171,0
32172,1
32173,1
32174,1
32175,1
32176,1
32177,0
32178,1
32179,1
32180,1
32181,1
32182,1
32183,1
32184,1
32185,1
32186,1
32187,1
32188,0
32189,1
32190,0
32191,1
32192,1
32193,1
32194,1
32195,0
32196,1
32197,1
32198,1
32199,1
32200,1
32201,0
32202,0
32203,1
32204,1
32205,1
32206,0
32207,0
32208,1
32209,0
32210,1
32211,1
32212,1
32213,0
32214,1
32215,1
32216,1
32217,0
32218,0
32219,0
32220,1
32221,1
32222,1
32223,1
32224,1
32225,0
32226,1
32227,0
32228,0
32229,0
32230,1
32231,0
32232,1
32233,0
32234,0
32235,0
32236,1
32237,0
32238,1
32239,1
32240,1
32241,0
32242,1
32243,1
32244,1
32245,1
32246,0
32247,0
32248,1
32249,0
32250,1
32251,0
32252,1
32253,1
32254,1
32255,1
32256,1
32257,0
32258,1
32259,0
32260,0
32261,0
32262,0
32263,1
32264,0
32265,0
32266,0
32267,1
32268,0
32269,0
32270,0
32271,0
32272,1
32273,1
32274,1
32275,1
32276,1
32277,1
32278,1
32279,1
32280,1
32281,1
32282,1
32283,1
32284,1
32285,1
32286,1
32287,0
32288,0
32289,1
32290,0
32291,1
32292,1
32293,0
32294,1
32295,1
32296,0
32297,1
32298,1
32299,0
32300,0
32301,1
32302,0
32303,1
32304,0
32305,1
32306,1
32307,0
32308,0
32309,0
32310,1
32311,1
32312,1
32313,0
32314,1
32315,0
32316,0
32317,1
32318,1
32319,1
32320,0
32321,0
32322,0
32323,1
32324,1
32325,0
32326,1
32327,1
32328,1
32329,1
32330,0
32331,0
32332,1
32333,0
32334,1
32335,1
32336,1
32337,1
32338,1
32339,0
32340,0
32341,1
32342,1
32343,1
32344,1
32345,0
32346,1
32347,0
32348,1
32349,1
32350,1
32351,1
32352,0
32353,0
32354,1
32355,1
32356,0
32357,1
32358,0
32359,1
32360,1
32361,1
32362,1
32363,1
32364,0
32365,0
32366,0
32367,1
32368,0
32369,1
32370,0
32371,0
32372,1
32373,0
32374,0
32375,1
32376,1
32377,1
32378,0
32379,1
32380,0
32381,1
32382,0
32383,1
32384,0
32385,1
32386,0
32387,1
32388,0
32389,0
32390,1
32391,1
32392,1
32393,1
32394,0
32395,1
32396,1
32397,1
32398,0
32399,0
32400,1
32401,1
32402,1
32403,1
32404,0
32405,0
32406,1
32407,1
32408,1
32409,1
32410,1
32411,1
32412,1
32413,0
32414,1
32415,1
32416,1
32417,0
32418,0
32419,1
32420,1
32421,0
32422,1
32423,1
32424,1
32425,1
32426,0
32427,1
32428,1
32429,1
32430,1
32431,1
32432,0
32433,1
32434,1
32435,0
32436,1
32437,1
32438,0
32439,0
32440,0
32441,0
32442,0
32443,1
32444,1
32445,1
32446,0
32447,1
32448,0
32449,1
32450,1
32451,1
32452,0
32453,1
32454,0
32455,1
32456,1
32457,0
32458,1
32459,0
32460,1
32461,1
32462,1
32463,1
32464,1
32465,0
32466,1
32467,1
32468,1
32469,1
32470,0
32471,1
32472,1
32473,0
32474,0
32475,0
32476,1
32477,0
32478,1
32479,1
32480,0
32481,1
32482,0
32483,1
32484,1
32485,1
32486,0
32487,1
32488,1
32489,1
32490,1
32491,0
32492,1
32493,1
32494,1
32495,0
32496,1
32497,1
32498,0
32499,1
32500,1
32501,0
32502,0
32503,1
32504,0
32505,1
32506,0
32507,0
32508,1
32509,1
32510,0
32511,1
32512,1
32513,1
32514,1
32515,0
32516,1
32517,1
32518,1
32519,1
32520,1
32521,1
32522,0
32523,1
32524,0
32525,1
32526,0
32527,1
32528,1
32529,1
32530,0
32531,0
32532,1
32533,1
32534,1
32535,1
32536,0
32537,0
32538,1
32539,0
32540,1
32541,0
32542,0
32543,0
32544,1
32545,1
32546,1
32547,1
32548,0
32549,1
32550,0
32551,1
32552,1
32553,1
32554,1
32555,1
32556,0
32557,0
32558,1
32559,0
32560,1
32561,0
32562,0
32563,1
32564,0
32565,1
32566,0
32567,1
32568,1
32569,0
32570,1
32571,0
32572,0
32573,1
32574,1
32575,1
32576,0
32577,0
32578,1
32579,1
32580,1
32581,1
32582,1
32583,1
32584,0
32585,1
32586,1
32587,1
32588,1
32589,1
32590,1
32591,0
32592,1
32593,1
32594,0
32595,1
32596,1
32597,1
32598,1
32599,1
32600,0
32601,0
32602,1
32603,1
32604,0
32605,0
32606,1
32607,0
32608,1
32609,0
32610,0
32611,1
32612,0
32613,1
32614,1
32615,1
32616,1
32617,1
32618,1
32619,1
32620,1
32621,0
32622,1
32623,1
32624,0
32625,1
32626,0
32627,1
32628,0
32629,1
32630,1
32631,0
32632,0
32633,0
32634,1
32635,0
32636,1
32637,1
32638,1
32639,0
32640,0
32641,1
32642,1
32643,1
32644,0
32645,1
32646,1
32647,1
32648,1
32649,0
32650,0
32651,0
32652,1
32653,1
32654,1
32655,1
32656,1
32657,0
32658,0
32659,1
32660,1
32661,1
32662,1
32663,0
32664,0
32665,1
32666,1
32667,1
32668,0
32669,0
32670,1
32671,1
32672,1
32673,0
32674,1
32675,1
32676,0
32677,0
32678,0
32679,1
32680,1
32681,1
32682,0
32683,1
32684,0
32685,1
32686,1
32687,0
32688,1
32689,1
32690,1
32691,0
32692,1
32693,1
32694,1
32695,1
32696,1
32697,1
32698,1
32699,0
32700,0
32701,1
32702,1
32703,1
32704,1
32705,0
32706,0
32707,1
32708,1
32709,1
32710,1
32711,0
32712,1
32713,1
32714,1
32715,1
32716,0
32717,0
32718,1
32719,0
32720,1
32721,0
32722,0
32723,0
32724,1
32725,0
32726,0
32727,1
32728,0
32729,0
32730,1
32731,1
32732,1
32733,0
32734,1
32735,1
32736,1
32737,0
32738,0
32739,0
32740,0
32741,0
32742,1
32743,1
32744,1
32745,0
32746,1
32747,0
32748,1
32749,1
32750,1
32751,0
32752,0
32753,1
32754,0
32755,1
32756,0
32757,1
32758,0
32759,1
32760,0
32761,0
32762,0
32763,1
32764,1
32765,1
32766,1
32767,0
32768,0
32769,1
32770,0
32771,1
32772,1
32773,1
32774,1
32775,1
32776,1
32777,0
32778,0
32779,1
32780,1
32781,1
32782,0
32783,0
32784,1
32785,1
32786,1
32787,1
32788,0
32789,1
32790,1
32791,1
32792,0
32793,1
32794,1
32795,1
32796,1
32797,0
32798,1
32799,0
32800,1
32801,0
32802,1
32803,1
32804,1
32805,1
32806,1
32807,1
32808,1
32809,1
32810,1
32811,1
32812,1
32813,0
32814,1
32815,0
32816,0
32817,1
32818,1
32819,0
32820,1
32821,0
32822,1
32823,0
32824,1
32825,1
32826,1
32827,1
32828,0
32829,1
32830,1
32831,1
32832,0
32833,1
32834,0
32835,1
32836,1
32837,0
32838,1
32839,0
32840,1
32841,0
32842,1
32843,1
32844,0
32845,1
32846,0
32847,1
32848,0
32849,0
32850,0
32851,1
32852,1
32853,1
32854,1
32855,1
32856,1
32857,0
32858,1
32859,1
32860,0
32861,0
32862,1
32863,0
32864,1
32865,1
32866,1
32867,1
32868,0
32869,1
32870,1
32871,1
32872,1
32873,0
32874,1
32875,0
32876,0
32877,1
32878,1
32879,1
32880,1
32881,0
32882,0
32883,1
32884,1
32885,1
32886,0
32887,1
32888,1
32889,1
32890,1
32891,1
32892,1
32893,0
32894,0
32895,0
32896,1
32897,1
32898,0
32899,0
32900,1
32901,1
32902,0
32903,1
32904,1
32905,0
32906,1
32907,0
32908,0
32909,1
32910,0
32911,1
32912,0
32913,1
32914,1
32915,1
32916,0
32917,1
32918,1
32919,1
32920,1
32921,0
32922,0
32923,0
32924,0
32925,1
32926,0
32927,1
32928,1
32929,1
32930,0
32931,0
32932,1
32933,1
32934,1
32935,1
32936,0
32937,0
32938,0
32939,1
32940,1
32941,1
32942,1
32943,1
32944,1
32945,1
32946,0
32947,0
32948,0
32949,1
32950,1
32951,1
32952,0
32953,1
32954,1
32955,1
32956,1
32957,1
32958,1
32959,0
32960,1
32961,0
32962,0
32963,1
32964,0
32965,1
32966,1
32967,0
32968,1
32969,1
32970,1
32971,1
32972,1
32973,0
32974,1
32975,1
32976,1
32977,1
32978,0
32979,0
32980,0
32981,1
32982,1
32983,1
32984,0
32985,1
32986,0
32987,0
32988,1
32989,1
32990,1
32991,1
32992,1
32993,1
32994,1
32995,1
32996,1
32997,1
32998,1
32999,0
33000,1
33001,0
33002,1
33003,1
33004,0
33005,1
33006,0
33007,1
33008,0
33009,1
33010,1
33011,0
33012,1
33013,1
33014,0
33015,1
33016,1
33017,1
33018,1
33019,0
33020,1
33021,0
33022,1
33023,1
33024,1
33025,0
33026,1
33027,1
33028,0
33029,1
33030,1
33031,1
33032,1
33033,0
33034,1
33035,0
33036,1
33037,1
33038,1
33039,0
33040,0
33041,1
33042,0
33043,0
33044,1
33045,1
33046,1
33047,1
33048,1
33049,1
33050,1
33051,1
33052,0
33053,1
33054,1
33055,1
33056,1
33057,0
33058,1
33059,0
33060,1
33061,1
33062,0
33063,1
33064,1
33065,0
33066,0
33067,1
33068,1
33069,1
33070,1
33071,1
33072,0
33073,1
33074,0
33075,1
33076,1
33077,0
33078,1
33079,1
33080,1
33081,1
33082,1
33083,1
33084,0
33085,1
33086,1
33087,1
33088,0
33089,0
33090,0
33091,1
33092,1
33093,1
33094,1
33095,0
33096,1
33097,0
33098,0
33099,0
33100,0
33101,1
33102,0
33103,1
33104,1
33105,1
33106,1
33107,0
33108,1
33109,1
33110,1
33111,0
33112,1
33113,1
33114,0
33115,1
33116,0
33117,1
33118,0
33119,1
33120,1
33121,1
33122,0
33123,0
33124,0
33125,1
33126,1
33127,0
33128,0
33129,1
33130,1
33131,1
33132,0
33133,1
33134,0
33135,1
33136,1
33137,1
33138,0
33139,1
33140,0
33141,1
33142,0
33143,0
33144,1
33145,1
33146,0
33147,0
33148,0
33149,0
33150,1
33151,1
33152,1
33153,0
33154,0
33155,0
33156,1
33157,0
33158,0
33159,1
33160,1
33161,0
33162,1
33163,1
33164,1
33165,0
33166,1
33167,0
33168,0
33169,1
33170,1
33171,1
33172,1
33173,1
33174,1
33175,0
33176,1
33177,0
33178,1
33179,1
33180,0
33181,0
33182,0
33183,0
33184,0
33185,1
33186,0
33187,1
33188,1
33189,1
33190,1
33191,1
33192,1
33193,0
33194,0
33195,1
33196,0
33197,1
33198,1
33199,1
33200,0
33201,1
33202,0
33203,0
33204,1
33205,1
33206,0
33207,1
33208,0
33209,1
33210,0
33211,1
33212,1
33213,1
33214,0
33215,1
33216,1
33217,1
33218,1
33219,0
33220,0
33221,1
33222,1
33223,1
33224,0
33225,0
33226,1
33227,0
33228,0
33229,0
33230,0
33231,0
33232,1
33233,1
33234,0
33235,1
33236,1
33237,0
33238,0
33239,1
33240,0
33241,1
33242,0
33243,1
33244,0
33245,1
33246,1
33247,1
33248,1
33249,1
33250,1
33251,0
33252,1
33253,1
33254,1
33255,0
33256,1
33257,0
33258,0
33259,1
33260,1
33261,1
33262,0
33263,0
33264,1
33265,1
33266,1
33267,1
33268,1
33269,1
33270,0
33271,1
33272,0
33273,0
33274,1
33275,1
33276,1
33277,1
33278,1
33279,1
33280,0
33281,1
33282,1
33283,0
33284,1
33285,0
33286,0
33287,1
33288,1
33289,0
33290,1
33291,0
33292,0
33293,0
33294,1
33295,1
33296,0
33297,1
33298,1
33299,0
33300,1
33301,1
33302,1
33303,0
33304,1
33305,0
33306,1
33307,0
33308,1
33309,0
33310,0
33311,1
33312,1
33313,0
33314,0
33315,1
33316,1
33317,1
33318,0
33319,1
33320,0
33321,1
33322,1
33323,1
33324,1
33325,0
33326,0
33327,0
33328,1
33329,1
33330,1
33331,0
33332,1
33333,0
33334,1
33335,0
33336,1
33337,0
33338,1
33339,1
33340,1
33341,1
33342,1
33343,1
33344,0
33345,1
33346,1
33347,0
33348,1
33349,0
33350,0
33351,0
33352,1
33353,0
33354,1
33355,1
33356,1
33357,0
33358,0
33359,1
33360,1
33361,0
33362,1
33363,1
33364,1
33365,1
33366,0
33367,1
33368,1
33369,1
33370,1
33371,0
33372,0
33373,1
33374,1
33375,1
33376,1
33377,1
33378,1
33379,1
33380,1
33381,1
33382,0
33383,1
33384,0
33385,1
33386,0
33387,1
33388,1
33389,0
33390,1
33391,0
33392,1
33393,0
33394,1
33395,0
33396,1
33397,0
33398,1
33399,0
33400,0
33401,1
33402,1
33403,0
33404,0
33405,1
33406,1
33407,0
33408,1
33409,1
33410,0
33411,1
33412,0
33413,1
33414,1
33415,1
33416,0
33417,0
33418,0
33419,0
33420,1
33421,0
33422,1
33423,1
33424,1
33425,1
33426,1
33427,1
33428,1
33429,1
33430,0
33431,1
33432,0
33433,1
33434,0
33435,1
33436,1
33437,1
33438,0
33439,0
33440,0
33441,1
33442,1
33443,0
33444,0
33445,0
33446,1
33447,1
33448,1
33449,0
33450,0
33451,1
33452,0
33453,0
33454,0
33455,0
33456,0
33457,0
33458,0
33459,0
33460,0
33461,0
33462,1
33463,0
33464,1
33465,1
33466,1
33467,0
33468,0
33469,1
33470,0
33471,1
33472,0
33473,1
33474,0
33475,1
33476,0
33477,1
33478,0
33479,1
33480,1
33481,0
33482,0
33483,1
33484,1
33485,0
33486,1
33487,0
33488,1
33489,1
33490,1
33491,1
33492,1
33493,1
33494,1
33495,1
33496,0
33497,1
33498,0
33499,0
33500,0
33501,0
33502,1
33503,0
33504,1
33505,1
33506,1
33507,1
33508,1
33509,1
33510,1
33511,0
33512,1
33513,0
33514,1
33515,1
33516,1
33517,0
33518,1
33519,1
33520,0
33521,0
33522,1
33523,0
33524,0
33525,0
33526,1
33527,1
33528,0
33529,1
33530,1
33531,1
33532,1
33533,0
33534,0
33535,1
33536,1
33537,1
33538,0
33539,0
33540,1
33541,0
33542,1
33543,1
33544,0
33545,1
33546,0
33547,1
33548,1
33549,1
33550,0
33551,1
33552,1
33553,1
33554,1
33555,1
33556,1
33557,0
33558,1
33559,1
33560,1
33561,0
33562,0
33563,0
33564,1
33565,1
33566,1
33567,1
33568,0
33569,0
33570,0
33571,0
33572,0
33573,0
33574,1
33575,0
33576,0
33577,0
33578,0
33579,1
33580,0
33581,1
33582,0
33583,0
33584,1
33585,1
33586,1
33587,0
33588,0
33589,1
33590,0
33591,0
33592,0
33593,1
33594,1
33595,1
33596,0
33597,1
33598,1
33599,1
33600,0
33601,1
33602,0
33603,1
33604,1
33605,1
33606,0
33607,0
33608,1
33609,0
33610,1
33611,1
33612,1
33613,0
33614,1
33615,1
33616,1
33617,1
33618,0
33619,1
33620,0
33621,1
33622,1
33623,1
33624,0
33625,1
33626,1
33627,0
33628,1
33629,1
33630,0
33631,1
33632,1
33633,1
33634,0
33635,1
33636,0
33637,0
33638,0
33639,1
33640,1
33641,1
33642,1
33643,1
33644,1
33645,0
33646,0
33647,0
33648,0
33649,1
33650,1
33651,0
33652,1
33653,0
33654,1
33655,0
33656,0
33657,1
33658,1
33659,1
33660,0
33661,0
33662,1
33663,1
33664,1
33665,1
33666,1
33667,1
33668,1
33669,1
33670,1
33671,1
33672,1
33673,1
33674,1
33675,1
33676,1
33677,0
33678,0
33679,1
33680,0
33681,1
33682,1
33683,0
33684,0
33685,0
33686,1
33687,0
33688,0
33689,0
33690,1
33691,0
33692,0
33693,0
33694,1
33695,1
33696,0
33697,1
33698,1
33699,1
33700,0
33701,1
33702,1
33703,1
33704,1
33705,0
33706,0
33707,1
33708,0
33709,1
33710,1
33711,1
33712,1
33713,0
33714,0
33715,1
33716,1
33717,1
33718,1
33719,1
33720,1
33721,1
33722,1
33723,1
33724,1
33725,1
33726,1
33727,0
33728,1
33729,1
33730,0
33731,0
33732,0
33733,1
33734,1
33735,1
33736,1
33737,1
33738,0
33739,0
33740,1
33741,0
33742,0
33743,1
33744,1
33745,1
33746,1
33747,1
33748,1
33749,0
33750,1
33751,1
33752,0
33753,0
33754,1
33755,1
33756,1
33757,1
33758,0
33759,1
33760,0
33761,0
33762,1
33763,1
33764,1
33765,1
33766,1
33767,0
33768,1
33769,0
33770,1
33771,0
33772,1
33773,1
33774,0
33775,0
33776,1
33777,1
33778,1
33779,1
33780,0
33781,0
33782,1
33783,1
33784,0
33785,1
33786,0
33787,0
33788,1
33789,1
33790,0
33791,1
33792,0
33793,1
33794,1
33795,0
33796,1
33797,1
33798,0
33799,1
33800,0
33801,1
33802,1
33803,1
33804,1
33805,0
33806,1
33807,1
33808,1
33809,1
33810,1
33811,0
33812,1
33813,0
33814,1
33815,0
33816,0
33817,1
33818,1
33819,0
33820,1
33821,1
33822,1
33823,1
33824,1
33825,0
33826,0
33827,1
33828,1
33829,1
33830,1
33831,0
33832,0
33833,1
33834,1
33835,1
33836,0
33837,0
33838,1
33839,1
33840,1
33841,1
33842,1
33843,1
33844,1
33845,1
33846,0
33847,0
33848,0
33849,1
33850,1
33851,0
33852,0
33853,1
33854,1
33855,1
33856,1
33857,1
33858,0
33859,1
33860,0
33861,0
33862,1
33863,1
33864,1
33865,1
33866,0
33867,0
33868,1
33869,0
33870,0
33871,0
33872,1
33873,0
33874,0
33875,1
33876,1
33877,0
33878,1
33879,1
33880,1
33881,1
33882,0
33883,0
33884,1
33885,1
33886,1
33887,1
33888,1
33889,1
33890,0
33891,0
33892,1
33893,1
33894,0
33895,1
33896,0
33897,1
33898,1
33899,0
33900,1
33901,1
33902,1
33903,0
33904,1
33905,0
33906,1
33907,1
33908,1
33909,1
33910,1
33911,0
33912,0
33913,1
33914,1
33915,0
33916,1
33917,1
33918,1
33919,0
33920,0
33921,1
33922,1
33923,1
33924,1
33925,1
33926,0
33927,0
33928,0
33929,0
33930,1
33931,1
33932,1
33933,1
33934,1
33935,1
33936,1
33937,1
33938,0
33939,0
33940,1
33941,1
33942,1
33943,1
33944,0
33945,1
33946,1
33947,0
33948,1
33949,0
33950,1
33951,1
33952,1
33953,1
33954,1
33955,0
33956,0
33957,1
33958,0
33959,0
33960,0
33961,1
33962,1
33963,1
33964,1
33965,1
33966,0
33967,0
33968,1
33969,1
33970,0
33971,0
33972,1
33973,0
33974,0
33975,0
33976,1
33977,1
33978,1
33979,1
33980,1
33981,0
33982,1
33983,1
33984,1
33985,1
33986,1
33987,0
33988,1
33989,1
33990,1
33991,1
33992,1
33993,1
33994,1
33995,1
33996,1
33997,0
33998,1
33999,1
34000,1
34001,0
34002,0
34003,0
34004,0
34005,0
34006,0
34007,1
34008,1
34009,1
34010,1
34011,1
34012,1
34013,1
34014,1
34015,1
34016,0
34017,0
34018,1
34019,1
34020,0
34021,0
34022,1
34023,1
34024,0
34025,0
34026,1
34027,0
34028,1
34029,0
34030,1
34031,1
34032,0
34033,1
34034,1
34035,1
34036,1
34037,1
34038,1
34039,0
34040,1
34041,0
34042,1
34043,1
34044,1
34045,1
34046,1
34047,1
34048,1
34049,1
34050,0
34051,1
34052,0
34053,0
34054,1
34055,0
34056,1
34057,0
34058,1
34059,1
34060,1
34061,1
34062,0
34063,1
34064,0
34065,0
34066,0
34067,1
34068,1
34069,1
34070,0
34071,0
34072,1
34073,1
34074,1
34075,1
34076,0
34077,1
34078,1
34079,1
34080,1
34081,1
34082,0
34083,1
34084,1
34085,1
34086,1
34087,1
34088,1
34089,1
34090,0
34091,1
34092,1
34093,1
34094,1
34095,1
34096,1
34097,0
34098,1
34099,0
34100,0
34101,0
34102,0
34103,1
34104,1
34105,1
34106,1
34107,1
34108,0
34109,1
34110,0
34111,0
34112,1
34113,1
34114,0
34115,1
34116,0
34117,1
34118,1
34119,1
34120,0
34121,0
34122,1
34123,0
34124,1
34125,1
34126,1
34127,0
34128,1
34129,1
34130,0
34131,0
34132,0
34133,0
34134,0
34135,1
34136,0
34137,1
34138,0
34139,1
34140,0
34141,1
34142,1
34143,1
34144,0
34145,0
34146,1
34147,0
34148,1
34149,1
34150,1
34151,1
34152,1
34153,1
34154,1
34155,1
34156,0
34157,0
34158,1
34159,0
34160,0
34161,0
34162,0
34163,0
34164,1
34165,0
34166,1
34167,1
34168,1
34169,0
34170,1
34171,1
34172,0
34173,1
34174,1
34175,1
34176,0
34177,1
34178,1
34179,1
34180,1
34181,0
34182,1
34183,0
34184,1
34185,1
34186,0
34187,0
34188,1
34189,0
34190,1
34191,1
34192,1
34193,1
34194,1
34195,1
34196,1
34197,1
34198,1
34199,1
34200,0
34201,0
34202,0
34203,0
34204,1
34205,1
34206,0
34207,1
34208,1
34209,1
34210,0
34211,1
34212,0
34213,0
34214,0
34215,1
34216,0
34217,1
34218,0
34219,1
34220,1
34221,1
34222,0
34223,0
34224,0
34225,0
34226,0
34227,1
34228,1
34229,1
34230,0
34231,1
34232,1
34233,1
34234,1
34235,1
34236,0
34237,1
34238,1
34239,1
34240,1
34241,1
34242,1
34243,1
34244,0
34245,1
34246,0
34247,0
34248,1
34249,1
34250,0
34251,0
34252,1
34253,0
34254,0
34255,0
34256,1
34257,1
34258,1
34259,0
34260,0
34261,1
34262,1
34263,0
34264,0
34265,0
34266,1
34267,1
34268,0
34269,0
34270,0
34271,1
34272,0
34273,1
34274,1
34275,1
34276,0
34277,1
34278,1
34279,0
34280,0
34281,1
34282,0
34283,1
34284,1
34285,1
34286,1
34287,1
34288,0
34289,1
34290,0
34291,1
34292,1
34293,1
34294,1
34295,1
34296,1
34297,1
34298,0
34299,1
34300,0
34301,0
34302,0
34303,1
34304,1
34305,1
34306,1
34307,1
34308,1
34309,0
34310,1
34311,0
34312,1
34313,1
34314,0
34315,1
34316,1
34317,1
34318,0
34319,0
34320,1
34321,0
34322,1
34323,1
34324,1
34325,1
34326,0
34327,1
34328,1
34329,1
34330,1
34331,1
34332,1
34333,0
34334,1
34335,0
34336,1
34337,1
34338,0
34339,1
34340,1
34341,1
34342,1
34343,0
34344,1
34345,0
34346,1
34347,1
34348,0
34349,1
34350,1
34351,1
34352,0
34353,1
34354,1
34355,1
34356,1
34357,1
34358,1
34359,1
34360,1
34361,0
34362,0
34363,1
34364,1
34365,1
34366,0
34367,1
34368,1
34369,0
34370,1
34371,1
34372,1
34373,1
34374,0
34375,0
34376,1
34377,0
34378,0
34379,0
34380,1
34381,0
34382,1
34383,1
34384,0
34385,0
34386,0
34387,0
34388,0
34389,1
34390,0
34391,1
34392,1
34393,1
34394,1
34395,0
34396,0
34397,0
34398,0
34399,1
34400,1
34401,1
34402,1
34403,0
34404,0
34405,0
34406,1
34407,0
34408,1
34409,0
34410,0
34411,1
34412,1
34413,0
34414,1
34415,0
34416,0
34417,0
34418,0
34419,1
34420,1
34421,1
34422,1
34423,1
34424,1
34425,1
34426,1
34427,1
34428,0
34429,0
34430,0
34431,1
34432,0
34433,0
34434,1
34435,1
34436,0
34437,1
34438,0
34439,1
34440,1
34441,0
34442,1
34443,1
34444,0
34445,0
34446,0
34447,1
34448,1
34449,1
34450,1
34451,1
34452,0
34453,0
34454,0
34455,1
34456,1
34457,1
34458,1
34459,1
34460,1
34461,0
34462,1
34463,0
34464,1
34465,1
34466,1
34467,1
34468,0
34469,1
34470,1
34471,0
34472,1
34473,1
34474,0
34475,1
34476,0
34477,1
34478,1
34479,0
34480,1
34481,0
34482,1
34483,0
34484,1
34485,1
34486,0
34487,1
34488,1
34489,1
34490,1
34491,1
34492,1
34493,1
34494,0
34495,1
34496,1
34497,1
34498,0
34499,1
34500,0
34501,0
34502,1
34503,0
34504,1
34505,1
34506,0
34507,1
34508,1
34509,1
34510,1
34511,0
34512,1
34513,1
34514,1
34515,1
34516,1
34517,1
34518,1
34519,1
34520,0
34521,1
34522,1
34523,1
34524,0
34525,0
34526,1
34527,0
34528,1
34529,1
34530,1
34531,0
34532,1
34533,0
34534,1
34535,0
34536,0
34537,1
34538,1
34539,1
34540,1
34541,0
34542,0
34543,1
34544,1
34545,0
34546,0
34547,1
34548,1
34549,0
34550,1
34551,1
34552,1
34553,1
34554,1
34555,1
34556,1
34557,0
34558,1
34559,1
34560,1
34561,0
34562,1
34563,1
34564,1
34565,1
34566,0
34567,1
34568,0
34569,0
34570,1
34571,0
34572,1
34573,1
34574,0
34575,1
34576,1
34577,1
34578,1
34579,1
34580,0
34581,1
34582,0
34583,0
34584,1
34585,1
34586,1
34587,1
34588,1
34589,0
34590,0
34591,0
34592,0
34593,1
34594,0
34595,1
34596,1
34597,0
34598,1
34599,0
34600,0
34601,1
34602,0
34603,0
34604,0
34605,0
34606,1
34607,0
34608,1
34609,1
34610,1
34611,1
34612,1
34613,1
34614,1
34615,1
34616,1
34617,1
34618,1
34619,1
34620,0
34621,1
34622,0
34623,0
34624,1
34625,1
34626,1
34627,0
34628,0
34629,1
34630,0
34631,1
34632,1
34633,1
34634,1
34635,1
34636,0
34637,0
34638,1
34639,1
34640,1
34641,0
34642,0
34643,1
34644,1
34645,1
34646,1
34647,0
34648,1
34649,1
34650,1
34651,0
34652,0
34653,1
34654,1
34655,1
34656,1
34657,0
34658,0
34659,0
34660,0
34661,0
34662,0
34663,1
34664,1
34665,0
34666,1
34667,0
34668,1
34669,1
34670,0
34671,0
34672,1
34673,0
34674,0
34675,1
34676,1
34677,1
34678,1
34679,0
34680,1
34681,1
34682,1
34683,1
34684,1
34685,1
34686,1
34687,1
34688,1
34689,0
34690,1
34691,1
34692,1
34693,0
34694,0
34695,1
34696,0
34697,1
34698,1
34699,1
34700,1
34701,0
34702,1
34703,1
34704,1
34705,1
34706,0
34707,1
34708,0
34709,1
34710,0
34711,0
34712,1
34713,0
34714,1
34715,1
34716,1
34717,0
34718,1
34719,1
34720,1
34721,0
34722,0
34723,0
34724,0
34725,0
34726,1
34727,0
34728,1
34729,0
34730,0
34731,1
34732,1
34733,1
34734,0
34735,1
34736,1
34737,0
34738,0
34739,1
34740,1
34741,1
34742,1
34743,0
34744,1
34745,0
34746,1
34747,1
34748,1
34749,1
34750,1
34751,0
34752,0
34753,1
34754,0
34755,0
34756,1
34757,1
34758,1
34759,1
34760,1
34761,1
34762,1
34763,1
34764,1
34765,0
34766,1
34767,0
34768,1
34769,0
34770,1
34771,0
34772,1
34773,1
34774,1
34775,1
34776,1
34777,1
34778,1
34779,1
34780,1
34781,1
34782,0
34783,1
34784,1
34785,1
34786,1
34787,1
34788,0
34789,0
34790,0
34791,1
34792,0
34793,1
34794,0
34795,1
34796,1
34797,1
34798,0
34799,0
34800,0
34801,0
34802,1
34803,0
34804,1
34805,1
34806,1
34807,1
34808,1
34809,0
34810,1
34811,1
34812,1
34813,0
34814,1
34815,0
34816,0
34817,1
34818,1
34819,1
34820,1
34821,0
34822,1
34823,0
34824,1
34825,0
34826,0
34827,1
34828,0
34829,0
34830,1
34831,1
34832,1
34833,0
34834,0
34835,0
34836,0
34837,0
34838,1
34839,1
34840,1
34841,1
34842,0
34843,0
34844,0
34845,1
34846,1
34847,1
34848,1
34849,1
34850,1
34851,0
34852,1
34853,1
34854,1
34855,1
34856,1
34857,0
34858,0
34859,0
34860,0
34861,1
34862,1
34863,0
34864,1
34865,0
34866,0
34867,1
34868,0
34869,1
34870,1
34871,1
34872,0
34873,0
34874,0
34875,0
34876,0
34877,1
34878,1
34879,0
34880,1
34881,0
34882,1
34883,0
34884,1
34885,1
34886,0
34887,0
34888,1
34889,1
34890,1
34891,1
34892,0
34893,1
34894,1
34895,1
34896,0
34897,1
34898,0
34899,1
34900,0
34901,1
34902,1
34903,1
34904,0
34905,1
34906,1
34907,1
34908,0
34909,1
34910,1
34911,1
34912,1
34913,0
34914,1
34915,1
34916,1
34917,0
34918,1
34919,0
34920,0
34921,0
34922,1
34923,0
34924,1
34925,0
34926,1
34927,0
34928,1
34929,1
34930,1
34931,1
34932,0
34933,1
34934,0
34935,1
34936,0
34937,0
34938,0
34939,1
34940,0
34941,1
34942,1
34943,0
34944,1
34945,1
34946,0
34947,0
34948,0
34949,1
34950,1
34951,1
34952,1
34953,0
34954,1
34955,0
34956,0
34957,0
34958,1
34959,0
34960,1
34961,0
34962,1
34963,0
34964,0
34965,1
34966,1
34967,1
34968,0
34969,1
34970,1
34971,1
34972,0
34973,1
34974,1
34975,0
34976,1
34977,0
34978,1
34979,0
34980,1
34981,1
34982,1
34983,0
34984,1
34985,0
34986,1
34987,0
34988,1
34989,1
34990,1
34991,1
34992,1
34993,0
34994,1
34995,1
34996,1
34997,1
34998,1
34999,0
35000,0
35001,0
35002,0
35003,0
35004,0
35005,1
35006,1
35007,0
35008,1
35009,1
35010,1
35011,1
35012,1
35013,1
35014,1
35015,1
35016,1
35017,1
35018,1
35019,1
35020,1
35021,1
35022,1
35023,0
35024,1
35025,1
35026,1
35027,0
35028,1
35029,0
35030,1
35031,0
35032,0
35033,1
35034,1
35035,1
35036,1
35037,0
35038,0
35039,1
35040,1
35041,1
35042,1
35043,1
35044,1
35045,1
35046,1
35047,1
35048,1
35049,0
35050,1
35051,1
35052,0
35053,0
35054,0
35055,0
35056,0
35057,1
35058,1
35059,1
35060,1
35061,1
35062,1
35063,0
35064,1
35065,1
35066,0
35067,1
35068,0
35069,1
35070,0
35071,1
35072,1
35073,1
35074,1
35075,1
35076,1
35077,0
35078,0
35079,0
35080,1
35081,1
35082,1
35083,0
35084,1
35085,0
35086,1
35087,0
35088,1
35089,1
35090,0
35091,0
35092,0
35093,1
35094,1
35095,1
35096,1
35097,1
35098,1
35099,1
35100,1
35101,1
35102,1
35103,1
35104,1
35105,0
35106,0
35107,1
35108,0
35109,1
35110,1
35111,1
35112,1
35113,1
35114,0
35115,1
35116,1
35117,0
35118,1
35119,1
35120,1
35121,0
35122,0
35123,1
35124,1
35125,0
35126,0
35127,1
35128,1
35129,0
35130,1
35131,0
35132,1
35133,1
35134,1
35135,0
35136,1
35137,1
35138,0
35139,1
35140,0
35141,0
35142,1
35143,0
35144,1
35145,1
35146,1
35147,0
35148,0
35149,0
35150,1
35151,1
35152,1
35153,0
35154,0
35155,0
35156,1
35157,0
35158,1
35159,1
35160,0
35161,0
35162,1
35163,0
35164,1
35165,1
35166,0
35167,1
35168,1
35169,0
35170,1
35171,1
35172,0
35173,1
35174,1
35175,1
35176,1
35177,1
35178,1
35179,1
35180,0
35181,1
35182,1
35183,0
35184,0
35185,0
35186,1
35187,1
35188,1
35189,0
35190,1
35191,1
35192,1
35193,1
35194,1
35195,1
35196,1
35197,0
35198,1
35199,0
35200,0
35201,1
35202,1
35203,0
35204,1
35205,1
35206,1
35207,1
35208,0
35209,1
35210,1
35211,1
35212,1
35213,1
35214,0
35215,0
35216,1
35217,0
35218,1
35219,0
35220,1
35221,1
35222,1
35223,1
35224,1
35225,0
35226,1
35227,0
35228,0
35229,1
35230,0
35231,0
35232,1
35233,1
35234,1
35235,1
35236,1
35237,0
35238,1
35239,1
35240,1
35241,1
35242,1
35243,0
35244,0
35245,0
35246,1
35247,1
35248,1
35249,1
35250,1
35251,0
35252,1
35253,1
35254,0
35255,0
35256,1
35257,1
35258,1
35259,1
35260,0
35261,1
35262,1
35263,1
35264,1
35265,1
35266,0
35267,1
35268,1
35269,0
35270,1
35271,0
35272,1
35273,0
35274,1
35275,1
35276,0
35277,1
35278,0
35279,1
35280,1
35281,1
35282,0
35283,0
35284,0
35285,1
35286,1
35287,1
35288,0
35289,1
35290,1
35291,1
35292,0
35293,1
35294,0
35295,1
35296,1
35297,1
35298,1
35299,1
35300,1
35301,0
35302,1
35303,1
35304,0
35305,0
35306,1
35307,0
35308,1
35309,0
35310,1
35311,1
35312,0
35313,1
35314,1
35315,1
35316,1
35317,1
35318,1
35319,1
35320,1
35321,1
35322,0
35323,0
35324,0
35325,1
35326,1
35327,1
35328,0
35329,1
35330,0
35331,0
35332,0
35333,1
35334,0
35335,0
35336,1
35337,0
35338,1
35339,1
35340,1
35341,0
35342,1
35343,0
35344,0
35345,0
35346,0
35347,1
35348,0
35349,1
35350,1
35351,0
35352,1
35353,1
35354,0
35355,1
35356,1
35357,0
35358,0
35359,0
35360,1
35361,1
35362,0
35363,0
35364,1
35365,0
35366,1
35367,0
35368,1
35369,1
35370,1
35371,0
35372,0
35373,0
35374,0
35375,0
35376,1
35377,1
35378,1
35379,0
35380,1
35381,1
35382,0
35383,1
35384,0
35385,0
35386,0
35387,0
35388,0
35389,1
35390,1
35391,0
35392,1
35393,1
35394,1
35395,0
35396,1
35397,0
35398,1
35399,1
35400,1
35401,0
35402,1
35403,0
35404,0
35405,1
35406,0
35407,1
35408,0
35409,1
35410,1
35411,1
35412,1
35413,1
35414,1
35415,0
35416,1
35417,1
35418,0
35419,0
35420,0
35421,0
35422,0
35423,0
35424,1
35425,1
35426,0
35427,1
35428,1
35429,1
35430,1
35431,1
35432,0
35433,0
35434,1
35435,1
35436,0
35437,1
35438,1
35439,0
35440,1
35441,0
35442,0
35443,1
35444,1
35445,0
35446,0
35447,1
35448,1
35449,1
35450,1
35451,1
35452,1
35453,1
35454,0
35455,1
35456,1
35457,0
35458,0
35459,1
35460,0
35461,1
35462,1
35463,1
35464,1
35465,0
35466,1
35467,0
35468,0
35469,1
35470,1
35471,0
35472,1
35473,1
35474,1
35475,1
35476,1
35477,0
35478,1
35479,1
35480,1
35481,1
35482,0
35483,0
35484,1
35485,0
35486,1
35487,0
35488,1
35489,0
35490,1
35491,1
35492,1
35493,1
35494,0
35495,0
35496,1
35497,0
35498,0
35499,0
35500,1
35501,0
35502,1
35503,0
35504,0
35505,1
35506,0
35507,1
35508,1
35509,1
35510,0
35511,1
35512,0
35513,1
35514,0
35515,0
35516,0
35517,0
35518,1
35519,1
35520,1
35521,1
35522,1
35523,1
35524,0
35525,1
35526,1
35527,0
35528,1
35529,0
35530,1
35531,1
35532,1
35533,1
35534,1
35535,1
35536,1
35537,1
35538,0
35539,1
35540,1
35541,1
35542,0
35543,0
35544,0
35545,0
35546,1
35547,1
35548,1
35549,1
35550,1
35551,1
35552,0
35553,0
35554,1
35555,1
35556,0
35557,0
35558,0
35559,1
35560,0
35561,1
35562,0
35563,1
35564,1
35565,0
35566,0
35567,1
35568,1
35569,0
35570,0
35571,1
35572,1
35573,1
35574,1
35575,1
35576,1
35577,0
35578,0
35579,0
35580,1
35581,1
35582,0
35583,1
35584,1
35585,1
35586,0
35587,1
35588,0
35589,0
35590,1
35591,1
35592,0
35593,1
35594,1
35595,1
35596,1
35597,1
35598,1
35599,1
35600,1
35601,0
35602,1
35603,1
35604,1
35605,1
35606,1
35607,1
35608,0
35609,1
35610,1
35611,0
35612,1
35613,1
35614,1
35615,0
35616,1
35617,0
35618,0
35619,0
35620,1
35621,0
35622,1
35623,0
35624,0
35625,1
35626,0
35627,1
35628,0
35629,0
35630,1
35631,1
35632,1
35633,1
35634,1
35635,0
35636,1
35637,1
35638,0
35639,1
35640,0
35641,1
35642,1
35643,1
35644,0
35645,1
35646,1
35647,1
35648,1
35649,1
35650,1
35651,1
35652,0
35653,0
35654,0
35655,1
35656,0
35657,0
35658,0
35659,0
35660,0
35661,1
35662,1
35663,1
35664,0
35665,1
35666,1
35667,0
35668,1
35669,1
35670,1
35671,0
35672,0
35673,1
35674,0
35675,0
35676,0
35677,0
35678,0
35679,1
35680,1
35681,0
35682,0
35683,1
35684,1
35685,0
35686,1
35687,1
35688,1
35689,1
35690,1
35691,1
35692,0
35693,0
35694,0
35695,1
35696,0
35697,0
35698,1
35699,1
35700,1
35701,1
35702,1
35703,0
35704,0
35705,1
35706,1
35707,1
35708,1
35709,1
35710,0
35711,0
35712,0
35713,0
35714,1
35715,1
35716,1
35717,1
35718,1
35719,1
35720,0
35721,0
35722,1
35723,0
35724,0
35725,1
35726,1
35727,1
35728,1
35729,1
35730,0
35731,1
35732,1
35733,0
35734,1
35735,0
35736,0
35737,0
35738,0
35739,0
35740,1
35741,1
35742,0
35743,1
35744,1
35745,0
35746,1
35747,0
35748,1
35749,0
35750,1
35751,0
35752,1
35753,0
35754,1
35755,0
35756,0
35757,0
35758,1
35759,1
35760,1
35761,0
35762,0
35763,0
35764,1
35765,1
35766,0
35767,1
35768,1
35769,1
35770,1
35771,0
35772,1
35773,1
35774,1
35775,0
35776,1
35777,1
35778,0
35779,1
35780,0
35781,1
35782,1
35783,0
35784,1
35785,0
35786,1
35787,0
35788,0
35789,1
35790,0
35791,1
35792,0
35793,1
35794,1
35795,0
35796,0
35797,0
35798,1
35799,0
35800,0
35801,0
35802,1
35803,1
35804,1
35805,1
35806,0
35807,1
35808,0
35809,1
35810,0
35811,1
35812,0
35813,1
35814,1
35815,0
35816,0
35817,0
35818,0
35819,1
35820,1
35821,0
35822,0
35823,0
35824,1
35825,0
35826,1
35827,1
35828,1
35829,0
35830,0
35831,1
35832,0
35833,1
35834,1
35835,0
35836,1
35837,0
35838,1
35839,1
35840,1
35841,1
35842,0
35843,0
35844,1
35845,1
35846,1
35847,1
35848,1
35849,1
35850,0
35851,1
35852,0
35853,1
35854,1
35855,1
35856,0
35857,1
35858,0
35859,1
35860,0
35861,1
35862,1
35863,0
35864,1
35865,1
35866,1
35867,1
35868,1
35869,1
35870,0
35871,0
35872,1
35873,0
35874,0
35875,0
35876,1
35877,0
35878,0
35879,0
35880,1
35881,0
35882,1
35883,1
35884,1
35885,0
35886,1
35887,1
35888,0
35889,1
35890,1
35891,1
35892,1
35893,0
35894,1
35895,1
35896,1
35897,0
35898,0
35899,1
35900,1
35901,1
35902,1
35903,1
35904,1
35905,0
35906,1
35907,0
35908,1
35909,0
35910,1
35911,1
35912,1
35913,1
35914,0
35915,1
35916,1
35917,1
35918,1
35919,1
35920,1
35921,0
35922,1
35923,0
35924,0
35925,0
35926,1
35927,1
35928,0
35929,0
35930,0
35931,0
35932,1
35933,1
35934,0
35935,0
35936,0
35937,0
35938,1
35939,1
35940,1
35941,0
35942,1
35943,1
35944,0
35945,0
35946,0
35947,1
35948,1
35949,1
35950,1
35951,1
35952,1
35953,0
35954,1
35955,0
35956,1
35957,1
35958,1
35959,0
35960,0
35961,1
35962,1
35963,0
35964,1
35965,1
35966,0
35967,1
35968,1
35969,0
35970,1
35971,0
35972,0
35973,0
35974,0
35975,1
35976,0
35977,1
35978,1
35979,0
35980,1
35981,1
35982,1
35983,0
35984,1
35985,1
35986,1
35987,0
35988,1
35989,1
35990,0
35991,1
35992,1
35993,0
35994,0
35995,0
35996,0
35997,0
35998,1
35999,1
36000,0
36001,1
36002,1
36003,1
36004,0
36005,1
36006,1
36007,0
36008,1
36009,1
36010,0
36011,0
36012,0
36013,0
36014,1
36015,0
36016,0
36017,0
36018,1
36019,1
36020,0
36021,0
36022,1
36023,0
36024,0
36025,1
36026,0
36027,1
36028,0
36029,0
36030,0
36031,0
36032,0
36033,1
36034,0
36035,1
36036,1
36037,0
36038,0
36039,1
36040,1
36041,1
36042,1
36043,0
36044,1
36045,1
36046,0
36047,0
36048,1
36049,1
36050,1
36051,1
36052,1
36053,1
36054,1
36055,1
36056,0
36057,1
36058,0
36059,1
36060,1
36061,1
36062,1
36063,0
36064,1
36065,1
36066,1
36067,0
36068,1
36069,1
36070,1
36071,1
36072,0
36073,1
36074,1
36075,0
36076,0
36077,1
36078,1
36079,0
36080,0
36081,1
36082,1
36083,1
36084,0
36085,1
36086,1
36087,0
36088,1
36089,0
36090,1
36091,1
36092,0
36093,1
36094,0
36095,0
36096,0
36097,1
36098,1
36099,1
36100,1
36101,1
36102,0
36103,1
36104,1
36105,1
36106,1
36107,0
36108,1
36109,1
36110,1
36111,1
36112,1
36113,1
36114,1
36115,0
36116,1
36117,1
36118,1
36119,0
36120,0
36121,0
36122,1
36123,1
36124,0
36125,1
36126,0
36127,1
36128,1
36129,1
36130,0
36131,0
36132,0
36133,0
36134,1
36135,1
36136,0
36137,1
36138,1
36139,1
36140,1
36141,1
36142,0
36143,0
36144,1
36145,1
36146,0
36147,1
36148,1
36149,1
36150,0
36151,0
36152,1
36153,1
36154,1
36155,1
36156,0
36157,1
36158,1
36159,1
36160,1
36161,1
36162,0
36163,1
36164,0
36165,1
36166,1
36167,1
36168,0
36169,1
36170,0
36171,1
36172,1
36173,1
36174,0
36175,1
36176,1
36177,1
36178,1
36179,1
36180,0
36181,1
36182,1
36183,1
36184,0
36185,0
36186,0
36187,0
36188,1
36189,0
36190,1
36191,0
36192,1
36193,1
36194,0
36195,0
36196,0
36197,0
36198,0
36199,0
36200,0
36201,0
36202,1
36203,1
36204,1
36205,1
36206,1
36207,1
36208,1
36209,0
36210,1
36211,0
36212,0
36213,0
36214,1
36215,1
36216,1
36217,0
36218,0
36219,1
36220,1
36221,1
36222,1
36223,1
36224,1
36225,1
36226,0
36227,0
36228,1
36229,1
36230,0
36231,0
36232,0
36233,1
36234,1
36235,0
36236,0
36237,1
36238,0
36239,0
36240,0
36241,0
36242,1
36243,1
36244,1
36245,0
36246,1
36247,1
36248,1
36249,1
36250,0
36251,0
36252,1
36253,1
36254,1
36255,0
36256,1
36257,0
36258,0
36259,1
36260,1
36261,1
36262,0
36263,1
36264,1
36265,0
36266,1
36267,0
36268,1
36269,1
36270,1
36271,0
36272,1
36273,1
36274,1
36275,1
36276,1
36277,1
36278,0
36279,1
36280,1
36281,1
36282,1
36283,1
36284,0
36285,0
36286,1
36287,1
36288,1
36289,0
36290,1
36291,1
36292,1
36293,1
36294,1
36295,0
36296,1
36297,1
36298,0
36299,0
36300,1
36301,0
36302,0
36303,0
36304,0
36305,1
36306,1
36307,1
36308,1
36309,1
36310,1
36311,0
36312,0
36313,1
36314,0
36315,0
36316,1
36317,1
36318,1
36319,0
36320,1
36321,0
36322,1
36323,1
36324,1
36325,1
36326,1
36327,1
36328,0
36329,1
36330,1
36331,1
36332,0
36333,1
36334,0
36335,1
36336,1
36337,1
36338,0
36339,0
36340,1
36341,1
36342,1
36343,1
36344,1
36345,1
36346,1
36347,0
36348,0
36349,0
36350,0
36351,0
36352,1
36353,0
36354,0
36355,0
36356,1
36357,1
36358,1
36359,1
36360,0
36361,1
36362,1
36363,1
36364,1
36365,1
36366,0
36367,1
36368,0
36369,1
36370,1
36371,1
36372,0
36373,1
36374,0
36375,1
36376,1
36377,0
36378,1
36379,1
36380,1
36381,1
36382,1
36383,1
36384,1
36385,1
36386,0
36387,1
36388,1
36389,1
36390,1
36391,1
36392,0
36393,0
36394,0
36395,0
36396,0
36397,1
36398,1
36399,0
36400,1
36401,1
36402,1
36403,1
36404,0
36405,0
36406,1
36407,1
36408,1
36409,1
36410,1
36411,0
36412,1
36413,0
36414,0
36415,0
36416,1
36417,1
36418,1
36419,1
36420,0
36421,0
36422,0
36423,1
36424,0
36425,0
36426,0
36427,1
36428,1
36429,1
36430,1
36431,0
36432,1
36433,0
36434,1
36435,1
36436,0
36437,0
36438,1
36439,0
36440,1
36441,0
36442,0
36443,1
36444,0
36445,1
36446,1
36447,1
36448,1
36449,1
36450,1
36451,0
36452,1
36453,1
36454,0
36455,1
36456,0
36457,1
36458,0
36459,1
36460,1
36461,1
36462,0
36463,0
36464,1
36465,1
36466,1
36467,1
36468,1
36469,1
36470,1
36471,1
36472,0
36473,1
36474,1
36475,1
36476,1
36477,1
36478,1
36479,1
36480,0
36481,0
36482,0
36483,1
36484,1
36485,0
36486,1
36487,0
36488,0
36489,0
36490,1
36491,0
36492,1
36493,1
36494,0
36495,1
36496,0
36497,1
36498,1
36499,1
36500,1
36501,1
36502,1
36503,1
36504,0
36505,1
36506,1
36507,0
36508,1
36509,1
36510,1
36511,0
36512,1
36513,0
36514,1
36515,1
36516,1
36517,1
36518,0
36519,0
36520,1
36521,1
36522,1
36523,0
36524,0
36525,1
36526,1
36527,1
36528,1
36529,1
36530,1
36531,0
36532,0
36533,1
36534,0
36535,1
36536,1
36537,1
36538,1
36539,0
36540,1
36541,1
36542,1
36543,1
36544,0
36545,1
36546,0
36547,0
36548,1
36549,1
36550,0
36551,0
36552,0
36553,1
36554,0
36555,1
36556,1
36557,1
36558,1
36559,1
36560,0
36561,0
36562,1
36563,0
36564,1
36565,1
36566,0
36567,1
36568,1
36569,1
36570,1
36571,1
36572,1
36573,1
36574,1
36575,0
36576,1
36577,1
36578,1
36579,0
36580,1
36581,0
36582,1
36583,1
36584,1
36585,0
36586,1
36587,0
36588,0
36589,1
36590,0
36591,1
36592,0
36593,1
36594,1
36595,1
36596,0
36597,1
36598,0
36599,1
36600,0
36601,0
36602,1
36603,0
36604,1
36605,1
36606,1
36607,0
36608,0
36609,1
36610,1
36611,1
36612,1
36613,1
36614,0
36615,0
36616,1
36617,0
36618,1
36619,1
36620,1
36621,1
36622,1
36623,1
36624,1
36625,1
36626,1
36627,0
36628,1
36629,0
36630,0
36631,0
36632,1
36633,1
36634,1
36635,1
36636,1
36637,1
36638,0
36639,0
36640,1
36641,0
36642,0
36643,1
36644,1
36645,1
36646,1
36647,0
36648,1
36649,0
36650,0
36651,1
36652,1
36653,0
36654,1
36655,0
36656,1
36657,1
36658,1
36659,1
36660,0
36661,1
36662,1
36663,1
36664,1
36665,1
36666,1
36667,0
36668,0
36669,1
36670,0
36671,0
36672,1
36673,0
36674,1
36675,0
36676,1
36677,0
36678,1
36679,0
36680,0
36681,1
36682,1
36683,1
36684,1
36685,1
36686,1
36687,0
36688,1
36689,1
36690,0
36691,1
36692,1
36693,1
36694,0
36695,1
36696,1
36697,1
36698,0
36699,0
36700,1
36701,1
36702,1
36703,1
36704,1
36705,0
36706,1
36707,0
36708,1
36709,1
36710,0
36711,0
36712,1
36713,1
36714,1
36715,1
36716,0
36717,0
36718,1
36719,1
36720,0
36721,1
36722,1
36723,0
36724,1
36725,1
36726,1
36727,1
36728,1
36729,1
36730,1
36731,1
36732,1
36733,1
36734,1
36735,1
36736,1
36737,1
36738,0
36739,1
36740,1
36741,0
36742,1
36743,1
36744,1
36745,1
36746,1
36747,1
36748,1
36749,1
36750,0
36751,1
36752,1
36753,0
36754,1
36755,1
36756,1
36757,1
36758,1
36759,1
36760,1
36761,0
36762,1
36763,0
36764,0
36765,0
36766,0
36767,0
36768,0
36769,1
36770,1
36771,0
36772,1
36773,1
36774,0
36775,0
36776,1
36777,0
36778,1
36779,0
36780,0
36781,0
36782,1
36783,1
36784,0
36785,1
36786,0
36787,1
36788,1
36789,1
36790,1
36791,1
36792,1
36793,1
36794,1
36795,0
36796,0
36797,0
36798,0
36799,1
36800,0
36801,0
36802,1
36803,0
36804,1
36805,1
36806,0
36807,1
36808,1
36809,1
36810,1
36811,1
36812,1
36813,1
36814,1
36815,1
36816,1
36817,0
36818,0
36819,1
36820,0
36821,1
36822,0
36823,1
36824,1
36825,0
36826,1
36827,0
36828,0
36829,1
36830,1
36831,0
36832,0
36833,1
36834,0
36835,0
36836,0
36837,1
36838,0
36839,1
36840,1
36841,1
36842,1
36843,1
36844,0
36845,1
36846,1
36847,1
36848,1
36849,1
36850,0
36851,1
36852,1
36853,0
36854,1
36855,0
36856,1
36857,1
36858,0
36859,0
36860,1
36861,1
36862,1
36863,1
36864,0
36865,1
36866,1
36867,0
36868,0
36869,0
36870,1
36871,1
36872,1
36873,1
36874,1
36875,1
36876,0
36877,1
36878,0
36879,0
36880,0
36881,1
36882,0
36883,1
36884,1
36885,0
36886,1
36887,1
36888,1
36889,0
36890,1
36891,1
36892,1
36893,0
36894,1
36895,0
36896,0
36897,0
36898,0
36899,0
36900,1
36901,1
36902,1
36903,1
36904,1
36905,1
36906,0
36907,1
36908,1
36909,1
36910,0
36911,0
36912,1
36913,0
36914,1
36915,0
36916,1
36917,1
36918,1
36919,0
36920,0
36921,1
36922,1
36923,1
36924,0
36925,1
36926,0
36927,1
36928,1
36929,1
36930,1
36931,1
36932,1
36933,0
36934,1
36935,0
36936,1
36937,1
36938,1
36939,0
36940,1
36941,0
36942,0
36943,1
36944,1
36945,1
36946,0
36947,0
36948,1
36949,1
36950,0
36951,1
36952,1
36953,1
36954,1
36955,1
36956,0
36957,1
36958,1
36959,1
36960,1
36961,0
36962,1
36963,1
36964,0
36965,1
36966,0
36967,1
36968,1
36969,1
36970,1
36971,0
36972,1
36973,1
36974,1
36975,0
36976,0
36977,1
36978,1
36979,0
36980,1
36981,0
36982,1
36983,0
36984,1
36985,0
36986,1
36987,1
36988,0
36989,0
36990,0
36991,0
36992,1
36993,0
36994,1
36995,1
36996,1
36997,0
36998,0
36999,1
37000,0
37001,1
37002,1
37003,1
37004,1
37005,0
37006,0
37007,1
37008,0
37009,0
37010,0
37011,1
37012,1
37013,0
37014,1
37015,1
37016,1
37017,0
37018,1
37019,0
37020,1
37021,1
37022,1
37023,1
37024,0
37025,1
37026,0
37027,0
37028,1
37029,1
37030,1
37031,0
37032,1
37033,1
37034,1
37035,1
37036,1
37037,1
37038,1
37039,0
37040,1
37041,0
37042,1
37043,1
37044,1
37045,0
37046,1
37047,0
37048,0
37049,1
37050,0
37051,1
37052,0
37053,1
37054,1
37055,0
37056,0
37057,1
37058,0
37059,1
37060,1
37061,1
37062,1
37063,1
37064,0
37065,0
37066,1
37067,0
37068,1
37069,1
37070,0
37071,1
37072,1
37073,1
37074,1
37075,0
37076,1
37077,1
37078,1
37079,1
37080,1
37081,0
37082,0
37083,1
37084,0
37085,1
37086,0
37087,0
37088,0
37089,1
37090,1
37091,0
37092,1
37093,1
37094,1
37095,1
37096,1
37097,1
37098,0
37099,0
37100,0
37101,0
37102,1
37103,1
37104,1
37105,1
37106,0
37107,1
37108,1
37109,1
37110,1
37111,1
37112,1
37113,1
37114,1
37115,0
37116,1
37117,1
37118,1
37119,1
37120,1
37121,1
37122,1
37123,0
37124,1
37125,1
37126,1
37127,1
37128,0
37129,1
37130,0
37131,1
37132,1
37133,0
37134,1
37135,1
37136,1
37137,1
37138,0
37139,0
37140,0
37141,1
37142,1
37143,0
37144,1
37145,1
37146,0
37147,1
37148,1
37149,1
37150,1
37151,1
37152,1
37153,0
37154,1
37155,0
37156,1
37157,0
37158,1
37159,1
37160,0
37161,0
37162,1
37163,1
37164,1
37165,1
37166,0
37167,0
37168,1
37169,0
37170,0
37171,1
37172,1
37173,0
37174,1
37175,1
37176,1
37177,1
37178,0
37179,0
37180,0
37181,1
37182,1
37183,1
37184,1
37185,1
37186,1
37187,1
37188,1
37189,0
37190,0
37191,0
37192,1
37193,1
37194,1
37195,1
37196,0
37197,1
37198,1
37199,1
37200,1
37201,0
37202,0
37203,0
37204,1
37205,0
37206,1
37207,1
37208,0
37209,1
37210,1
37211,0
37212,1
37213,1
37214,0
37215,0
37216,1
37217,1
37218,1
37219,1
37220,1
37221,1
37222,1
37223,0
37224,1
37225,0
37226,0
37227,1
37228,0
37229,1
37230,1
37231,0
37232,1
37233,1
37234,0
37235,0
37236,1
37237,0
37238,0
37239,0
37240,1
37241,1
37242,0
37243,1
37244,0
37245,1
37246,1
37247,1
37248,1
37249,1
37250,0
37251,0
37252,1
37253,1
37254,1
37255,1
37256,1
37257,0
37258,0
37259,0
37260,1
37261,1
37262,1
37263,1
37264,1
37265,1
37266,0
37267,1
37268,1
37269,1
37270,0
37271,0
37272,1
37273,1
37274,0
37275,1
37276,0
37277,1
37278,1
37279,1
37280,1
37281,0
37282,1
37283,1
37284,0
37285,1
37286,1
37287,0
37288,1
37289,0
37290,1
37291,0
37292,0
37293,1
37294,1
37295,0
37296,1
37297,1
37298,1
37299,0
37300,0
37301,0
37302,0
37303,1
37304,1
37305,0
37306,0
37307,0
37308,0
37309,0
37310,0
37311,0
37312,1
37313,1
37314,1
37315,1
37316,1
37317,1
37318,1
37319,0
37320,0
37321,1
37322,1
37323,0
37324,1
37325,0
37326,1
37327,1
37328,1
37329,0
37330,0
37331,1
37332,1
37333,1
37334,0
37335,1
37336,0
37337,0
37338,1
37339,1
37340,0
37341,1
37342,0
37343,1
37344,1
37345,1
37346,1
37347,1
37348,1
37349,0
37350,1
37351,0
37352,0
37353,1
37354,0
37355,0
37356,1
37357,0
37358,1
37359,1
37360,1
37361,0
37362,1
37363,1
37364,0
37365,1
37366,0
37367,1
37368,0
37369,1
37370,1
37371,1
37372,1
37373,1
37374,1
37375,1
37376,0
37377,1
37378,1
37379,1
37380,1
37381,1
37382,1
37383,1
37384,1
37385,0
37386,1
37387,1
37388,1
37389,0
37390,1
37391,0
37392,1
37393,0
37394,1
37395,1
37396,1
37397,0
37398,1
37399,1
37400,0
37401,1
37402,0
37403,0
37404,0
37405,1
37406,0
37407,1
37408,0
37409,1
37410,1
37411,0
37412,0
37413,1
37414,1
37415,1
37416,1
37417,1
37418,1
37419,1
37420,0
37421,1
37422,0
37423,0
37424,1
37425,1
37426,0
37427,1
37428,1
37429,0
37430,1
37431,1
37432,1
37433,1
37434,1
37435,1
37436,1
37437,1
37438,1
37439,0
37440,1
37441,0
37442,1
37443,1
37444,0
37445,1
37446,1
37447,1
37448,1
37449,1
37450,0
37451,0
37452,1
37453,1
37454,0
37455,1
37456,0
37457,0
37458,1
37459,0
37460,0
37461,1
37462,0
37463,1
37464,1
37465,1
37466,1
37467,1
37468,1
37469,0
37470,0
37471,1
37472,1
37473,1
37474,1
37475,1
37476,1
37477,1
37478,0
37479,0
37480,1
37481,0
37482,1
37483,1
37484,0
37485,1
37486,0
37487,1
37488,1
37489,0
37490,0
37491,0
37492,0
37493,1
37494,1
37495,1
37496,1
37497,0
37498,1
37499,1
37500,0
37501,1
37502,0
37503,1
37504,1
37505,0
37506,1
37507,0
37508,1
37509,1
37510,1
37511,0
37512,0
37513,0
37514,0
37515,1
37516,0
37517,1
37518,0
37519,1
37520,1
37521,1
37522,1
37523,1
37524,1
37525,1
37526,1
37527,0
37528,0
37529,1
37530,1
37531,0
37532,0
37533,1
37534,1
37535,1
37536,0
37537,1
37538,0
37539,1
37540,0
37541,1
37542,0
37543,1
37544,1
37545,1
37546,1
37547,0
37548,1
37549,1
37550,0
37551,0
37552,0
37553,1
37554,1
37555,1
37556,0
37557,1
37558,0
37559,1
37560,1
37561,1
37562,0
37563,1
37564,0
37565,1
37566,0
37567,1
37568,0
37569,1
37570,1
37571,0
37572,0
37573,0
37574,1
37575,0
37576,1
37577,0
37578,1
37579,0
37580,1
37581,1
37582,1
37583,1
37584,1
37585,1
37586,1
37587,1
37588,1
37589,1
37590,0
37591,1
37592,1
37593,1
37594,1
37595,0
37596,1
37597,0
37598,0
37599,1
37600,1
37601,0
37602,1
37603,1
37604,0
37605,1
37606,0
37607,0
37608,1
37609,0
37610,1
37611,1
37612,1
37613,1
37614,1
37615,1
37616,1
37617,1
37618,1
37619,1
37620,1
37621,0
37622,1
37623,1
37624,1
37625,1
37626,0
37627,1
37628,0
37629,1
37630,0
37631,0
37632,1
37633,1
37634,1
37635,1
37636,1
37637,1
37638,1
37639,1
37640,1
37641,1
37642,1
37643,1
37644,1
37645,1
37646,1
37647,0
37648,0
37649,1
37650,0
37651,1
37652,1
37653,0
37654,1
37655,0
37656,0
37657,0
37658,0
37659,1
37660,1
37661,1
37662,0
37663,1
37664,0
37665,1
37666,0
37667,1
37668,1
37669,1
37670,1
37671,1
37672,0
37673,1
37674,1
37675,0
37676,1
37677,1
37678,1
37679,0
37680,1
37681,0
37682,1
37683,1
37684,0
37685,0
37686,1
37687,1
37688,1
37689,1
37690,1
37691,1
37692,0
37693,1
37694,1
37695,1
37696,1
37697,1
37698,0
37699,1
37700,1
37701,0
37702,1
37703,1
37704,1
37705,1
37706,0
37707,0
37708,1
37709,0
37710,1
37711,0
37712,1
37713,1
37714,0
37715,1
37716,0
37717,1
37718,0
37719,0
37720,1
37721,0
37722,1
37723,1
37724,1
37725,1
37726,1
37727,1
37728,1
37729,0
37730,0
37731,0
37732,1
37733,0
37734,1
37735,1
37736,1
37737,0
37738,1
37739,1
37740,1
37741,0
37742,0
37743,1
37744,1
37745,1
37746,1
37747,1
37748,1
37749,1
37750,1
37751,1
37752,1
37753,0
37754,0
37755,1
37756,1
37757,1
37758,1
37759,1
37760,0
37761,0
37762,1
37763,1
37764,1
37765,1
37766,1
37767,1
37768,1
37769,0
37770,1
37771,1
37772,1
37773,1
37774,0
37775,0
37776,1
37777,0
37778,1
37779,1
37780,1
37781,1
37782,1
37783,0
37784,0
37785,1
37786,1
37787,0
37788,1
37789,1
37790,0
37791,0
37792,1
37793,1
37794,0
37795,1
37796,0
37797,0
37798,1
37799,0
37800,1
37801,1
37802,1
37803,0
37804,0
37805,1
37806,0
37807,1
37808,1
37809,0
37810,0
37811,1
37812,1
37813,1
37814,0
37815,1
37816,1
37817,1
37818,1
37819,1
37820,0
37821,0
37822,0
37823,1
37824,0
37825,0
37826,1
37827,0
37828,0
37829,0
37830,1
37831,0
37832,1
37833,0
37834,0
37835,1
37836,0
37837,1
37838,1
37839,0
37840,1
37841,1
37842,1
37843,1
37844,1
37845,1
37846,1
37847,1
37848,1
37849,1
37850,1
37851,0
37852,1
37853,1
37854,0
37855,1
37856,1
37857,1
37858,0
37859,0
37860,1
37861,1
37862,1
37863,1
37864,0
37865,1
37866,0
37867,1
37868,1
37869,1
37870,0
37871,0
37872,1
37873,0
37874,1
37875,1
37876,1
37877,0
37878,1
37879,1
37880,1
37881,1
37882,1
37883,0
37884,1
37885,0
37886,0
37887,1
37888,1
37889,1
37890,0
37891,1
37892,1
37893,1
37894,0
37895,0
37896,1
37897,1
37898,1
37899,0
37900,0
37901,0
37902,1
37903,0
37904,1
37905,1
37906,0
37907,0
37908,1
37909,1
37910,0
37911,1
37912,0
37913,1
37914,1
37915,1
37916,0
37917,1
37918,1
37919,0
37920,1
37921,1
37922,1
37923,1
37924,1
37925,1
37926,0
37927,1
37928,0
37929,0
37930,0
37931,0
37932,1
37933,1
37934,0
37935,1
37936,1
37937,0
37938,1
37939,1
37940,0
37941,0
37942,1
37943,1
37944,1
37945,1
37946,1
37947,1
37948,1
37949,1
37950,1
37951,0
37952,1
37953,1
37954,0
37955,0
37956,1
37957,1
37958,1
37959,0
37960,1
37961,1
37962,1
37963,0
37964,1
37965,1
37966,1
37967,1
37968,1
37969,0
37970,1
37971,1
37972,1
37973,0
37974,1
37975,1
37976,0
37977,1
37978,1
37979,0
37980,0
37981,0
37982,1
37983,1
37984,0
37985,0
37986,1
37987,1
37988,1
37989,1
37990,0
37991,0
37992,1
37993,1
37994,1
37995,0
37996,0
37997,1
37998,0
37999,1
38000,1
38001,0
38002,1
38003,0
38004,1
38005,1
38006,1
38007,0
38008,1
38009,1
38010,1
38011,1
38012,1
38013,0
38014,1
38015,0
38016,1
38017,1
38018,1
38019,0
38020,0
38021,1
38022,1
38023,1
38024,1
38025,1
38026,0
38027,1
38028,1
38029,0
38030,1
38031,0
38032,1
38033,0
38034,0
38035,1
38036,1
38037,1
38038,1
38039,1
38040,0
38041,0
38042,0
38043,1
38044,1
38045,1
38046,0
38047,1
38048,1
38049,1
38050,0
38051,0
38052,1
38053,1
38054,0
38055,0
38056,1
38057,1
38058,1
38059,0
38060,1
38061,0
38062,1
38063,1
38064,0
38065,1
38066,1
38067,1
38068,0
38069,1
38070,1
38071,0
38072,0
38073,1
38074,0
38075,0
38076,1
38077,1
38078,1
38079,1
38080,1
38081,1
38082,1
38083,0
38084,0
38085,1
38086,1
38087,1
38088,1
38089,1
38090,1
38091,1
38092,1
38093,0
38094,1
38095,0
38096,1
38097,0
38098,0
38099,1
38100,1
38101,0
38102,0
38103,0
38104,1
38105,1
38106,0
38107,0
38108,0
38109,0
38110,1
38111,0
38112,1
38113,1
38114,1
38115,0
38116,1
38117,1
38118,1
38119,1
38120,1
38121,1
38122,0
38123,1
38124,1
38125,1
38126,0
38127,0
38128,1
38129,1
38130,1
38131,1
38132,1
38133,0
38134,0
38135,1
38136,0
38137,1
38138,0
38139,1
38140,1
38141,0
38142,1
38143,0
38144,1
38145,1
38146,1
38147,0
38148,0
38149,0
38150,1
38151,1
38152,0
38153,1
38154,0
38155,0
38156,1
38157,1
38158,1
38159,1
38160,0
38161,0
38162,0
38163,1
38164,0
38165,0
38166,0
38167,0
38168,1
38169,1
38170,0
38171,1
38172,0
38173,1
38174,1
38175,1
38176,1
38177,1
38178,1
38179,1
38180,0
38181,1
38182,1
38183,1
38184,1
38185,1
38186,0
38187,1
38188,1
38189,1
38190,0
38191,0
38192,0
38193,1
38194,1
38195,0
38196,0
38197,0
38198,1
38199,1
38200,1
38201,0
38202,1
38203,0
38204,1
38205,1
38206,1
38207,1
38208,0
38209,0
38210,1
38211,1
38212,1
38213,1
38214,0
38215,1
38216,1
38217,0
38218,0
38219,0
38220,1
38221,0
38222,1
38223,1
38224,1
38225,1
38226,1
38227,1
38228,1
38229,1
38230,1
38231,1
38232,1
38233,0
38234,0
38235,0
38236,1
38237,0
38238,0
38239,0
38240,1
38241,1
38242,0
38243,1
38244,1
38245,0
38246,1
38247,0
38248,0
38249,1
38250,0
38251,0
38252,1
38253,1
38254,0
38255,0
38256,1
38257,0
38258,1
38259,1
38260,1
38261,1
38262,1
38263,1
38264,0
38265,1
38266,1
38267,1
38268,0
38269,1
38270,0
38271,0
38272,1
38273,0
38274,1
38275,1
38276,0
38277,0
38278,0
38279,1
38280,1
38281,0
38282,0
38283,1
38284,0
38285,1
38286,1
38287,1
38288,0
38289,1
38290,1
38291,1
38292,0
38293,0
38294,0
38295,0
38296,1
38297,0
38298,1
38299,1
38300,1
38301,0
38302,1
38303,1
38304,1
38305,1
38306,1
38307,1
38308,0
38309,1
38310,1
38311,1
38312,1
38313,1
38314,0
38315,1
38316,1
38317,0
38318,1
38319,1
38320,0
38321,0
38322,1
38323,1
38324,1
38325,1
38326,1
38327,1
38328,0
38329,1
38330,1
38331,0
38332,0
38333,1
38334,1
38335,1
38336,1
38337,1
38338,1
38339,1
38340,1
38341,1
38342,0
38343,1
38344,1
38345,1
38346,1
38347,1
38348,1
38349,1
38350,1
38351,1
38352,0
38353,1
38354,1
38355,0
38356,0
38357,1
38358,0
38359,0
38360,1
38361,1
38362,1
38363,0
38364,1
38365,0
38366,1
38367,1
38368,1
38369,1
38370,1
38371,1
38372,0
38373,1
38374,1
38375,0
38376,1
38377,1
38378,1
38379,1
38380,1
38381,0
38382,0
38383,1
38384,1
38385,0
38386,1
38387,1
38388,0
38389,1
38390,1
38391,1
38392,1
38393,1
38394,1
38395,0
38396,0
38397,1
38398,1
38399,1
38400,1
38401,1
38402,0
38403,0
38404,0
38405,0
38406,0
38407,1
38408,0
38409,1
38410,0
38411,0
38412,0
38413,0
38414,1
38415,1
38416,1
38417,1
38418,1
38419,1
38420,0
38421,0
38422,0
38423,1
38424,0
38425,1
38426,0
38427,0
38428,1
38429,0
38430,0
38431,0
38432,1
38433,0
38434,1
38435,1
38436,1
38437,0
38438,1
38439,0
38440,0
38441,0
38442,1
38443,1
38444,0
38445,1
38446,1
38447,1
38448,1
38449,1
38450,0
38451,1
38452,1
38453,0
38454,1
38455,0
38456,1
38457,1
38458,1
38459,1
38460,1
38461,1
38462,1
38463,1
38464,0
38465,1
38466,1
38467,1
38468,1
38469,0
38470,1
38471,0
38472,1
38473,1
38474,0
38475,0
38476,1
38477,0
38478,1
38479,0
38480,0
38481,1
38482,1
38483,1
38484,1
38485,0
38486,1
38487,0
38488,1
38489,1
38490,1
38491,0
38492,0
38493,1
38494,1
38495,1
38496,1
38497,0
38498,1
38499,1
38500,1
38501,0
38502,1
38503,1
38504,1
38505,0
38506,1
38507,1
38508,1
38509,0
38510,1
38511,0
38512,1
38513,1
38514,1
38515,1
38516,0
38517,0
38518,0
38519,0
38520,0
38521,0
38522,0
38523,0
38524,1
38525,1
38526,1
38527,1
38528,1
38529,0
38530,1
38531,1
38532,0
38533,1
38534,1
38535,0
38536,1
38537,1
38538,1
38539,1
38540,0
38541,1
38542,1
38543,1
38544,0
38545,1
38546,0
38547,1
38548,0
38549,0
38550,1
38551,1
38552,1
38553,1
38554,0
38555,1
38556,0
38557,1
38558,0
38559,1
38560,0
38561,1
38562,0
38563,1
38564,1
38565,1
38566,0
38567,1
38568,1
38569,1
38570,1
38571,0
38572,0
38573,1
38574,1
38575,1
38576,0
38577,1
38578,1
38579,0
38580,0
38581,1
38582,0
38583,1
38584,0
38585,0
38586,1
38587,1
38588,1
38589,1
38590,0
38591,1
38592,1
38593,0
38594,1
38595,1
38596,0
38597,0
38598,0
38599,0
38600,1
38601,0
38602,1
38603,1
38604,1
38605,0
38606,0
38607,1
38608,1
38609,1
38610,1
38611,1
38612,1
38613,1
38614,0
38615,1
38616,1
38617,1
38618,1
38619,1
38620,1
38621,0
38622,1
38623,1
38624,1
38625,1
38626,0
38627,0
38628,0
38629,1
38630,1
38631,0
38632,1
38633,1
38634,1
38635,1
38636,1
38637,0
38638,1
38639,0
38640,1
38641,0
38642,0
38643,0
38644,0
38645,1
38646,1
38647,1
38648,0
38649,1
38650,1
38651,1
38652,1
38653,1
38654,0
38655,1
38656,1
38657,0
38658,1
38659,1
38660,1
38661,1
38662,0
38663,1
38664,0
38665,1
38666,1
38667,1
38668,1
38669,0
38670,1
38671,1
38672,0
38673,0
38674,1
38675,1
38676,0
38677,1
38678,1
38679,1
38680,1
38681,0
38682,1
38683,0
38684,0
38685,1
38686,0
38687,1
38688,1
38689,1
38690,1
38691,1
38692,1
38693,0
38694,1
38695,1
38696,0
38697,1
38698,0
38699,1
38700,0
38701,1
38702,1
38703,1
38704,0
38705,1
38706,0
38707,1
38708,1
38709,0
38710,1
38711,1
38712,1
38713,1
38714,1
38715,1
38716,1
38717,1
38718,0
38719,1
38720,1
38721,0
38722,1
38723,0
38724,0
38725,0
38726,1
38727,0
38728,1
38729,0
38730,0
38731,1
38732,1
38733,0
38734,1
38735,1
38736,1
38737,1
38738,0
38739,1
38740,1
38741,1
38742,1
38743,1
38744,1
38745,1
38746,0
38747,1
38748,0
38749,1
38750,1
38751,1
38752,1
38753,1
38754,0
38755,1
38756,1
38757,1
38758,1
38759,1
38760,1
38761,1
38762,1
38763,1
38764,0
38765,1
38766,0
38767,1
38768,1
38769,1
38770,1
38771,1
38772,1
38773,1
38774,1
38775,1
38776,0
38777,0
38778,1
38779,0
38780,1
38781,1
38782,1
38783,1
38784,1
38785,0
38786,1
38787,1
38788,1
38789,0
38790,1
38791,1
38792,1
38793,1
38794,1
38795,1
38796,1
38797,1
38798,1
38799,1
38800,0
38801,1
38802,1
38803,1
38804,1
38805,1
38806,0
38807,1
38808,1
38809,0
38810,0
38811,0
38812,1
38813,1
38814,1
38815,0
38816,0
38817,0
38818,1
38819,0
38820,0
38821,0
38822,1
38823,0
38824,0
38825,0
38826,1
38827,1
38828,1
38829,0
38830,1
38831,1
38832,1
38833,1
38834,0
38835,1
38836,1
38837,0
38838,0
38839,1
38840,1
38841,1
38842,1
38843,0
38844,0
38845,0
38846,1
38847,0
38848,0
38849,0
38850,0
38851,1
38852,0
38853,1
38854,0
38855,0
38856,0
38857,1
38858,1
38859,1
38860,1
38861,1
38862,0
38863,0
38864,1
38865,1
38866,0
38867,0
38868,0
38869,1
38870,1
38871,1
38872,1
38873,0
38874,1
38875,1
38876,0
38877,0
38878,1
38879,0
38880,1
38881,1
38882,0
38883,0
38884,1
38885,1
38886,1
38887,1
38888,1
38889,0
38890,0
38891,1
38892,0
38893,1
38894,1
38895,1
38896,1
38897,1
38898,0
38899,1
38900,0
38901,1
38902,1
38903,1
38904,1
38905,1
38906,1
38907,1
38908,1
38909,1
38910,1
38911,1
38912,0
38913,1
38914,1
38915,1
38916,0
38917,1
38918,1
38919,1
38920,1
38921,1
38922,0
38923,1
38924,1
38925,1
38926,0
38927,1
38928,0
38929,0
38930,1
38931,0
38932,1
38933,0
38934,1
38935,1
38936,1
38937,0
38938,1
38939,1
38940,1
38941,1
38942,0
38943,0
38944,0
38945,0
38946,1
38947,1
38948,0
38949,1
38950,0
38951,1
38952,0
38953,1
38954,0
38955,1
38956,0
38957,1
38958,1
38959,1
38960,0
38961,0
38962,1
38963,1
38964,1
38965,1
38966,1
38967,0
38968,1
38969,1
38970,1
38971,1
38972,0
38973,1
38974,0
38975,0
38976,1
38977,0
38978,1
38979,0
38980,1
38981,1
38982,0
38983,0
38984,0
38985,1
38986,0
38987,1
38988,1
38989,0
38990,1
38991,1
38992,0
38993,1
38994,1
38995,0
38996,1
38997,1
38998,1
38999,1
39000,1
39001,1
39002,1
39003,0
39004,0
39005,1
39006,1
39007,1
39008,0
39009,1
39010,0
39011,0
39012,1
39013,1
39014,1
39015,1
39016,1
39017,1
39018,1
39019,1
39020,0
39021,0
39022,1
39023,1
39024,1
39025,1
39026,1
39027,1
39028,1
39029,1
39030,0
39031,1
39032,1
39033,1
39034,1
39035,1
39036,0
39037,0
39038,1
39039,1
39040,0
39041,1
39042,1
39043,0
39044,1
39045,1
39046,1
39047,0
39048,0
39049,0
39050,1
39051,1
39052,0
39053,1
39054,0
39055,1
39056,1
39057,1
39058,1
39059,1
39060,0
39061,0
39062,0
39063,0
39064,0
39065,1
39066,1
39067,0
39068,1
39069,0
39070,0
39071,1
39072,1
39073,1
39074,0
39075,0
39076,0
39077,1
39078,1
39079,0
39080,1
39081,1
39082,1
39083,0
39084,1
39085,1
39086,1
39087,1
39088,1
39089,1
39090,1
39091,0
39092,1
39093,1
39094,1
39095,1
39096,1
39097,1
39098,1
39099,1
39100,0
39101,0
39102,0
39103,1
39104,1
39105,1
39106,0
39107,1
39108,0
39109,1
39110,1
39111,0
39112,0
39113,1
39114,1
39115,0
39116,1
39117,1
39118,0
39119,1
39120,0
39121,1
39122,1
39123,1
39124,1
39125,1
39126,1
39127,1
39128,1
39129,0
39130,1
39131,0
39132,1
39133,1
39134,1
39135,1
39136,1
39137,0
39138,0
39139,1
39140,1
39141,1
39142,1
39143,1
39144,0
39145,0
39146,0
39147,1
39148,0
39149,1
39150,0
39151,1
39152,0
39153,1
39154,1
39155,1
39156,1
39157,1
39158,0
39159,0
39160,0
39161,1
39162,1
39163,1
39164,1
39165,1
39166,1
39167,0
39168,1
39169,1
39170,1
39171,1
39172,0
39173,0
39174,0
39175,1
39176,1
39177,0
39178,1
39179,0
39180,0
39181,1
39182,1
39183,0
39184,1
39185,1
39186,1
39187,1
39188,0
39189,0
39190,0
39191,1
39192,0
39193,1
39194,0
39195,0
39196,0
39197,1
39198,0
39199,1
39200,0
39201,0
39202,1
39203,1
39204,0
39205,1
39206,1
39207,1
39208,0
39209,1
39210,0
39211,0
39212,0
39213,1
39214,1
39215,1
39216,1
39217,0
39218,1
39219,1
39220,0
39221,1
39222,1
39223,1
39224,1
39225,0
39226,1
39227,0
39228,1
39229,0
39230,1
39231,1
39232,1
39233,1
39234,1
39235,0
39236,1
39237,1
39238,1
39239,1
39240,1
39241,0
39242,1
39243,0
39244,0
39245,1
39246,1
39247,1
39248,1
39249,1
39250,1
39251,0
39252,0
39253,0
39254,0
39255,1
39256,1
39257,0
39258,1
39259,1
39260,1
39261,0
39262,0
39263,0
39264,0
39265,1
39266,1
39267,0
39268,0
39269,0
39270,1
39271,0
39272,1
39273,1
39274,1
39275,0
39276,1
39277,1
39278,0
39279,1
39280,1
39281,1
39282,1
39283,1
39284,1
39285,0
39286,1
39287,1
39288,1
39289,1
39290,1
39291,0
39292,1
39293,0
39294,1
39295,1
39296,1
39297,1
39298,0
39299,0
39300,1
39301,0
39302,1
39303,1
39304,1
39305,0
39306,1
39307,1
39308,1
39309,1
39310,0
39311,0
39312,0
39313,1
39314,1
39315,1
39316,1
39317,0
39318,0
39319,1
39320,0
39321,0
39322,1
39323,1
39324,1
39325,1
39326,0
39327,0
39328,0
39329,0
39330,1
39331,1
39332,1
39333,1
39334,1
39335,0
39336,1
39337,1
39338,0
39339,1
39340,1
39341,1
39342,1
39343,1
39344,1
39345,1
39346,1
39347,1
39348,1
39349,1
39350,1
39351,0
39352,0
39353,1
39354,1
39355,0
39356,1
39357,1
39358,0
39359,0
39360,1
39361,0
39362,1
39363,0
39364,1
39365,0
39366,1
39367,1
39368,1
39369,1
39370,1
39371,1
39372,1
39373,1
39374,0
39375,1
39376,1
39377,0
39378,0
39379,0
39380,1
39381,1
39382,1
39383,1
39384,1
39385,1
39386,0
39387,0
39388,0
39389,0
39390,0
39391,1
39392,0
39393,1
39394,1
39395,1
39396,1
39397,1
39398,1
39399,0
39400,0
39401,1
39402,0
39403,0
39404,1
39405,1
39406,1
39407,1
39408,1
39409,0
39410,1
39411,1
39412,0
39413,0
39414,1
39415,1
39416,1
39417,1
39418,0
39419,1
39420,0
39421,0
39422,0
39423,0
39424,0
39425,1
39426,0
39427,1
39428,1
39429,1
39430,1
39431,0
39432,1
39433,0
39434,0
39435,0
39436,1
39437,1
39438,1
39439,0
39440,1
39441,1
39442,1
39443,0
39444,1
39445,1
39446,1
39447,0
39448,1
39449,0
39450,1
39451,0
39452,1
39453,1
39454,1
39455,1
39456,1
39457,1
39458,1
39459,0
39460,0
39461,0
39462,1
39463,0
39464,0
39465,0
39466,0
39467,0
39468,0
39469,1
39470,1
39471,1
39472,0
39473,1
39474,1
39475,1
39476,1
39477,0
39478,0
39479,0
39480,1
39481,1
39482,1
39483,0
39484,1
39485,0
39486,1
39487,1
39488,1
39489,1
39490,1
39491,0
39492,1
39493,0
39494,1
39495,0
39496,0
39497,1
39498,1
39499,0
39500,0
39501,1
39502,1
39503,0
39504,1
39505,1
39506,0
39507,1
39508,0
39509,1
39510,1
39511,1
39512,1
39513,1
39514,1
39515,0
39516,0
39517,1
39518,1
39519,0
39520,1
39521,0
39522,0
39523,1
39524,1
39525,1
39526,1
39527,1
39528,1
39529,0
39530,0
39531,1
39532,1
39533,1
39534,0
39535,1
39536,0
39537,0
39538,1
39539,1
39540,1
39541,1
39542,1
39543,1
39544,1
39545,1
39546,0
39547,0
39548,0
39549,1
39550,1
39551,1
39552,0
39553,0
39554,1
39555,0
39556,0
39557,0
39558,0
39559,1
39560,0
39561,1
39562,0
39563,1
39564,1
39565,0
39566,0
39567,1
39568,1
39569,1
39570,1
39571,0
39572,1
39573,1
39574,1
39575,0
39576,1
39577,0
39578,1
39579,1
39580,0
39581,0
39582,1
39583,1
39584,1
39585,1
39586,0
39587,0
39588,1
39589,0
39590,1
39591,1
39592,1
39593,1
39594,1
39595,1
39596,1
39597,1
39598,0
39599,0
39600,0
39601,0
39602,1
39603,1
39604,1
39605,0
39606,1
39607,1
39608,1
39609,1
39610,1
39611,0
39612,1
39613,0
39614,1
39615,0
39616,1
39617,0
39618,0
39619,1
39620,1
39621,1
39622,1
39623,1
39624,1
39625,1
39626,1
39627,0
39628,1
39629,1
39630,1
39631,1
39632,0
39633,0
39634,0
39635,1
39636,1
39637,1
39638,0
39639,0
39640,0
39641,1
39642,0
39643,1
39644,1
39645,0
39646,0
39647,1
39648,0
39649,1
39650,1
39651,1
39652,1
39653,1
39654,1
39655,0
39656,1
39657,1
39658,0
39659,1
39660,1
39661,1
39662,1
39663,1
39664,1
39665,1
39666,1
39667,1
39668,0
39669,0
39670,0
39671,1
39672,1
39673,1
39674,1
39675,1
39676,1
39677,1
39678,1
39679,0
39680,1
39681,0
39682,1
39683,1
39684,1
39685,0
39686,1
39687,1
39688,1
39689,0
39690,1
39691,0
39692,0
39693,1
39694,1
39695,0
39696,1
39697,1
39698,1
39699,0
39700,1
39701,1
39702,1
39703,0
39704,1
39705,1
39706,0
39707,0
39708,1
39709,1
39710,0
39711,0
39712,0
39713,0
39714,1
39715,1
39716,1
39717,0
39718,1
39719,1
39720,1
39721,0
39722,1
39723,1
39724,1
39725,1
39726,1
39727,0
39728,1
39729,0
39730,1
39731,1
39732,0
39733,1
39734,0
39735,1
39736,1
39737,1
39738,1
39739,0
39740,1
39741,1
39742,0
39743,1
39744,1
39745,0
39746,1
39747,1
39748,1
39749,1
39750,0
39751,1
39752,1
39753,0
39754,1
39755,1
39756,1
39757,1
39758,1
39759,1
39760,1
39761,0
39762,0
39763,1
39764,0
39765,1
39766,1
39767,1
39768,1
39769,0
39770,1
39771,1
39772,1
39773,1
39774,0
39775,1
39776,1
39777,0
39778,0
39779,1
39780,1
39781,1
39782,0
39783,1
39784,0
39785,1
39786,1
39787,1
39788,1
39789,0
39790,0
39791,1
39792,1
39793,0
39794,0
39795,1
39796,1
39797,0
39798,1
39799,0
39800,0
39801,1
39802,1
39803,0
39804,1
39805,1
39806,1
39807,1
39808,0
39809,0
39810,0
39811,0
39812,0
39813,0
39814,1
39815,1
39816,0
39817,0
39818,1
39819,0
39820,0
39821,1
39822,1
39823,1
39824,1
39825,1
39826,1
39827,1
39828,0
39829,1
39830,1
39831,0
39832,0
39833,0
39834,0
39835,0
39836,0
39837,0
39838,1
39839,1
39840,0
39841,0
39842,0
39843,1
39844,1
39845,1
39846,0
39847,1
39848,0
39849,1
39850,0
39851,1
39852,1
39853,1
39854,1
39855,1
39856,0
39857,0
39858,0
39859,1
39860,1
39861,1
39862,1
39863,1
39864,0
39865,0
39866,1
39867,1
39868,1
39869,1
39870,1
39871,1
39872,1
39873,0
39874,0
39875,1
39876,0
39877,1
39878,0
39879,1
39880,1
39881,1
39882,1
39883,1
39884,1
39885,1
39886,1
39887,0
39888,1
39889,1
39890,1
39891,1
39892,1
39893,1
39894,0
39895,1
39896,1
39897,1
39898,0
39899,0
39900,1
39901,1
39902,1
39903,0
39904,1
39905,1
39906,0
39907,1
39908,1
39909,1
39910,1
39911,1
39912,1
39913,0
39914,1
39915,1
39916,1
39917,1
39918,1
39919,0
39920,1
39921,1
39922,0
39923,0
39924,0
39925,1
39926,1
39927,1
39928,1
39929,0
39930,0
39931,0
39932,0
39933,1
39934,1
39935,1
39936,0
39937,0
39938,0
39939,1
39940,1
39941,1
39942,0
39943,0
39944,0
39945,1
39946,1
39947,1
39948,1
39949,0
39950,0
39951,1
39952,0
39953,0
39954,1
39955,0
39956,1
39957,0
39958,1
39959,1
39960,0
39961,1
39962,1
39963,1
39964,1
39965,1
39966,1
39967,0
39968,1
39969,0
39970,0
39971,1
39972,0
39973,0
39974,1
39975,1
39976,1
39977,1
39978,0
39979,0
39980,1
39981,1
39982,1
39983,1
39984,0
39985,1
39986,1
39987,1
39988,0
39989,1
39990,0
39991,1
39992,0
39993,1
39994,1
39995,1
39996,1
39997,1
39998,1
39999,1
40000,1
40001,1
40002,1
40003,1
40004,0
40005,0
40006,1
40007,0
40008,0
40009,1
40010,0
40011,1
40012,1
40013,1
40014,0
40015,1
40016,1
40017,0
40018,0
40019,1
40020,0
40021,0
40022,1
40023,1
40024,0
40025,1
40026,1
40027,1
40028,0
40029,1
40030,0
40031,0
40032,0
40033,1
40034,1
40035,0
40036,1
40037,1
40038,1
40039,1
40040,1
40041,1
40042,1
40043,0
40044,1
40045,1
40046,0
40047,1
40048,1
40049,1
40050,0
40051,1
40052,1
40053,1
40054,1
40055,1
40056,0
40057,1
40058,1
40059,1
40060,1
40061,1
40062,1
40063,0
40064,1
40065,1
40066,1
40067,0
40068,1
40069,0
40070,1
40071,0
40072,0
40073,0
40074,0
40075,1
40076,1
40077,0
40078,0
40079,0
40080,0
40081,0
40082,0
40083,1
40084,1
40085,1
40086,1
40087,0
40088,1
40089,1
40090,1
40091,1
40092,1
40093,1
40094,1
40095,0
40096,0
40097,1
40098,1
40099,0
40100,1
40101,1
40102,1
40103,1
40104,1
40105,0
40106,1
40107,1
40108,1
40109,1
40110,0
40111,0
40112,1
40113,0
40114,0
40115,1
40116,0
40117,1
40118,0
40119,0
40120,1
40121,1
40122,0
40123,1
40124,1
40125,0
40126,0
40127,1
40128,0
40129,1
40130,1
40131,1
40132,1
40133,1
40134,1
40135,1
40136,1
40137,1
40138,1
40139,1
40140,1
40141,1
40142,0
40143,1
40144,1
40145,0
40146,0
40147,0
40148,0
40149,0
40150,1
40151,1
40152,0
40153,1
40154,1
40155,0
40156,1
40157,0
40158,1
40159,0
40160,1
40161,0
40162,1
40163,1
40164,0
40165,1
40166,1
40167,1
40168,0
40169,1
40170,0
40171,0
40172,0
40173,1
40174,1
40175,1
40176,0
40177,1
40178,0
40179,0
40180,1
40181,1
40182,0
40183,0
40184,1
40185,1
40186,1
40187,0
40188,1
40189,1
40190,0
40191,1
40192,1
40193,1
40194,1
40195,0
40196,0
40197,0
40198,1
40199,0
40200,0
40201,1
40202,1
40203,1
40204,0
40205,1
40206,0
40207,0
40208,0
40209,1
40210,1
40211,1
40212,1
40213,0
40214,1
40215,0
40216,1
40217,1
40218,0
40219,1
40220,1
40221,1
40222,1
40223,1
40224,1
40225,1
40226,0
40227,1
40228,0
40229,1
40230,1
40231,1
40232,0
40233,1
40234,1
40235,1
40236,0
40237,1
40238,0
40239,0
40240,0
40241,1
40242,1
40243,0
40244,1
40245,1
40246,0
40247,1
40248,1
40249,1
40250,0
40251,1
40252,1
40253,1
40254,1
40255,1
40256,1
40257,0
40258,1
40259,1
40260,0
40261,0
40262,1
40263,1
40264,0
40265,1
40266,1
40267,0
40268,0
40269,1
40270,1
40271,0
40272,1
40273,1
40274,0
40275,1
40276,0
40277,0
40278,1
40279,1
40280,1
40281,0
40282,1
40283,1
40284,1
40285,1
40286,1
40287,1
40288,0
40289,0
40290,1
40291,1
40292,1
40293,1
40294,1
40295,1
40296,1
40297,1
40298,1
40299,1
40300,0
40301,0
40302,0
40303,0
40304,1
40305,1
40306,1
40307,0
40308,1
40309,1
40310,0
40311,1
40312,0
40313,1
40314,1
40315,1
40316,1
40317,1
40318,1
40319,1
40320,1
40321,0
40322,1
40323,1
40324,1
40325,1
40326,0
40327,1
40328,1
40329,1
40330,0
40331,1
40332,1
40333,1
40334,0
40335,0
40336,1
40337,1
40338,1
40339,1
40340,1
40341,0
40342,0
40343,1
40344,1
40345,1
40346,1
40347,0
40348,1
40349,1
40350,1
40351,0
40352,1
40353,1
40354,0
40355,1
40356,1
40357,0
40358,0
40359,1
40360,1
40361,1
40362,0
40363,1
40364,1
40365,0
40366,0
40367,1
40368,1
40369,0
40370,1
40371,0
40372,1
40373,1
40374,1
40375,1
40376,1
40377,0
40378,0
40379,1
40380,0
40381,0
40382,0
40383,1
40384,1
40385,1
40386,1
40387,0
40388,0
40389,1
40390,1
40391,1
40392,0
40393,1
40394,1
40395,0
40396,0
40397,0
40398,1
40399,0
40400,0
40401,1
40402,1
40403,1
40404,1
40405,0
40406,1
40407,1
40408,0
40409,1
40410,1
40411,0
40412,0
40413,1
40414,0
40415,1
40416,1
40417,1
40418,0
40419,1
40420,1
40421,1
40422,0
40423,1
40424,1
40425,0
40426,1
40427,1
40428,0
40429,1
40430,1
40431,0
40432,1
40433,0
40434,1
40435,1
40436,1
40437,1
40438,1
40439,1
40440,0
40441,0
40442,1
40443,0
40444,1
40445,1
40446,0
40447,1
40448,0
40449,1
40450,1
40451,0
40452,1
40453,1
40454,1
40455,0
40456,1
40457,1
40458,1
40459,1
40460,1
40461,1
40462,1
40463,0
40464,1
40465,1
40466,0
40467,0
40468,1
40469,1
40470,1
40471,0
40472,1
40473,1
40474,1
40475,1
40476,1
40477,0
40478,1
40479,0
40480,1
40481,1
40482,1
40483,1
40484,1
40485,0
40486,1
40487,1
40488,1
40489,1
40490,1
40491,0
40492,1
40493,1
40494,1
40495,0
40496,0
40497,0
40498,1
40499,1
40500,0
40501,1
40502,1
40503,0
40504,1
40505,0
40506,1
40507,1
40508,1
40509,1
40510,0
40511,0
40512,1
40513,1
40514,1
40515,1
40516,1
40517,1
40518,1
40519,0
40520,0
40521,0
40522,1
40523,0
40524,0
40525,1
40526,1
40527,0
40528,0
40529,0
40530,1
40531,0
40532,1
40533,0
40534,1
40535,0
40536,1
40537,1
40538,1
40539,1
40540,1
40541,1
40542,1
40543,1
40544,0
40545,1
40546,1
40547,1
40548,1
40549,0
40550,1
40551,1
40552,0
40553,1
40554,1
40555,1
40556,1
40557,1
40558,1
40559,1
40560,1
40561,0
40562,0
40563,1
40564,0
40565,0
40566,0
40567,0
40568,1
40569,1
40570,1
40571,1
40572,0
40573,1
40574,0
40575,1
40576,1
40577,1
40578,1
40579,1
40580,0
40581,1
40582,1
40583,1
40584,0
40585,1
40586,1
40587,1
40588,1
40589,0
40590,1
40591,1
40592,1
40593,1
40594,0
40595,0
40596,1
40597,0
40598,1
40599,0
40600,1
40601,0
40602,1
40603,1
40604,0
40605,1
40606,1
40607,0
40608,0
40609,1
40610,0
40611,1
40612,0
40613,1
40614,1
40615,0
40616,0
40617,1
40618,1
40619,1
40620,0
40621,1
40622,1
40623,1
40624,1
40625,1
40626,0
40627,1
40628,1
40629,1
40630,1
40631,0
40632,1
40633,1
40634,1
40635,1
40636,0
40637,1
40638,0
40639,0
40640,1
40641,1
40642,0
40643,1
40644,1
40645,1
40646,0
40647,0
40648,1
40649,0
40650,1
40651,0
40652,1
40653,0
40654,1
40655,0
40656,0
40657,1
40658,1
40659,1
40660,1
40661,1
40662,0
40663,0
40664,0
40665,1
40666,0
40667,1
40668,1
40669,1
40670,0
40671,1
40672,1
40673,1
40674,0
40675,1
40676,1
40677,1
40678,1
40679,1
40680,1
40681,1
40682,0
40683,0
40684,1
40685,1
40686,1
40687,0
40688,0
40689,0
40690,1
40691,1
40692,0
40693,1
40694,1
40695,1
40696,1
40697,1
40698,1
40699,0
40700,1
40701,1
40702,0
40703,1
40704,0
40705,0
40706,1
40707,1
40708,0
40709,0
40710,1
40711,1
40712,1
40713,0
40714,1
40715,1
40716,1
40717,1
40718,1
40719,0
40720,1
40721,1
40722,0
40723,1
40724,1
40725,1
40726,1
40727,1
40728,0
40729,1
40730,0
40731,1
40732,0
40733,0
40734,1
40735,1
40736,0
40737,1
40738,1
40739,0
40740,0
40741,1
40742,1
40743,0
40744,0
40745,1
40746,1
40747,1
40748,1
40749,0
40750,1
40751,1
40752,0
40753,0
40754,1
40755,0
40756,0
40757,1
40758,0
40759,0
40760,1
40761,0
40762,1
40763,1
40764,0
40765,1
40766,1
40767,0
40768,1
40769,0
40770,1
40771,1
40772,0
40773,0
40774,0
40775,0
40776,1
40777,1
40778,1
40779,0
40780,0
40781,1
40782,1
40783,0
40784,0
40785,1
40786,1
40787,0
40788,1
40789,1
40790,0
40791,1
40792,0
40793,0
40794,1
40795,1
40796,1
40797,0
40798,0
40799,0
40800,1
40801,0
40802,1
40803,0
40804,1
40805,1
40806,0
40807,1
40808,1
40809,0
40810,1
40811,0
40812,1
40813,1
40814,0
40815,0
40816,1
40817,0
40818,1
40819,1
40820,0
40821,1
40822,1
40823,1
40824,1
40825,1
40826,1
40827,1
40828,1
40829,1
40830,1
40831,1
40832,1
40833,1
40834,1
40835,0
40836,0
40837,0
40838,1
40839,1
40840,1
40841,1
40842,1
40843,1
40844,1
40845,1
40846,1
40847,1
40848,1
40849,1
40850,0
40851,0
40852,1
40853,1
40854,1
40855,1
40856,0
40857,1
40858,0
40859,1
40860,1
40861,1
40862,1
40863,1
40864,1
40865,1
40866,1
40867,1
40868,1
40869,0
40870,1
40871,1
40872,1
40873,1
40874,0
40875,0
40876,1
40877,1
40878,1
40879,1
40880,0
40881,0
40882,0
40883,1
40884,0
40885,0
40886,1
40887,1
40888,1
40889,1
40890,0
40891,0
40892,1
40893,1
40894,1
40895,0
40896,0
40897,0
40898,1
40899,1
40900,1
40901,1
40902,0
40903,1
40904,1
40905,1
40906,1
40907,0
40908,1
40909,1
40910,1
40911,1
40912,1
40913,1
40914,0
40915,1
40916,0
40917,1
40918,0
40919,1
40920,1
40921,1
40922,0
40923,0
40924,1
40925,0
40926,1
40927,0
40928,1
40929,1
40930,1
40931,1
40932,1
40933,1
40934,0
40935,1
40936,1
40937,1
40938,0
40939,1
40940,0
40941,0
40942,0
40943,0
40944,1
40945,0
40946,1
40947,0
40948,1
40949,0
40950,1
40951,1
40952,1
40953,1
40954,1
40955,1
40956,0
40957,0
40958,1
40959,0
40960,1
40961,0
40962,1
40963,1
40964,1
40965,0
40966,1
40967,1
40968,0
40969,1
40970,1
40971,1
40972,0
40973,0
40974,1
40975,0
40976,1
40977,0
40978,1
40979,1
40980,0
40981,0
40982,1
40983,0
40984,1
40985,1
40986,1
40987,1
40988,1
40989,1
40990,0
40991,0
40992,0
40993,0
40994,0
40995,1
40996,1
40997,1
40998,1
40999,0
41000,0
41001,0
41002,0
41003,0
41004,1
41005,1
41006,0
41007,1
41008,0
41009,1
41010,1
41011,0
41012,0
41013,1
41014,1
41015,0
41016,1
41017,1
41018,1
41019,0
41020,1
41021,1
41022,1
41023,1
41024,0
41025,1
41026,0
41027,1
41028,1
41029,1
41030,1
41031,1
41032,1
41033,1
41034,1
41035,0
41036,0
41037,1
41038,1
41039,0
41040,1
41041,1
41042,0
41043,1
41044,0
41045,0
41046,1
41047,0
41048,1
41049,1
41050,0
41051,1
41052,1
41053,0
41054,1
41055,1
41056,1
41057,0
41058,0
41059,1
41060,1
41061,1
41062,1
41063,0
41064,0
41065,1
41066,0
41067,1
41068,1
41069,0
41070,1
41071,1
41072,1
41073,1
41074,1
41075,1
41076,1
41077,0
41078,1
41079,1
41080,1
41081,1
41082,1
41083,0
41084,0
41085,0
41086,0
41087,0
41088,1
41089,0
41090,1
41091,0
41092,1
41093,1
41094,0
41095,1
41096,1
41097,1
41098,0
41099,0
41100,0
41101,1
41102,1
41103,1
41104,1
41105,1
41106,1
41107,0
41108,1
41109,0
41110,0
41111,1
41112,1
41113,1
41114,0
41115,0
41116,0
41117,1
41118,1
41119,1
41120,1
41121,1
41122,0
41123,0
41124,1
41125,1
41126,1
41127,1
41128,0
41129,1
41130,1
41131,1
41132,1
41133,1
41134,0
41135,1
41136,1
41137,1
41138,1
41139,0
41140,1
41141,0
41142,0
41143,1
41144,0
41145,0
41146,1
41147,1
41148,0
41149,1
41150,1
41151,1
41152,0
41153,0
41154,0
41155,0
41156,0
41157,1
41158,0
41159,0
41160,1
41161,1
41162,1
41163,0
41164,1
41165,1
41166,0
41167,1
41168,0
41169,0
41170,0
41171,1
41172,0
41173,0
41174,1
41175,0
41176,1
41177,0
41178,1
41179,1
41180,0
41181,1
41182,0
41183,0
41184,0
41185,1
41186,0
41187,1
41188,0
41189,0
41190,1
41191,1
41192,1
41193,1
41194,1
41195,1
41196,0
41197,1
41198,1
41199,0
41200,1
41201,1
41202,0
41203,1
41204,0
41205,0
41206,1
41207,1
41208,0
41209,1
41210,1
41211,1
41212,1
41213,1
41214,1
41215,1
41216,0
41217,1
41218,1
41219,1
41220,0
41221,1
41222,1
41223,0
41224,0
41225,1
41226,1
41227,1
41228,1
41229,1
41230,0
41231,1
41232,0
41233,0
41234,0
41235,0
41236,1
41237,1
41238,1
41239,1
41240,1
41241,0
41242,1
41243,1
41244,1
41245,0
41246,1
41247,1
41248,1
41249,0
41250,1
41251,1
41252,1
41253,0
41254,1
41255,1
41256,1
41257,0
41258,1
41259,1
41260,1
41261,1
41262,1
41263,1
41264,0
41265,1
41266,0
41267,1
41268,0
41269,1
41270,1
41271,1
41272,1
41273,1
41274,1
41275,1
41276,0
41277,1
41278,1
41279,1
41280,0
41281,0
41282,1
41283,1
41284,1
41285,0
41286,0
41287,0
41288,1
41289,1
41290,1
41291,0
41292,1
41293,1
41294,1
41295,0
41296,1
41297,1
41298,1
41299,1
41300,1
41301,1
41302,0
41303,1
41304,0
41305,1
41306,1
41307,1
41308,0
41309,0
41310,0
41311,1
41312,1
41313,0
41314,0
41315,1
41316,1
41317,1
41318,0
41319,0
41320,0
41321,0
41322,0
41323,0
41324,1
41325,1
41326,0
41327,0
41328,0
41329,0
41330,1
41331,0
41332,0
41333,1
41334,0
41335,0
41336,1
41337,1
41338,1
41339,0
41340,0
41341,1
41342,1
41343,1
41344,0
41345,0
41346,1
41347,1
41348,0
41349,1
41350,1
41351,1
41352,0
41353,1
41354,1
41355,0
41356,1
41357,1
41358,0
41359,1
41360,0
41361,1
41362,0
41363,0
41364,1
41365,1
41366,0
41367,1
41368,1
41369,1
41370,0
41371,0
41372,1
41373,0
41374,1
41375,1
41376,1
41377,1
41378,1
41379,1
41380,0
41381,1
41382,0
41383,1
41384,0
41385,1
41386,1
41387,0
41388,0
41389,0
41390,1
41391,1
41392,1
41393,1
41394,0
41395,0
41396,0
41397,0
41398,1
41399,1
41400,1
41401,1
41402,1
41403,0
41404,0
41405,1
41406,1
41407,0
41408,1
41409,0
41410,1
41411,1
41412,0
41413,1
41414,1
41415,1
41416,0
41417,1
41418,1
41419,1
41420,1
41421,1
41422,1
41423,0
41424,0
41425,1
41426,1
41427,1
41428,0
41429,1
41430,1
41431,0
41432,1
41433,1
41434,1
41435,1
41436,1
41437,1
41438,0
41439,1
41440,1
41441,0
41442,0
41443,0
41444,1
41445,1
41446,0
41447,1
41448,1
41449,0
41450,1
41451,0
41452,1
41453,1
41454,1
41455,1
41456,0
41457,0
41458,1
41459,0
41460,1
41461,1
41462,1
41463,1
41464,1
41465,1
41466,1
41467,1
41468,0
41469,0
41470,1
41471,0
41472,1
41473,0
41474,1
41475,1
41476,1
41477,1
41478,0
41479,0
41480,1
41481,1
41482,1
41483,1
41484,0
41485,1
41486,0
41487,1
41488,1
41489,0
41490,0
41491,0
41492,1
41493,1
41494,1
41495,1
41496,1
41497,1
41498,0
41499,0
41500,1
41501,0
41502,1
41503,0
41504,1
41505,0
41506,0
41507,0
41508,1
41509,1
41510,0
41511,1
41512,0
41513,1
41514,1
41515,1
41516,0
41517,1
41518,0
41519,0
41520,1
41521,1
41522,0
41523,1
41524,1
41525,1
41526,1
41527,1
41528,0
41529,0
41530,0
41531,0
41532,1
41533,1
41534,0
41535,1
41536,0
41537,1
41538,1
41539,1
41540,0
41541,1
41542,1
41543,1
41544,0
41545,1
41546,1
41547,1
41548,0
41549,1
41550,1
41551,1
41552,1
41553,1
41554,0
41555,0
41556,1
41557,0
41558,1
41559,0
41560,1
41561,1
41562,1
41563,0
41564,1
41565,1
41566,0
41567,0
41568,1
41569,1
41570,1
41571,1
41572,1
41573,1
41574,1
41575,1
41576,1
41577,1
41578,1
41579,1
41580,0
41581,1
41582,1
41583,1
41584,1
41585,1
41586,1
41587,0
41588,1
41589,1
41590,1
41591,1
41592,1
41593,1
41594,0
41595,1
41596,1
41597,0
41598,1
41599,0
41600,1
41601,1
41602,1
41603,1
41604,1
41605,0
41606,1
41607,0
41608,1
41609,1
41610,0
41611,1
41612,1
41613,0
41614,1
41615,1
41616,1
41617,1
41618,1
41619,1
41620,1
41621,1
41622,0
41623,0
41624,0
41625,0
41626,1
41627,1
41628,1
41629,1
41630,1
41631,1
41632,1
41633,0
41634,1
41635,1
41636,1
41637,0
41638,1
41639,1
41640,1
41641,1
41642,1
41643,1
41644,1
41645,0
41646,1
41647,1
41648,1
41649,1
41650,1
41651,0
41652,0
41653,1
41654,1
41655,0
41656,1
41657,1
41658,0
41659,0
41660,0
41661,1
41662,1
41663,1
41664,1
41665,0
41666,0
41667,1
41668,1
41669,1
41670,0
41671,1
41672,0
41673,1
41674,1
41675,1
41676,0
41677,1
41678,1
41679,1
41680,1
41681,1
41682,1
41683,0
41684,1
41685,0
41686,1
41687,0
41688,0
41689,1
41690,0
41691,0
41692,1
41693,0
41694,1
41695,0
41696,1
41697,1
41698,1
41699,0
41700,1
41701,1
41702,0
41703,0
41704,1
41705,1
41706,1
41707,0
41708,0
41709,1
41710,0
41711,0
41712,1
41713,0
41714,0
41715,1
41716,1
41717,1
41718,1
41719,1
41720,0
41721,0
41722,0
41723,0
41724,0
41725,1
41726,0
41727,1
41728,0
41729,1
41730,1
41731,1
41732,0
41733,1
41734,1
41735,1
41736,0
41737,0
41738,1
41739,1
41740,1
41741,0
41742,1
41743,1
41744,0
41745,1
41746,1
41747,1
41748,1
41749,1
41750,0
41751,1
41752,1
41753,0
41754,0
41755,1
41756,1
41757,1
41758,1
41759,1
41760,1
41761,1
41762,1
41763,1
41764,0
41765,1
41766,1
41767,1
41768,1
41769,1
41770,1
41771,0
41772,0
41773,1
41774,1
41775,1
41776,0
41777,1
41778,0
41779,1
41780,0
41781,1
41782,1
41783,0
41784,0
41785,0
41786,0
41787,0
41788,1
41789,0
41790,1
41791,1
41792,1
41793,1
41794,1
41795,1
41796,0
41797,1
41798,1
41799,0
41800,0
41801,1
41802,1
41803,1
41804,1
41805,1
41806,0
41807,1
41808,1
41809,1
41810,0
41811,0
41812,0
41813,1
41814,0
41815,1
41816,0
41817,1
41818,1
41819,1
41820,1
41821,0
41822,1
41823,1
41824,1
41825,1
41826,1
41827,1
41828,0
41829,0
41830,1
41831,1
41832,1
41833,1
41834,0
41835,1
41836,0
41837,1
41838,1
41839,1
41840,0
41841,1
41842,1
41843,1
41844,1
41845,1
41846,0
41847,0
41848,0
41849,0
41850,0
41851,1
41852,0
41853,0
41854,1
41855,1
41856,1
41857,1
41858,1
41859,0
41860,1
41861,0
41862,1
41863,1
41864,1
41865,1
41866,1
41867,1
41868,0
41869,1
41870,0
41871,0
41872,1
41873,0
41874,1
41875,1
41876,1
41877,1
41878,1
41879,0
41880,1
41881,1
41882,0
41883,1
41884,1
41885,1
41886,0
41887,1
41888,0
41889,1
41890,1
41891,1
41892,1
41893,1
41894,1
41895,1
41896,1
41897,1
41898,1
41899,0
41900,0
41901,1
41902,1
41903,1
41904,1
41905,0
41906,0
41907,1
41908,0
41909,1
41910,1
41911,1
41912,1
41913,1
41914,0
41915,0
41916,0
41917,1
41918,1
41919,1
41920,0
41921,1
41922,0
41923,0
41924,0
41925,0
41926,1
41927,1
41928,0
41929,0
41930,1
41931,0
41932,1
41933,1
41934,1
41935,0
41936,1
41937,0
41938,1
41939,0
41940,1
41941,1
41942,1
41943,0
41944,1
41945,0
41946,1
41947,0
41948,1
41949,1
41950,1
41951,0
41952,1
41953,1
41954,1
41955,1
41956,1
41957,0
41958,1
41959,1
41960,0
41961,1
41962,1
41963,1
41964,1
41965,0
41966,0
41967,0
41968,1
41969,1
41970,1
41971,1
41972,1
41973,1
41974,0
41975,0
41976,0
41977,1
41978,1
41979,1
41980,1
41981,1
41982,0
41983,1
41984,1
41985,0
41986,1
41987,1
41988,1
41989,0
41990,1
41991,1
41992,1
41993,1
41994,0
41995,1
41996,1
41997,1
41998,1
41999,1
42000,0
42001,0
42002,1
42003,1
42004,1
42005,0
42006,1
42007,1
42008,0
42009,1
42010,0
42011,1
42012,0
42013,1
42014,1
42015,1
42016,1
42017,0
42018,1
42019,0
42020,1
42021,1
42022,1
42023,0
42024,1
42025,1
42026,0
42027,0
42028,0
42029,1
42030,1
42031,1
42032,1
42033,0
42034,1
42035,1
42036,0
42037,1
42038,1
42039,0
42040,0
42041,1
42042,1
42043,1
42044,1
42045,0
42046,1
42047,1
42048,1
42049,0
42050,0
42051,1
42052,1
42053,1
42054,0
42055,0
42056,1
42057,1
42058,1
42059,1
42060,1
42061,0
42062,0
42063,0
42064,0
42065,1
42066,1
42067,1
42068,0
42069,1
42070,0
42071,1
42072,1
42073,1
42074,1
42075,1
42076,1
42077,1
42078,1
42079,0
42080,1
42081,1
42082,1
42083,1
42084,1
42085,0
42086,1
42087,0
42088,1
42089,1
42090,1
42091,0
42092,0
42093,0
42094,0
42095,1
42096,1
42097,0
42098,1
42099,0
42100,1
42101,0
42102,1
42103,1
42104,0
42105,0
42106,1
42107,1
42108,1
42109,0
42110,1
42111,0
42112,1
42113,1
42114,1
42115,0
42116,0
42117,1
42118,0
42119,1
42120,1
42121,0
42122,0
42123,1
42124,1
42125,0
42126,1
42127,1
42128,1
42129,1
42130,1
42131,1
42132,1
42133,0
42134,1
42135,1
42136,0
42137,0
42138,1
42139,0
42140,1
42141,1
42142,1
42143,0
42144,1
42145,1
42146,1
42147,1
42148,1
42149,1
42150,0
42151,0
42152,0
42153,1
42154,0
42155,1
42156,1
42157,0
42158,1
42159,0
42160,1
42161,1
42162,0
42163,1
42164,1
42165,1
42166,1
42167,1
42168,1
42169,0
42170,0
42171,0
42172,1
42173,1
42174,1
42175,1
42176,1
42177,0
42178,1
42179,0
42180,1
42181,1
42182,0
42183,0
42184,1
42185,1
42186,1
42187,1
42188,1
42189,1
42190,1
42191,1
42192,1
42193,1
42194,0
42195,0
42196,0
42197,0
42198,1
42199,1
42200,0
42201,1
42202,1
42203,0
42204,0
42205,1
42206,1
42207,1
42208,1
42209,0
42210,1
42211,1
42212,1
42213,1
42214,1
42215,0
42216,1
42217,1
42218,0
42219,1
42220,1
42221,0
42222,0
42223,1
42224,1
42225,1
42226,1
42227,1
42228,1
42229,1
42230,0
42231,1
42232,1
42233,0
42234,1
42235,1
42236,0
42237,1
42238,1
42239,0
42240,1
42241,0
42242,0
42243,0
42244,0
42245,1
42246,1
42247,0
42248,0
42249,1
42250,1
42251,1
42252,1
42253,1
42254,1
42255,0
42256,1
42257,0
42258,1
42259,1
42260,1
42261,1
42262,1
42263,1
42264,1
42265,0
42266,0
42267,1
42268,0
42269,1
42270,1
42271,1
42272,1
42273,1
42274,1
42275,1
42276,0
42277,1
42278,0
42279,0
42280,1
42281,0
42282,1
42283,0
42284,1
42285,1
42286,1
42287,1
42288,1
42289,1
42290,0
42291,1
42292,1
42293,1
42294,1
42295,1
42296,1
42297,1
42298,1
42299,1
42300,1
42301,0
42302,1
42303,1
42304,0
42305,0
42306,0
42307,0
42308,1
42309,1
42310,0
42311,1
42312,0
42313,1
42314,1
42315,0
42316,1
42317,0
42318,1
42319,0
42320,0
42321,0
42322,0
42323,0
42324,0
42325,1
42326,0
42327,1
42328,0
42329,0
42330,0
42331,1
42332,0
42333,0
42334,1
42335,0
42336,0
42337,1
42338,1
42339,1
42340,1
42341,0
42342,1
42343,0
42344,0
42345,1
42346,1
42347,1
42348,0
42349,0
42350,1
42351,0
42352,1
42353,1
42354,1
42355,1
42356,0
42357,0
42358,0
42359,1
42360,1
42361,1
42362,1
42363,1
42364,1
42365,1
42366,0
42367,1
42368,1
42369,1
42370,0
42371,0
42372,0
42373,1
42374,1
42375,1
42376,0
42377,1
42378,1
42379,1
42380,1
42381,1
42382,1
42383,1
42384,0
42385,1
42386,1
42387,1
42388,1
42389,0
42390,0
42391,0
42392,1
42393,0
42394,1
42395,1
42396,1
42397,1
42398,1
42399,0
42400,1
42401,1
42402,0
42403,1
42404,1
42405,0
42406,1
42407,1
42408,1
42409,1
42410,0
42411,1
42412,1
42413,0
42414,1
42415,1
42416,1
42417,0
42418,1
42419,1
42420,1
42421,0
42422,1
42423,1
42424,1
42425,1
42426,1
42427,1
42428,0
42429,1
42430,1
42431,0
42432,1
42433,1
42434,1
42435,1
42436,0
42437,0
42438,0
42439,1
42440,1
42441,1
42442,1
42443,0
42444,0
42445,1
42446,1
42447,1
42448,0
42449,0
42450,1
42451,1
42452,0
42453,1
42454,1
42455,1
42456,1
42457,1
42458,1
42459,1
42460,1
42461,0
42462,0
42463,1
42464,1
42465,1
42466,0
42467,1
42468,0
42469,1
42470,1
42471,1
42472,0
42473,1
42474,1
42475,0
42476,1
42477,0
42478,0
42479,0
42480,0
42481,0
42482,1
42483,1
42484,1
42485,1
42486,0
42487,1
42488,1
42489,1
42490,1
42491,0
42492,0
42493,1
42494,0
42495,0
42496,0
42497,0
42498,1
42499,1
42500,0
42501,1
42502,1
42503,1
42504,1
42505,1
42506,1
42507,1
42508,0
42509,1
42510,1
42511,0
42512,0
42513,1
42514,1
42515,0
42516,1
42517,0
42518,1
42519,1
42520,1
42521,1
42522,0
42523,1
42524,1
42525,1
42526,1
42527,1
42528,0
42529,0
42530,1
42531,1
42532,1
42533,1
42534,0
42535,0
42536,1
42537,1
42538,1
42539,0
42540,1
42541,0
42542,0
42543,0
42544,1
42545,0
42546,1
42547,0
42548,1
42549,1
42550,1
42551,0
42552,1
42553,1
42554,0
42555,0
42556,0
42557,1
42558,1
42559,1
42560,0
42561,0
42562,0
42563,0
42564,1
42565,0
42566,1
42567,1
42568,1
42569,1
42570,0
42571,0
42572,1
42573,1
42574,0
42575,1
42576,1
42577,1
42578,0
42579,0
42580,1
42581,1
42582,1
42583,0
42584,1
42585,1
42586,1
42587,1
42588,0
42589,0
42590,1
42591,0
42592,0
42593,1
42594,0
42595,1
42596,1
42597,1
42598,0
42599,1
42600,0
42601,0
42602,0
42603,1
42604,0
42605,1
42606,0
42607,0
42608,1
42609,1
42610,1
42611,0
42612,1
42613,1
42614,0
42615,1
42616,1
42617,1
42618,1
42619,1
42620,1
42621,0
42622,1
42623,1
42624,1
42625,1
42626,1
42627,1
42628,1
42629,0
42630,0
42631,0
42632,1
42633,1
42634,0
42635,0
42636,1
42637,0
42638,1
42639,1
42640,1
42641,0
42642,1
42643,0
42644,1
42645,1
42646,1
42647,0
42648,1
42649,0
42650,1
42651,1
42652,1
42653,1
42654,1
42655,1
42656,1
42657,1
42658,1
42659,1
42660,1
42661,1
42662,0
42663,1
42664,0
42665,1
42666,1
42667,0
42668,1
42669,1
42670,1
42671,0
42672,1
42673,1
42674,0
42675,1
42676,1
42677,1
42678,1
42679,1
42680,1
42681,0
42682,1
42683,0
42684,0
42685,1
42686,1
42687,0
42688,0
42689,1
42690,0
42691,0
42692,1
42693,0
42694,1
42695,1
42696,0
42697,1
42698,0
42699,1
42700,1
42701,1
42702,1
42703,1
42704,0
42705,0
42706,0
42707,1
42708,0
42709,0
42710,1
42711,0
42712,0
42713,1
42714,1
42715,1
42716,1
42717,1
42718,1
42719,0
42720,0
42721,1
42722,0
42723,1
42724,1
42725,1
42726,0
42727,0
42728,0
42729,1
42730,1
42731,1
42732,0
42733,1
42734,0
42735,0
42736,0
42737,1
42738,0
42739,1
42740,1
42741,0
42742,1
42743,1
42744,1
42745,1
42746,1
42747,1
42748,1
42749,0
42750,1
42751,1
42752,0
42753,1
42754,1
42755,0
42756,1
42757,1
42758,0
42759,1
42760,1
42761,1
42762,0
42763,1
42764,0
42765,1
42766,0
42767,1
42768,1
42769,0
42770,0
42771,1
42772,1
42773,1
42774,1
42775,0
42776,0
42777,1
42778,1
42779,1
42780,1
42781,0
42782,0
42783,1
42784,0
42785,0
42786,1
42787,0
42788,1
42789,1
42790,1
42791,1
42792,1
42793,1
42794,0
42795,1
42796,0
42797,0
42798,1
42799,0
42800,0
42801,0
42802,0
42803,1
42804,1
42805,1
42806,0
42807,1
42808,1
42809,1
42810,0
42811,0
42812,0
42813,1
42814,0
42815,1
42816,0
42817,0
42818,1
42819,0
42820,1
42821,1
42822,0
42823,0
42824,0
42825,0
42826,0
42827,1
42828,1
42829,1
42830,1
42831,0
42832,1
42833,0
42834,1
42835,0
42836,1
42837,1
42838,0
42839,0
42840,1
42841,0
42842,1
42843,1
42844,0
42845,1
42846,1
42847,0
42848,1
42849,0
42850,0
42851,1
42852,1
42853,0
42854,1
42855,1
42856,0
42857,1
42858,1
42859,1
42860,1
42861,1
42862,1
42863,1
42864,1
42865,1
42866,1
42867,1
42868,1
42869,1
42870,0
42871,0
42872,1
42873,1
42874,0
42875,1
42876,1
42877,0
42878,1
42879,1
42880,1
42881,1
42882,0
42883,1
42884,0
42885,0
42886,0
42887,0
42888,1
42889,1
42890,0
42891,1
42892,1
42893,1
42894,1
42895,1
42896,1
42897,1
42898,0
42899,1
42900,1
42901,0
42902,1
42903,1
42904,0
42905,0
42906,0
42907,0
42908,0
42909,0
42910,0
42911,1
42912,1
42913,0
42914,1
42915,1
42916,1
42917,0
42918,1
42919,1
42920,1
42921,1
42922,1
42923,0
42924,1
42925,1
42926,1
42927,1
42928,1
42929,1
42930,1
42931,1
42932,1
42933,0
42934,1
42935,1
42936,0
42937,0
42938,1
42939,1
42940,1
42941,1
42942,1
42943,0
42944,0
42945,1
42946,1
42947,1
42948,1
42949,1
42950,0
42951,1
42952,1
42953,0
42954,1
42955,1
42956,1
42957,1
42958,0
42959,1
42960,0
42961,1
42962,1
42963,1
42964,1
42965,0
42966,0
42967,1
42968,1
42969,1
42970,0
42971,1
42972,0
42973,1
42974,1
42975,1
42976,1
42977,1
42978,1
42979,1
42980,1
42981,1
42982,1
42983,0
42984,0
42985,0
42986,0
42987,0
42988,1
42989,1
42990,0
42991,0
42992,0
42993,1
42994,1
42995,1
42996,1
42997,1
42998,1
42999,0
43000,1
43001,0
43002,0
43003,1
43004,1
43005,1
43006,1
43007,1
43008,0
43009,0
43010,0
43011,0
43012,1
43013,1
43014,0
43015,1
43016,1
43017,1
43018,0
43019,1
43020,1
43021,0
43022,1
43023,0
43024,1
43025,1
43026,0
43027,1
43028,1
43029,1
43030,1
43031,0
43032,1
43033,1
43034,1
43035,1
43036,1
43037,1
43038,0
43039,1
43040,1
43041,1
43042,0
43043,0
43044,1
43045,0
43046,0
43047,1
43048,1
43049,1
43050,1
43051,0
43052,0
43053,1
43054,0
43055,0
43056,0
43057,1
43058,1
43059,0
43060,1
43061,0
43062,1
43063,1
43064,1
43065,0
43066,1
43067,1
43068,1
43069,1
43070,1
43071,1
43072,0
43073,1
43074,1
43075,1
43076,1
43077,1
43078,1
43079,1
43080,1
43081,1
43082,1
43083,1
43084,1
43085,1
43086,0
43087,0
43088,0
43089,1
43090,0
43091,1
43092,1
43093,1
43094,1
43095,0
43096,1
43097,0
43098,1
43099,1
43100,1
43101,0
43102,0
43103,1
43104,1
43105,1
43106,1
43107,1
43108,1
43109,1
43110,1
43111,1
43112,1
43113,1
43114,1
43115,0
43116,1
43117,0
43118,1
43119,1
43120,1
43121,1
43122,1
43123,0
43124,0
43125,1
43126,0
43127,1
43128,1
43129,0
43130,1
43131,0
43132,1
43133,1
43134,0
43135,0
43136,1
43137,0
43138,1
43139,1
43140,1
43141,0
43142,1
43143,1
43144,0
43145,1
43146,0
43147,0
43148,0
43149,1
43150,1
43151,1
43152,1
43153,1
43154,1
43155,0
43156,1
43157,0
43158,0
43159,0
43160,1
43161,1
43162,0
43163,1
43164,1
43165,1
43166,0
43167,1
43168,1
43169,1
43170,1
43171,0
43172,1
43173,1
43174,0
43175,1
43176,1
43177,0
43178,0
43179,1
43180,1
43181,1
43182,0
43183,1
43184,1
43185,0
43186,1
43187,0
43188,0
43189,1
43190,1
43191,1
43192,1
43193,1
43194,0
43195,1
43196,1
43197,0
43198,0
43199,1
43200,1
43201,1
43202,1
43203,0
43204,0
43205,1
43206,0
43207,0
43208,1
43209,0
43210,1
43211,1
43212,0
43213,1
43214,0
43215,0
43216,1
43217,1
43218,1
43219,0
43220,1
43221,1
43222,1
43223,0
43224,0
43225,1
43226,1
43227,0
43228,0
43229,1
43230,0
43231,0
43232,1
43233,0
43234,0
43235,0
43236,1
43237,1
43238,1
43239,1
43240,1
43241,1
43242,0
43243,1
43244,1
43245,1
43246,1
43247,1
43248,0
43249,1
43250,0
43251,1
43252,0
43253,1
43254,1
43255,1
43256,1
43257,1
43258,1
43259,1
43260,1
43261,1
43262,1
43263,1
43264,1
43265,0
43266,1
43267,1
43268,0
43269,1
43270,1
43271,1
43272,1
43273,1
43274,1
43275,1
43276,0
43277,0
43278,1
43279,1
43280,0
43281,0
43282,0
43283,0
43284,0
43285,1
43286,1
43287,1
43288,1
43289,0
43290,1
43291,0
43292,0
43293,1
43294,1
43295,0
43296,1
43297,0
43298,0
43299,1
43300,1
43301,0
43302,1
43303,1
43304,1
43305,0
43306,0
43307,1
43308,1
43309,1
43310,1
43311,0
43312,1
43313,0
43314,1
43315,1
43316,1
43317,1
43318,1
43319,0
43320,1
43321,0
43322,1
43323,1
43324,1
43325,1
43326,0
43327,1
43328,0
43329,1
43330,0
43331,1
43332,0
43333,1
43334,1
43335,1
43336,1
43337,1
43338,1
43339,1
43340,0
43341,0
43342,1
43343,0
43344,1
43345,1
43346,0
43347,1
43348,1
43349,0
43350,0
43351,1
43352,0
43353,0
43354,1
43355,1
43356,0
43357,0
43358,1
43359,1
43360,1
43361,1
43362,1
43363,1
43364,1
43365,0
43366,0
43367,1
43368,1
43369,1
43370,0
43371,0
43372,0
43373,0
43374,1
43375,0
43376,0
43377,1
43378,1
43379,1
43380,1
43381,0
43382,1
43383,0
43384,1
43385,1
43386,1
43387,0
43388,1
43389,0
43390,1
43391,1
43392,0
43393,1
43394,1
43395,1
43396,1
43397,1
43398,1
43399,1
43400,0
43401,0
43402,0
43403,1
43404,0
43405,0
43406,0
43407,1
43408,1
43409,0
43410,1
43411,1
43412,1
43413,1
43414,0
43415,0
43416,0
43417,0
43418,1
43419,1
43420,0
43421,1
43422,1
43423,1
43424,0
43425,1
43426,0
43427,1
43428,1
43429,0
43430,1
43431,0
43432,1
43433,1
43434,0
43435,1
43436,0
43437,1
43438,1
43439,1
43440,1
43441,0
43442,0
43443,0
43444,0
43445,0
43446,1
43447,0
43448,1
43449,0
43450,1
43451,1
43452,1
43453,1
43454,1
43455,0
43456,0
43457,1
43458,1
43459,0
43460,1
43461,1
43462,0
43463,1
43464,1
43465,0
43466,1
43467,0
43468,0
43469,1
43470,1
43471,0
43472,1
43473,0
43474,1
43475,1
43476,0
43477,1
43478,1
43479,1
43480,1
43481,1
43482,0
43483,1
43484,1
43485,0
43486,1
43487,1
43488,0
43489,1
43490,0
43491,1
43492,0
43493,1
43494,0
43495,0
43496,0
43497,0
43498,1
43499,1
43500,0
43501,0
43502,1
43503,0
43504,0
43505,1
43506,0
43507,1
43508,0
43509,1
43510,0
43511,1
43512,0
43513,0
43514,1
43515,1
43516,1
43517,1
43518,1
43519,1
43520,1
43521,0
43522,1
43523,1
43524,1
43525,1
43526,0
43527,1
43528,1
43529,0
43530,0
43531,1
43532,0
43533,0
43534,0
43535,1
43536,0
43537,0
43538,1
43539,0
43540,1
43541,0
43542,1
43543,0
43544,0
43545,1
43546,1
43547,0
43548,1
43549,1
43550,0
43551,0
43552,1
43553,1
43554,0
43555,1
43556,1
43557,0
43558,1
43559,1
43560,1
43561,1
43562,0
43563,1
43564,1
43565,1
43566,1
43567,1
43568,0
43569,0
43570,1
43571,1
43572,0
43573,1
43574,1
43575,0
43576,1
43577,1
43578,1
43579,1
43580,0
43581,1
43582,1
43583,1
43584,0
43585,0
43586,1
43587,0
43588,0
43589,0
43590,1
43591,1
43592,1
43593,0
43594,0
43595,0
43596,1
43597,0
43598,0
43599,1
43600,1
43601,1
43602,1
43603,0
43604,0
43605,0
43606,1
43607,1
43608,1
43609,1
43610,0
43611,1
43612,1
43613,1
43614,0
43615,0
43616,0
43617,1
43618,1
43619,1
43620,1
43621,1
43622,0
43623,0
43624,0
43625,1
43626,0
43627,1
43628,1
43629,1
43630,0
43631,1
43632,0
43633,0
43634,0
43635,1
43636,1
43637,1
43638,1
43639,1
43640,0
43641,1
43642,1
43643,0
43644,0
43645,0
43646,0
43647,1
43648,1
43649,0
43650,1
43651,1
43652,1
43653,1
43654,1
43655,0
43656,0
43657,0
43658,1
43659,1
43660,1
43661,1
43662,1
43663,1
43664,1
43665,1
43666,1
43667,1
43668,1
43669,1
43670,1
43671,1
43672,1
43673,1
43674,0
43675,0
43676,0
43677,1
43678,0
43679,0
43680,1
43681,0
43682,1
43683,0
43684,0
43685,0
43686,1
43687,1
43688,0
43689,1
43690,1
43691,0
43692,0
43693,1
43694,0
43695,1
43696,1
43697,0
43698,0
43699,1
43700,0
43701,1
43702,1
43703,0
43704,1
43705,1
43706,1
43707,1
43708,1
43709,1
43710,1
43711,1
43712,0
43713,1
43714,0
43715,1
43716,0
43717,1
43718,0
43719,1
43720,0
43721,1
43722,1
43723,1
43724,1
43725,0
43726,1
43727,1
43728,1
43729,0
43730,1
43731,1
43732,1
43733,1
43734,1
43735,1
43736,1
43737,0
43738,1
43739,0
43740,1
43741,1
43742,1
43743,1
43744,1
43745,1
43746,1
43747,0
43748,1
43749,1
43750,1
43751,0
43752,1
43753,1
43754,1
43755,1
43756,1
43757,0
43758,1
43759,1
43760,0
43761,1
43762,0
43763,1
43764,1
43765,1
43766,1
43767,1
43768,1
43769,0
43770,1
43771,1
43772,1
43773,0
43774,1
43775,1
43776,1
43777,0
43778,0
43779,0
43780,1
43781,0
43782,1
43783,1
43784,1
43785,1
43786,0
43787,1
43788,0
43789,0
43790,1
43791,0
43792,1
43793,1
43794,0
43795,1
43796,1
43797,1
43798,1
43799,0
43800,1
43801,0
43802,0
43803,1
43804,1
43805,1
43806,1
43807,1
43808,1
43809,0
43810,1
43811,1
43812,0
43813,1
43814,0
43815,0
43816,1
43817,0
43818,0
43819,1
43820,0
43821,0
43822,1
43823,0
43824,0
43825,1
43826,1
43827,0
43828,0
43829,1
43830,1
43831,1
43832,0
43833,1
43834,0
43835,1
43836,1
43837,0
43838,1
43839,1
43840,0
43841,0
43842,1
43843,0
43844,1
43845,1
43846,1
43847,1
43848,1
43849,1
43850,1
43851,0
43852,1
43853,1
43854,0
43855,1
43856,1
43857,1
43858,0
43859,1
43860,1
43861,1
43862,0
43863,1
43864,1
43865,1
43866,1
43867,1
43868,1
43869,1
43870,1
43871,1
43872,1
43873,0
43874,1
43875,1
43876,0
43877,0
43878,1
43879,0
43880,1
43881,0
43882,0
43883,1
43884,1
43885,0
43886,1
43887,1
43888,1
43889,1
43890,1
43891,0
43892,1
43893,1
43894,1
43895,0
43896,0
43897,1
43898,0
43899,1
43900,1
43901,1
43902,0
43903,1
43904,1
43905,0
43906,1
43907,0
43908,1
43909,0
43910,1
43911,0
43912,1
43913,1
43914,1
43915,0
43916,1
43917,0
43918,1
43919,0
43920,1
43921,1
43922,0
43923,0
43924,1
43925,1
43926,1
43927,0
43928,1
43929,0
43930,0
43931,1
43932,1
43933,0
43934,1
43935,0
43936,0
43937,1
43938,0
43939,0
43940,0
43941,1
43942,0
43943,0
43944,1
43945,1
43946,0
43947,0
43948,0
43949,0
43950,1
43951,1
43952,0
43953,1
43954,0
43955,1
43956,1
43957,1
43958,1
43959,1
43960,1
43961,0
43962,1
43963,1
43964,1
43965,0
43966,1
43967,1
43968,0
43969,0
43970,1
43971,0
43972,1
43973,0
43974,1
43975,0
43976,1
43977,0
43978,1
43979,1
43980,1
43981,1
43982,1
43983,1
43984,0
43985,1
43986,0
43987,1
43988,1
43989,1
43990,1
43991,1
43992,1
43993,1
43994,1
43995,1
43996,1
43997,1
43998,1
43999,0
44000,1
44001,1
44002,1
44003,0
44004,1
44005,1
44006,0
44007,0
44008,1
44009,1
44010,0
44011,1
44012,1
44013,1
44014,0
44015,0
44016,1
44017,0
44018,0
44019,0
44020,1
44021,1
44022,0
44023,0
44024,1
44025,1
44026,0
44027,1
44028,1
44029,1
44030,1
44031,1
44032,1
44033,1
44034,1
44035,1
44036,1
44037,1
44038,0
44039,1
44040,0
44041,1
44042,1
44043,1
44044,0
44045,1
44046,1
44047,1
44048,1
44049,1
44050,1
44051,1
44052,1
44053,1
44054,0
44055,0
44056,1
44057,1
44058,0
44059,0
44060,1
44061,1
44062,0
44063,1
44064,1
44065,0
44066,1
44067,1
44068,0
44069,1
44070,1
44071,0
44072,0
44073,1
44074,1
44075,1
44076,1
44077,0
44078,1
44079,1
44080,1
44081,0
44082,0
44083,0
44084,0
44085,1
44086,0
44087,0
44088,1
44089,1
44090,0
44091,0
44092,1
44093,0
44094,1
44095,1
44096,0
44097,0
44098,1
44099,1
44100,1
44101,1
44102,0
44103,0
44104,1
44105,1
44106,1
44107,1
44108,0
44109,1
44110,1
44111,1
44112,1
44113,1
44114,1
44115,1
44116,0
44117,1
44118,1
44119,0
44120,1
44121,0
44122,0
44123,0
44124,1
44125,0
44126,1
44127,0
44128,1
44129,0
44130,0
44131,1
44132,1
44133,0
44134,0
44135,0
44136,1
44137,1
44138,1
44139,1
44140,1
44141,1
44142,0
44143,1
44144,1
44145,1
44146,1
44147,1
44148,1
44149,1
44150,0
44151,1
44152,0
44153,0
44154,1
44155,0
44156,1
44157,1
44158,0
44159,1
44160,0
44161,1
44162,1
44163,1
44164,1
44165,1
44166,0
44167,0
44168,1
44169,1
44170,1
44171,0
44172,0
44173,0
44174,1
44175,1
44176,0
44177,1
44178,1
44179,1
44180,0
44181,0
44182,0
44183,1
44184,1
44185,1
44186,0
44187,1
44188,1
44189,1
44190,0
44191,0
44192,1
44193,1
44194,0
44195,0
44196,0
44197,0
44198,1
44199,0
44200,1
44201,1
44202,0
44203,1
44204,1
44205,1
44206,1
44207,1
44208,1
44209,0
44210,1
44211,1
44212,0
44213,1
44214,1
44215,0
44216,0
44217,1
44218,0
44219,1
44220,0
44221,0
44222,1
44223,0
44224,1
44225,0
44226,1
44227,1
44228,1
44229,1
44230,1
44231,1
44232,1
44233,1
44234,0
44235,0
44236,0
44237,0
44238,1
44239,1
44240,1
44241,0
44242,1
44243,1
44244,0
44245,1
44246,1
44247,1
44248,1
44249,0
44250,1
44251,1
44252,0
44253,1
44254,0
44255,0
44256,1
44257,0
44258,1
44259,1
44260,1
44261,1
44262,1
44263,1
44264,0
44265,1
44266,1
44267,1
44268,1
44269,0
44270,1
44271,1
44272,1
44273,1
44274,1
44275,1
44276,1
44277,1
44278,1
44279,1
44280,1
44281,1
44282,0
44283,1
44284,1
44285,1
44286,0
44287,1
44288,0
44289,0
44290,0
44291,0
44292,0
44293,0
44294,1
44295,0
44296,1
44297,0
44298,0
44299,1
44300,1
44301,0
44302,0
44303,0
44304,0
44305,1
44306,1
44307,0
44308,1
44309,1
44310,1
44311,1
44312,1
44313,1
44314,0
44315,1
44316,1
44317,1
44318,1
44319,1
44320,1
44321,1
44322,1
44323,0
44324,0
44325,0
44326,1
44327,1
44328,1
44329,1
44330,1
44331,0
44332,1
44333,1
44334,1
44335,0
44336,1
44337,1
44338,0
44339,1
44340,1
44341,1
44342,1
44343,1
44344,1
44345,0
44346,0
44347,0
44348,0
44349,1
44350,0
44351,0
44352,1
44353,1
44354,0
44355,0
44356,1
44357,1
44358,1
44359,1
44360,1
44361,1
44362,1
44363,1
44364,0
44365,0
44366,1
44367,0
44368,1
44369,1
44370,1
44371,1
44372,1
44373,1
44374,1
44375,1
44376,1
44377,0
44378,1
44379,0
44380,1
44381,1
44382,0
44383,1
44384,0
44385,1
44386,1
44387,0
44388,1
44389,0
44390,1
44391,0
44392,1
44393,1
44394,0
44395,1
44396,1
44397,1
44398,1
44399,1
44400,0
44401,1
44402,0
44403,1
44404,1
44405,1
44406,1
44407,1
44408,1
44409,0
44410,0
44411,0
44412,0
44413,1
44414,1
44415,1
44416,1
44417,1
44418,1
44419,1
44420,1
44421,0
44422,0
44423,1
44424,1
44425,1
44426,1
44427,0
44428,1
44429,0
44430,1
44431,1
44432,1
44433,1
44434,0
44435,0
44436,0
44437,0
44438,1
44439,1
44440,1
44441,1
44442,1
44443,0
44444,1
44445,0
44446,0
44447,0
44448,1
44449,1
44450,1
44451,1
44452,1
44453,1
44454,1
44455,1
44456,0
44457,1
44458,1
44459,1
44460,0
44461,0
44462,0
44463,0
44464,1
44465,1
44466,1
44467,1
44468,0
44469,0
44470,1
44471,1
44472,1
44473,0
44474,0
44475,1
44476,1
44477,0
44478,1
44479,1
44480,1
44481,1
44482,1
44483,0
44484,1
44485,1
44486,1
44487,0
44488,1
44489,0
44490,1
44491,1
44492,0
44493,0
44494,0
44495,0
44496,0
44497,1
44498,1
44499,0
44500,1
44501,1
44502,1
44503,1
44504,1
44505,1
44506,1
44507,0
44508,1
44509,1
44510,1
44511,1
44512,1
44513,1
44514,1
44515,0
44516,1
44517,1
44518,1
44519,1
44520,1
44521,1
44522,0
44523,0
44524,1
44525,1
44526,1
44527,0
44528,0
44529,0
44530,1
44531,1
44532,1
44533,1
44534,1
44535,1
44536,1
44537,1
44538,1
44539,0
44540,1
44541,1
44542,0
44543,0
44544,1
44545,1
44546,1
44547,1
44548,1
44549,0
44550,1
44551,1
44552,0
44553,1
44554,1
44555,1
44556,1
44557,1
44558,1
44559,0
44560,1
44561,1
44562,1
44563,1
44564,1
44565,1
44566,1
44567,1
44568,0
44569,0
44570,1
44571,0
44572,0
44573,0
44574,1
44575,1
44576,0
44577,1
44578,1
44579,0
44580,1
44581,1
44582,0
44583,1
44584,1
44585,0
44586,0
44587,0
44588,0
44589,1
44590,0
44591,1
44592,1
44593,0
44594,0
44595,0
44596,1
44597,0
44598,1
44599,0
44600,1
44601,1
44602,0
44603,0
44604,1
44605,1
44606,1
44607,0
44608,0
44609,0
44610,1
44611,1
44612,1
44613,0
44614,1
44615,0
44616,1
44617,0
44618,1
44619,0
44620,0
44621,1
44622,0
44623,1
44624,1
44625,1
44626,1
44627,0
44628,1
44629,1
44630,1
44631,0
44632,0
44633,1
44634,1
44635,1
44636,1
44637,1
44638,0
44639,1
44640,1
44641,0
44642,1
44643,0
44644,1
44645,1
44646,1
44647,1
44648,1
44649,1
44650,1
44651,1
44652,1
44653,1
44654,0
44655,1
44656,1
44657,1
44658,1
44659,1
44660,1
44661,1
44662,1
44663,1
44664,1
44665,1
44666,1
44667,1
44668,1
44669,1
44670,1
44671,1
44672,1
44673,0
44674,1
44675,1
44676,1
44677,0
44678,1
44679,1
44680,1
44681,0
44682,1
44683,1
44684,1
44685,0
44686,1
44687,1
44688,1
44689,0
44690,1
44691,1
44692,0
44693,1
44694,1
44695,1
44696,1
44697,1
44698,0
44699,1
44700,0
44701,1
44702,1
44703,1
44704,0
44705,0
44706,1
44707,0
44708,1
44709,1
44710,0
44711,1
44712,0
44713,1
44714,1
44715,1
44716,1
44717,1
44718,1
44719,1
44720,0
44721,0
44722,0
44723,1
44724,1
44725,1
44726,0
44727,1
44728,1
44729,0
44730,1
44731,0
44732,1
44733,1
44734,0
44735,1
44736,1
44737,0
44738,0
44739,1
44740,0
44741,1
44742,1
44743,0
44744,1
44745,0
44746,1
44747,1
44748,1
44749,1
44750,0
44751,1
44752,1
44753,1
44754,0
44755,1
44756,1
44757,0
44758,0
44759,0
44760,1
44761,0
44762,0
44763,1
44764,1
44765,0
44766,1
44767,1
44768,1
44769,1
44770,1
44771,1
44772,0
44773,1
44774,0
44775,1
44776,1
44777,1
44778,1
44779,1
44780,1
44781,1
44782,1
44783,1
44784,0
44785,1
44786,0
44787,1
44788,0
44789,1
44790,1
44791,1
44792,1
44793,1
44794,1
44795,1
44796,1
44797,1
44798,0
44799,0
44800,1
44801,0
44802,1
44803,0
44804,0
44805,1
44806,1
44807,1
44808,0
44809,1
44810,1
44811,0
44812,1
44813,1
44814,0
44815,0
44816,0
44817,1
44818,1
44819,1
44820,0
44821,1
44822,0
44823,1
44824,0
44825,0
44826,1
44827,0
44828,0
44829,1
44830,0
44831,1
44832,0
44833,0
44834,0
44835,1
44836,1
44837,1
44838,1
44839,1
44840,1
44841,1
44842,1
44843,0
44844,0
44845,0
44846,0
44847,1
44848,1
44849,1
44850,1
44851,0
44852,1
44853,1
44854,1
44855,0
44856,0
44857,0
44858,0
44859,0
44860,0
44861,1
44862,0
44863,1
44864,1
44865,0
44866,1
44867,1
44868,1
44869,1
44870,1
44871,1
44872,0
44873,1
44874,1
44875,1
44876,1
44877,0
44878,1
44879,1
44880,1
44881,1
44882,1
44883,1
44884,0
44885,1
44886,1
44887,1
44888,1
44889,1
44890,1
44891,0
44892,1
44893,0
44894,1
44895,1
44896,0
44897,0
44898,1
44899,1
44900,1
44901,1
44902,0
44903,1
44904,0
44905,1
44906,0
44907,0
44908,1
44909,0
44910,1
44911,1
44912,1
44913,1
44914,0
44915,1
44916,0
44917,1
44918,1
44919,0
44920,0
44921,0
44922,0
44923,0
44924,1
44925,0
44926,1
44927,1
44928,0
44929,0
44930,0
44931,1
44932,1
44933,0
44934,1
44935,0
44936,1
44937,1
44938,1
44939,1
44940,0
44941,0
44942,1
44943,0
44944,1
44945,0
44946,0
44947,1
44948,0
44949,1
44950,0
44951,0
44952,0
44953,1
44954,1
44955,1
44956,0
44957,0
44958,1
44959,1
44960,1
44961,1
44962,1
44963,1
44964,0
44965,0
44966,0
44967,1
44968,1
44969,1
44970,1
44971,0
44972,0
44973,1
44974,1
44975,1
44976,0
44977,1
44978,1
44979,1
44980,1
44981,1
44982,0
44983,1
44984,0
44985,1
44986,1
44987,1
44988,1
44989,0
44990,0
44991,0
44992,1
44993,1
44994,1
44995,0
44996,1
44997,1
44998,1
44999,0
45000,0
45001,0
45002,1
45003,1
45004,1
45005,0
45006,1
45007,0
45008,1
45009,0
45010,1
45011,0
45012,1
45013,0
45014,1
45015,1
45016,1
45017,1
45018,1
45019,1
45020,1
45021,1
45022,1
45023,1
45024,0
45025,1
45026,1
45027,0
45028,0
45029,0
45030,1
45031,1
45032,1
45033,0
45034,1
45035,0
45036,0
45037,1
45038,1
45039,0
45040,1
45041,0
45042,1
45043,1
45044,0
45045,1
45046,0
45047,1
45048,1
45049,1
45050,0
45051,0
45052,1
45053,0
45054,0
45055,0
45056,1
45057,1
45058,1
45059,1
45060,1
45061,1
45062,0
45063,1
45064,1
45065,1
45066,1
45067,0
45068,0
45069,0
45070,0
45071,1
45072,1
45073,1
45074,1
45075,1
45076,0
45077,0
45078,1
45079,1
45080,0
45081,1
45082,0
45083,0
45084,0
45085,0
45086,1
45087,0
45088,0
45089,1
45090,1
45091,0
45092,0
45093,1
45094,1
45095,1
45096,0
45097,0
45098,0
45099,1
45100,1
45101,1
45102,1
45103,1
45104,0
45105,0
45106,1
45107,1
45108,0
45109,0
45110,0
45111,1
45112,1
45113,1
45114,1
45115,1
45116,0
45117,0
45118,0
45119,1
45120,0
45121,1
45122,1
45123,1
45124,1
45125,1
45126,1
45127,1
45128,1
45129,1
45130,0
45131,1
45132,0
45133,1
45134,1
45135,0
45136,0
45137,1
45138,0
45139,1
45140,0
45141,0
45142,0
45143,1
45144,1
45145,1
45146,1
45147,1
45148,1
45149,1
45150,1
45151,1
45152,1
45153,1
45154,0
45155,0
45156,0
45157,1
45158,1
45159,0
45160,0
45161,1
45162,1
45163,1
45164,0
45165,1
45166,1
45167,0
45168,1
45169,0
45170,0
45171,0
45172,1
45173,0
45174,1
45175,0
45176,0
45177,1
45178,1
45179,1
45180,1
45181,0
45182,1
45183,0
45184,1
45185,1
45186,1
45187,0
45188,1
45189,1
45190,1
45191,0
45192,0
45193,0
45194,0
45195,1
45196,0
45197,1
45198,1
45199,0
45200,1
45201,1
45202,0
45203,1
45204,1
45205,1
45206,1
45207,1
45208,0
45209,1
45210,1
45211,1
45212,1
45213,0
45214,1
45215,1
45216,1
45217,1
45218,1
45219,1
45220,1
45221,0
45222,1
45223,1
45224,1
45225,1
45226,0
45227,0
45228,1
45229,1
45230,1
45231,1
45232,0
45233,0
45234,1
45235,0
45236,1
45237,0
45238,1
45239,0
45240,0
45241,0
45242,1
45243,1
45244,0
45245,0
45246,0
45247,0
45248,1
45249,1
45250,1
45251,1
45252,0
45253,1
45254,0
45255,1
45256,1
45257,0
45258,0
45259,1
45260,1
45261,1
45262,0
45263,1
45264,1
45265,1
45266,0
45267,0
45268,1
45269,0
45270,1
45271,1
45272,1
45273,1
45274,1
45275,0
45276,1
45277,1
45278,0
45279,1
45280,1
45281,1
45282,0
45283,0
45284,1
45285,0
45286,1
45287,1
45288,1
45289,1
45290,1
45291,1
45292,0
45293,1
45294,0
45295,1
45296,1
45297,1
45298,1
45299,0
45300,1
45301,0
45302,1
45303,0
45304,0
45305,0
45306,1
45307,0
45308,0
45309,0
45310,1
45311,1
45312,1
45313,0
45314,1
45315,0
45316,0
45317,0
45318,0
45319,1
45320,1
45321,1
45322,0
45323,1
45324,1
45325,0
45326,1
45327,1
45328,0
45329,1
45330,1
45331,1
45332,0
45333,1
45334,0
45335,0
45336,1
45337,1
45338,1
45339,0
45340,1
45341,0
45342,0
45343,1
45344,1
45345,1
45346,1
45347,1
45348,1
45349,1
45350,1
45351,0
45352,1
45353,1
45354,1
45355,1
45356,1
45357,0
45358,1
45359,0
45360,0
45361,0
45362,1
45363,1
45364,1
45365,1
45366,0
45367,1
45368,1
45369,0
45370,1
45371,1
45372,0
45373,0
45374,1
45375,1
45376,0
45377,1
45378,1
45379,1
45380,1
45381,1
45382,1
45383,1
45384,0
45385,0
45386,1
45387,0
45388,1
45389,1
45390,1
45391,1
45392,1
45393,0
45394,1
45395,1
45396,1
45397,1
45398,1
45399,0
45400,0
45401,1
45402,1
45403,1
45404,1
45405,1
45406,1
45407,0
45408,1
45409,0
45410,0
45411,1
45412,1
45413,1
45414,1
45415,0
45416,1
45417,0
45418,1
45419,1
45420,0
45421,1
45422,1
45423,0
45424,0
45425,1
45426,1
45427,0
45428,1
45429,1
45430,1
45431,0
45432,1
45433,1
45434,1
45435,1
45436,1
45437,1
45438,0
45439,0
45440,0
45441,0
45442,1
45443,0
45444,0
45445,1
45446,0
45447,0
45448,1
45449,0
45450,0
45451,1
45452,1
45453,1
45454,0
45455,1
45456,0
45457,1
45458,0
45459,1
45460,0
45461,0
45462,1
45463,1
45464,1
45465,1
45466,0
45467,1
45468,1
45469,0
45470,0
45471,0
45472,1
45473,1
45474,1
45475,1
45476,1
45477,0
45478,0
45479,1
45480,1
45481,1
45482,1
45483,0
45484,0
45485,1
45486,1
45487,0
45488,1
45489,0
45490,1
45491,1
45492,1
45493,0
45494,0
45495,1
45496,0
45497,1
45498,0
45499,0
45500,1
45501,1
45502,1
45503,1
45504,1
45505,1
45506,1
45507,1
45508,1
45509,1
45510,0
45511,1
45512,0
45513,1
45514,1
45515,1
45516,0
45517,1
45518,1
45519,1
45520,1
45521,1
45522,1
45523,0
45524,0
45525,0
45526,1
45527,1
45528,1
45529,0
45530,1
45531,1
45532,0
45533,1
45534,1
45535,1
45536,0
45537,1
45538,0
45539,1
45540,1
45541,0
45542,0
45543,0
45544,1
45545,0
45546,0
45547,1
45548,1
45549,0
45550,1
45551,1
45552,0
45553,0
45554,0
45555,1
45556,0
45557,1
45558,0
45559,1
45560,0
45561,0
45562,1
45563,1
45564,0
45565,1
45566,0
45567,1
45568,1
45569,0
45570,0
45571,1
45572,1
45573,1
45574,1
45575,0
45576,1
45577,0
45578,0
45579,1
45580,1
45581,1
45582,0
45583,1
45584,0
45585,1
45586,1
45587,0
45588,1
45589,1
45590,0
45591,1
45592,1
45593,1
45594,0
45595,1
45596,0
45597,1
45598,0
45599,0
45600,0
45601,0
45602,0
45603,0
45604,1
45605,1
45606,0
45607,0
45608,1
45609,1
45610,1
45611,1
45612,1
45613,1
45614,0
45615,0
45616,0
45617,1
45618,1
45619,0
45620,0
45621,1
45622,1
45623,1
45624,1
45625,1
45626,0
45627,0
45628,1
45629,0
45630,0
45631,1
45632,0
45633,1
45634,0
45635,0
45636,0
45637,1
45638,0
45639,1
45640,1
45641,1
45642,1
45643,1
45644,0
45645,1
45646,1
45647,0
45648,0
45649,1
45650,0
45651,1
45652,0
45653,1
45654,1
45655,0
45656,1
45657,0
45658,1
45659,1
45660,1
45661,1
45662,1
45663,1
45664,1
45665,0
45666,1
45667,1
45668,0
45669,1
45670,0
45671,1
45672,0
45673,1
45674,1
45675,1
45676,0
45677,1
45678,1
45679,0
45680,0
45681,1
45682,1
45683,1
45684,1
45685,1
45686,0
45687,0
45688,1
45689,1
45690,1
45691,1
45692,0
45693,1
45694,1
45695,1
45696,0
45697,0
45698,1
45699,0
45700,1
45701,0
45702,1
45703,0
45704,1
45705,1
45706,1
45707,1
45708,1
45709,0
45710,1
45711,1
45712,1
45713,1
45714,0
45715,1
45716,1
45717,1
45718,1
45719,1
45720,0
45721,1
45722,0
45723,0
45724,0
45725,0
45726,0
45727,1
45728,1
45729,0
45730,0
45731,1
45732,0
45733,1
45734,0
45735,0
45736,1
45737,1
45738,1
45739,0
45740,1
45741,1
45742,1
45743,1
45744,1
45745,1
45746,1
45747,1
45748,1
45749,0
45750,0
45751,1
45752,0
45753,1
45754,0
45755,1
45756,1
45757,0
45758,1
45759,1
45760,1
45761,1
45762,1
45763,0
45764,0
45765,1
45766,1
45767,0
45768,1
45769,0
45770,0
45771,0
45772,0
45773,0
45774,1
45775,0
45776,1
45777,1
45778,1
45779,1
45780,0
45781,1
45782,1
45783,1
45784,0
45785,0
45786,0
45787,1
45788,1
45789,1
45790,1
45791,1
45792,0
45793,1
45794,1
45795,1
45796,1
45797,0
45798,1
45799,0
45800,0
45801,1
45802,1
45803,0
45804,0
45805,1
45806,1
45807,0
45808,0
45809,1
45810,0
45811,1
45812,1
45813,1
45814,1
45815,0
45816,1
45817,1
45818,0
45819,1
45820,1
45821,1
45822,0
45823,1
45824,0
45825,1
45826,1
45827,1
45828,0
45829,1
45830,1
45831,1
45832,0
45833,1
45834,1
45835,1
45836,1
45837,1
45838,0
45839,0
45840,0
45841,1
45842,0
45843,1
45844,1
45845,1
45846,1
45847,0
45848,1
45849,0
45850,1
45851,1
45852,0
45853,1
45854,1
45855,1
45856,1
45857,0
45858,0
45859,1
45860,0
45861,1
45862,1
45863,0
45864,0
45865,0
45866,1
45867,0
45868,1
45869,0
45870,1
45871,1
45872,1
45873,1
45874,1
45875,0
45876,1
45877,0
45878,0
45879,0
45880,1
45881,1
45882,1
45883,0
45884,0
45885,1
45886,1
45887,1
45888,1
45889,1
45890,0
45891,0
45892,0
45893,0
45894,0
45895,1
45896,1
45897,0
45898,0
45899,1
45900,0
45901,0
45902,1
45903,1
45904,1
45905,1
45906,1
45907,0
45908,0
45909,0
45910,1
45911,0
45912,1
45913,1
45914,1
45915,1
45916,1
45917,1
45918,0
45919,1
45920,1
45921,1
45922,1
45923,1
45924,0
45925,1
45926,0
45927,0
45928,1
45929,0
45930,0
45931,0
45932,1
45933,1
45934,1
45935,1
45936,0
45937,0
45938,1
45939,0
45940,0
45941,1
45942,1
45943,1
45944,1
45945,1
45946,0
45947,0
45948,1
45949,0
45950,1
45951,1
45952,1
45953,0
45954,0
45955,0
45956,1
45957,0
45958,1
45959,1
45960,1
45961,1
45962,1
45963,0
45964,0
45965,1
45966,0
45967,1
45968,0
45969,0
45970,0
45971,1
45972,1
45973,1
45974,0
45975,1
45976,0
45977,1
45978,1
45979,0
45980,0
45981,0
45982,1
45983,1
45984,0
45985,1
45986,1
45987,0
45988,1
45989,0
45990,0
45991,0
45992,0
45993,0
45994,0
45995,1
45996,1
45997,0
45998,0
45999,1
46000,1
46001,1
46002,1
46003,0
46004,1
46005,1
46006,0
46007,0
46008,0
46009,1
46010,0
46011,1
46012,0
46013,0
46014,1
46015,0
46016,0
46017,1
46018,1
46019,1
46020,1
46021,1
46022,1
46023,1
46024,1
46025,1
46026,1
46027,1
46028,0
46029,1
46030,1
46031,1
46032,0
46033,1
46034,0
46035,1
46036,0
46037,0
46038,1
46039,1
46040,1
46041,0
46042,1
46043,1
46044,1
46045,1
46046,1
46047,1
46048,0
46049,1
46050,0
46051,1
46052,1
46053,1
46054,1
46055,1
46056,0
46057,1
46058,1
46059,1
46060,1
46061,0
46062,0
46063,1
46064,1
46065,1
46066,1
46067,1
46068,0
46069,0
46070,1
46071,1
46072,1
46073,0
46074,1
46075,0
46076,1
46077,1
46078,1
46079,1
46080,0
46081,0
46082,1
46083,1
46084,0
46085,0
46086,1
46087,0
46088,1
46089,1
46090,0
46091,0
46092,1
46093,0
46094,0
46095,1
46096,0
46097,1
46098,1
46099,1
46100,1
46101,1
46102,1
46103,1
46104,1
46105,1
46106,1
46107,0
46108,0
46109,1
46110,1
46111,1
46112,1
46113,1
46114,1
46115,1
46116,1
46117,1
46118,0
46119,1
46120,1
46121,1
46122,0
46123,1
46124,1
46125,1
46126,0
46127,1
46128,0
46129,1
46130,0
46131,0
46132,0
46133,1
46134,1
46135,1
46136,0
46137,0
46138,0
46139,1
46140,0
46141,1
46142,1
46143,0
46144,0
46145,1
46146,0
46147,0
46148,0
46149,1
46150,0
46151,1
46152,1
46153,1
46154,1
46155,1
46156,1
46157,1
46158,0
46159,1
46160,0
46161,1
46162,0
46163,1
46164,1
46165,1
46166,0
46167,1
46168,1
46169,1
46170,1
46171,1
46172,0
46173,0
46174,0
46175,1
46176,0
46177,0
46178,1
46179,0
46180,1
46181,1
46182,0
46183,0
46184,1
46185,0
46186,1
46187,0
46188,1
46189,1
46190,0
46191,1
46192,0
46193,1
46194,1
46195,1
46196,1
46197,0
46198,1
46199,0
46200,1
46201,1
46202,1
46203,1
46204,0
46205,1
46206,1
46207,1
46208,1
46209,1
46210,1
46211,1
46212,0
46213,1
46214,1
46215,1
46216,1
46217,1
46218,1
46219,0
46220,0
46221,0
46222,0
46223,1
46224,1
46225,0
46226,0
46227,0
46228,0
46229,0
46230,1
46231,0
46232,1
46233,1
46234,1
46235,0
46236,1
46237,0
46238,1
46239,0
46240,1
46241,1
46242,0
46243,1
46244,1
46245,0
46246,1
46247,1
46248,1
46249,0
46250,0
46251,1
46252,1
46253,0
46254,1
46255,0
46256,1
46257,1
46258,1
46259,0
46260,1
46261,1
46262,1
46263,1
46264,1
46265,0
46266,1
46267,1
46268,1
46269,1
46270,1
46271,1
46272,0
46273,0
46274,1
46275,1
46276,1
46277,0
46278,1
46279,1
46280,1
46281,1
46282,1
46283,1
46284,1
46285,0
46286,1
46287,1
46288,1
46289,1
46290,0
46291,0
46292,1
46293,1
46294,0
46295,0
46296,1
46297,1
46298,1
46299,1
46300,1
46301,1
46302,1
46303,1
46304,1
46305,1
46306,1
46307,1
46308,0
46309,1
46310,1
46311,1
46312,0
46313,0
46314,1
46315,1
46316,0
46317,1
46318,1
46319,1
46320,0
46321,0
46322,1
46323,1
46324,1
46325,1
46326,1
46327,1
46328,0
46329,0
46330,1
46331,0
46332,1
46333,0
46334,1
46335,1
46336,1
46337,0
46338,1
46339,0
46340,0
46341,0
46342,0
46343,0
46344,1
46345,1
46346,1
46347,0
46348,1
46349,0
46350,0
46351,0
46352,0
46353,0
46354,1
46355,1
46356,1
46357,1
46358,0
46359,0
46360,0
46361,1
46362,0
46363,1
46364,1
46365,1
46366,1
46367,0
46368,1
46369,0
46370,1
46371,1
46372,0
46373,1
46374,1
46375,0
46376,1
46377,0
46378,0
46379,0
46380,1
46381,1
46382,0
46383,1
46384,1
46385,0
46386,0
46387,0
46388,1
46389,0
46390,1
46391,0
46392,1
46393,0
46394,1
46395,1
46396,0
46397,1
46398,0
46399,0
46400,0
46401,0
46402,1
46403,1
46404,0
46405,0
46406,0
46407,0
46408,0
46409,1
46410,1
46411,0
46412,1
46413,1
46414,1
46415,1
46416,1
46417,0
46418,1
46419,1
46420,0
46421,1
46422,1
46423,1
46424,0
46425,1
46426,1
46427,0
46428,1
46429,1
46430,1
46431,1
46432,0
46433,1
46434,1
46435,0
46436,0
46437,1
46438,0
46439,0
46440,0
46441,1
46442,0
46443,0
46444,0
46445,0
46446,1
46447,1
46448,1
46449,1
46450,1
46451,1
46452,0
46453,1
46454,0
46455,1
46456,1
46457,0
46458,1
46459,1
46460,0
46461,0
46462,1
46463,1
46464,0
46465,0
46466,0
46467,0
46468,0
46469,1
46470,0
46471,1
46472,1
46473,0
46474,0
46475,1
46476,0
46477,0
46478,1
46479,1
46480,1
46481,1
46482,1
46483,0
46484,1
46485,1
46486,0
46487,1
46488,1
46489,0
46490,1
46491,1
46492,0
46493,1
46494,0
46495,1
46496,1
46497,1
46498,1
46499,0
46500,1
46501,1
46502,1
46503,1
46504,1
46505,0
46506,1
46507,1
46508,0
46509,0
46510,1
46511,0
46512,0
46513,0
46514,0
46515,1
46516,1
46517,1
46518,1
46519,1
46520,0
46521,1
46522,0
46523,0
46524,0
46525,1
46526,1
46527,1
46528,1
46529,0
46530,0
46531,0
46532,0
46533,0
46534,1
46535,1
46536,1
46537,1
46538,0
46539,0
46540,0
46541,1
46542,1
46543,0
46544,1
46545,1
46546,1
46547,0
46548,1
46549,1
46550,1
46551,0
46552,0
46553,1
46554,1
46555,1
46556,0
46557,0
46558,1
46559,1
46560,1
46561,1
46562,0
46563,0
46564,0
46565,1
46566,1
46567,0
46568,1
46569,1
46570,1
46571,1
46572,0
46573,0
46574,0
46575,0
46576,0
46577,1
46578,1
46579,1
46580,1
46581,1
46582,1
46583,1
46584,0
46585,1
46586,0
46587,0
46588,1
46589,1
46590,1
46591,0
46592,1
46593,1
46594,0
46595,1
46596,1
46597,0
46598,0
46599,1
46600,0
46601,1
46602,0
46603,1
46604,0
46605,1
46606,0
46607,0
46608,0
46609,0
46610,0
46611,1
46612,1
46613,0
46614,1
46615,1
46616,1
46617,1
46618,1
46619,1
46620,0
46621,0
46622,1
46623,1
46624,0
46625,1
46626,1
46627,1
46628,1
46629,1
46630,1
46631,0
46632,1
46633,1
46634,1
46635,1
46636,1
46637,0
46638,1
46639,0
46640,0
46641,1
46642,0
46643,1
46644,1
46645,1
46646,0
46647,1
46648,0
46649,1
46650,1
46651,0
46652,0
46653,1
46654,1
46655,1
46656,0
46657,1
46658,1
46659,1
46660,0
46661,0
46662,0
46663,1
46664,1
46665,1
46666,0
46667,0
46668,1
46669,0
46670,1
46671,1
46672,0
46673,1
46674,0
46675,0
46676,1
46677,0
46678,1
46679,1
46680,0
46681,0
46682,1
46683,0
46684,0
46685,1
46686,1
46687,1
46688,1
46689,0
46690,1
46691,0
46692,1
46693,0
46694,1
46695,0
46696,1
46697,0
46698,1
46699,1
46700,0
46701,0
46702,1
46703,0
46704,1
46705,1
46706,1
46707,0
46708,1
46709,0
46710,1
46711,0
46712,1
46713,0
46714,1
46715,1
46716,0
46717,0
46718,0
46719,0
46720,0
46721,1
46722,1
46723,1
46724,0
46725,1
46726,0
46727,1
46728,1
46729,0
46730,1
46731,0
46732,0
46733,0
46734,0
46735,1
46736,1
46737,0
46738,1
46739,1
46740,1
46741,1
46742,1
46743,1
46744,1
46745,1
46746,0
46747,1
46748,1
46749,0
46750,1
46751,1
46752,1
46753,1
46754,1
46755,0
46756,1
46757,1
46758,1
46759,0
46760,1
46761,0
46762,1
46763,1
46764,1
46765,0
46766,1
46767,1
46768,1
46769,0
46770,0
46771,0
46772,1
46773,1
46774,1
46775,0
46776,1
46777,0
46778,1
46779,1
46780,0
46781,1
46782,0
46783,0
46784,0
46785,1
46786,1
46787,1
46788,1
46789,0
46790,1
46791,1
46792,1
46793,0
46794,0
46795,0
46796,1
46797,1
46798,1
46799,0
46800,1
46801,1
46802,0
46803,0
46804,1
46805,1
46806,1
46807,1
46808,0
46809,0
46810,0
46811,0
46812,1
46813,1
46814,1
46815,1
46816,1
46817,0
46818,1
46819,0
46820,1
46821,1
46822,1
46823,1
46824,1
46825,0
46826,1
46827,1
46828,1
46829,1
46830,1
46831,1
46832,0
46833,0
46834,1
46835,1
46836,0
46837,0
46838,1
46839,0
46840,1
46841,0
46842,1
46843,0
46844,0
46845,1
46846,1
46847,1
46848,1
46849,1
46850,1
46851,0
46852,0
46853,1
46854,1
46855,0
46856,0
46857,1
46858,1
46859,0
46860,1
46861,1
46862,1
46863,0
46864,0
46865,1
46866,0
46867,0
46868,1
46869,1
46870,1
46871,1
46872,1
46873,1
46874,1
46875,0
46876,0
46877,1
46878,1
46879,1
46880,1
46881,0
46882,1
46883,0
46884,0
46885,1
46886,0
46887,0
46888,1
46889,1
46890,0
46891,1
46892,1
46893,1
46894,1
46895,1
46896,1
46897,1
46898,1
46899,0
46900,1
46901,1
46902,0
46903,0
46904,0
46905,0
46906,1
46907,1
46908,1
46909,1
46910,1
46911,0
46912,0
46913,1
46914,0
46915,0
46916,0
46917,1
46918,0
46919,1
46920,1
46921,0
46922,1
46923,0
46924,1
46925,1
46926,0
46927,0
46928,1
46929,1
46930,1
46931,1
46932,0
46933,1
46934,1
46935,1
46936,0
46937,0
46938,0
46939,1
46940,1
46941,0
46942,0
46943,0
46944,1
46945,0
46946,0
46947,1
46948,1
46949,0
46950,0
46951,1
46952,1
46953,0
46954,0
46955,1
46956,1
46957,1
46958,1
46959,1
46960,0
46961,1
46962,0
46963,1
46964,1
46965,0
46966,0
46967,1
46968,1
46969,1
46970,1
46971,1
46972,1
46973,1
46974,1
46975,1
46976,1
46977,0
46978,0
46979,0
46980,1
46981,0
46982,1
46983,1
46984,1
46985,1
46986,1
46987,1
46988,0
46989,1
46990,1
46991,1
46992,1
46993,0
46994,1
46995,1
46996,1
46997,0
46998,0
46999,1
47000,1
47001,0
47002,1
47003,1
47004,1
47005,0
47006,1
47007,0
47008,1
47009,0
47010,0
47011,0
47012,1
47013,1
47014,0
47015,0
47016,1
47017,1
47018,1
47019,1
47020,1
47021,0
47022,0
47023,1
47024,1
47025,1
47026,1
47027,1
47028,0
47029,1
47030,1
47031,1
47032,1
47033,0
47034,1
47035,0
47036,1
47037,1
47038,0
47039,0
47040,1
47041,1
47042,0
47043,1
47044,1
47045,1
47046,1
47047,1
47048,0
47049,1
47050,0
47051,1
47052,1
47053,1
47054,0
47055,1
47056,1
47057,1
47058,1
47059,1
47060,1
47061,1
47062,1
47063,1
47064,1
47065,1
47066,0
47067,1
47068,0
47069,1
47070,1
47071,1
47072,1
47073,0
47074,1
47075,1
47076,1
47077,0
47078,1
47079,0
47080,0
47081,0
47082,1
47083,1
47084,1
47085,1
47086,0
47087,1
47088,1
47089,0
47090,0
47091,1
47092,1
47093,1
47094,1
47095,1
47096,1
47097,0
47098,1
47099,1
47100,1
47101,0
47102,1
47103,1
47104,1
47105,0
47106,0
47107,0
47108,0
47109,1
47110,1
47111,1
47112,1
47113,1
47114,0
47115,0
47116,0
47117,1
47118,1
47119,0
47120,0
47121,0
47122,1
47123,1
47124,1
47125,0
47126,1
47127,1
47128,1
47129,1
47130,1
47131,1
47132,0
47133,1
47134,1
47135,1
47136,0
47137,1
47138,0
47139,1
47140,0
47141,1
47142,1
47143,1
47144,0
47145,1
47146,1
47147,1
47148,1
47149,0
47150,1
47151,1
47152,0
47153,1
47154,1
47155,1
47156,1
47157,1
47158,1
47159,0
47160,1
47161,0
47162,1
47163,1
47164,1
47165,0
47166,0
47167,1
47168,0
47169,1
47170,1
47171,0
47172,0
47173,1
47174,1
47175,1
47176,1
47177,1
47178,0
47179,1
47180,1
47181,1
47182,0
47183,1
47184,0
47185,1
47186,1
47187,0
47188,0
47189,0
47190,0
47191,1
47192,0
47193,1
47194,1
47195,0
47196,1
47197,1
47198,0
47199,1
47200,1
47201,1
47202,0
47203,1
47204,0
47205,1
47206,1
47207,0
47208,1
47209,1
47210,1
47211,1
47212,0
47213,1
47214,1
47215,1
47216,0
47217,1
47218,1
47219,1
47220,1
47221,1
47222,1
47223,1
47224,1
47225,1
47226,1
47227,0
47228,0
47229,1
47230,1
47231,0
47232,1
47233,0
47234,0
47235,1
47236,0
47237,1
47238,0
47239,1
47240,0
47241,0
47242,1
47243,1
47244,0
47245,1
47246,1
47247,1
47248,0
47249,0
47250,0
47251,0
47252,1
47253,1
47254,0
47255,1
47256,0
47257,1
47258,0
47259,1
47260,0
47261,1
47262,1
47263,0
47264,1
47265,1
47266,0
47267,0
47268,1
47269,0
47270,0
47271,0
47272,1
47273,0
47274,1
47275,1
47276,1
47277,1
47278,1
47279,1
47280,1
47281,0
47282,0
47283,0
47284,1
47285,1
47286,1
47287,1
47288,1
47289,1
47290,1
47291,0
47292,0
47293,1
47294,1
47295,0
47296,1
47297,1
47298,0
47299,1
47300,0
47301,1
47302,1
47303,1
47304,1
47305,0
47306,1
47307,0
47308,0
47309,1
47310,1
47311,1
47312,0
47313,1
47314,1
47315,1
47316,1
47317,0
47318,0
47319,1
47320,1
47321,0
47322,0
47323,0
47324,0
47325,1
47326,1
47327,1
47328,0
47329,1
47330,0
47331,1
47332,1
47333,1
47334,1
47335,0
47336,0
47337,1
47338,0
47339,1
47340,1
47341,1
47342,0
47343,0
47344,0
47345,0
47346,0
47347,1
47348,1
47349,0
47350,0
47351,0
47352,1
47353,1
47354,0
47355,1
47356,1
47357,0
47358,0
47359,0
47360,0
47361,1
47362,0
47363,1
47364,1
47365,0
47366,0
47367,0
47368,1
47369,1
47370,1
47371,1
47372,0
47373,1
47374,0
47375,0
47376,0
47377,1
47378,0
47379,1
47380,0
47381,1
47382,0
47383,1
47384,0
47385,1
47386,1
47387,1
47388,1
47389,0
47390,0
47391,1
47392,1
47393,0
47394,1
47395,1
47396,1
47397,1
47398,1
47399,0
47400,1
47401,0
47402,1
47403,1
47404,1
47405,0
47406,0
47407,0
47408,1
47409,1
47410,1
47411,1
47412,1
47413,1
47414,0
47415,1
47416,0
47417,0
47418,1
47419,0
47420,0
47421,1
47422,1
47423,1
47424,1
47425,1
47426,1
47427,1
47428,1
47429,1
47430,1
47431,0
47432,1
47433,1
47434,1
47435,0
47436,1
47437,0
47438,0
47439,1
47440,1
47441,1
47442,1
47443,1
47444,0
47445,0
47446,1
47447,1
47448,1
47449,1
47450,1
47451,0
47452,0
47453,1
47454,0
47455,0
47456,0
47457,1
47458,0
47459,1
47460,1
47461,1
47462,1
47463,0
47464,0
47465,1
47466,1
47467,1
47468,0
47469,1
47470,1
47471,1
47472,1
47473,0
47474,1
47475,1
47476,1
47477,0
47478,1
47479,0
47480,1
47481,1
47482,0
47483,1
47484,1
47485,1
47486,0
47487,1
47488,0
47489,1
47490,0
47491,1
47492,1
47493,1
47494,0
47495,1
47496,1
47497,0
47498,0
47499,1
47500,1
47501,1
47502,0
47503,0
47504,1
47505,0
47506,1
47507,1
47508,0
47509,1
47510,0
47511,0
47512,1
47513,0
47514,1
47515,1
47516,0
47517,0
47518,1
47519,1
47520,0
47521,1
47522,0
47523,1
47524,0
47525,1
47526,0
47527,0
47528,1
47529,1
47530,1
47531,1
47532,1
47533,0
47534,0
47535,1
47536,1
47537,1
47538,1
47539,0
47540,0
47541,1
47542,0
47543,0
47544,0
47545,0
47546,1
47547,0
47548,0
47549,1
47550,1
47551,1
47552,1
47553,0
47554,1
47555,0
47556,1
47557,0
47558,0
47559,0
47560,0
47561,1
47562,1
47563,1
47564,1
47565,1
47566,0
47567,1
47568,1
47569,1
47570,0
47571,1
47572,1
47573,1
47574,0
47575,1
47576,0
47577,1
47578,1
47579,0
47580,0
47581,0
47582,1
47583,1
47584,1
47585,1
47586,1
47587,1
47588,0
47589,1
47590,0
47591,1
47592,1
47593,0
47594,1
47595,1
47596,0
47597,1
47598,1
47599,0
47600,1
47601,0
47602,1
47603,0
47604,0
47605,1
47606,1
47607,0
47608,1
47609,1
47610,1
47611,0
47612,1
47613,0
47614,1
47615,1
47616,1
47617,1
47618,0
47619,1
47620,1
47621,1
47622,1
47623,1
47624,1
47625,0
47626,1
47627,1
47628,1
47629,0
47630,1
47631,1
47632,0
47633,0
47634,0
47635,1
47636,1
47637,1
47638,1
47639,0
47640,0
47641,0
47642,1
47643,1
47644,1
47645,1
47646,1
47647,1
47648,0
47649,1
47650,1
47651,0
47652,1
47653,0
47654,1
47655,0
47656,0
47657,1
47658,0
47659,0
47660,0
47661,0
47662,0
47663,1
47664,1
47665,0
47666,0
47667,0
47668,1
47669,0
47670,0
47671,0
47672,0
47673,1
47674,1
47675,0
47676,1
47677,1
47678,0
47679,1
47680,1
47681,0
47682,1
47683,0
47684,0
47685,0
47686,0
47687,1
47688,1
47689,0
47690,1
47691,1
47692,1
47693,1
47694,1
47695,1
47696,1
47697,1
47698,1
47699,1
47700,0
47701,1
47702,0
47703,0
47704,1
47705,0
47706,1
47707,1
47708,0
47709,1
47710,0
47711,1
47712,1
47713,1
47714,0
47715,1
47716,1
47717,1
47718,1
47719,0
47720,1
47721,0
47722,1
47723,0
47724,1
47725,1
47726,0
47727,1
47728,1
47729,0
47730,0
47731,1
47732,1
47733,1
47734,0
47735,0
47736,0
47737,1
47738,1
47739,1
47740,0
47741,1
47742,0
47743,0
47744,1
47745,1
47746,1
47747,1
47748,0
47749,1
47750,1
47751,0
47752,1
47753,1
47754,1
47755,1
47756,1
47757,1
47758,0
47759,1
47760,1
47761,0
47762,1
47763,0
47764,1
47765,1
47766,1
47767,0
47768,1
47769,0
47770,1
47771,0
47772,1
47773,0
47774,1
47775,1
47776,0
47777,1
47778,1
47779,1
47780,0
47781,1
47782,0
47783,0
47784,1
47785,1
47786,1
47787,1
47788,1
47789,1
47790,0
47791,1
47792,1
47793,0
47794,0
47795,0
47796,1
47797,1
47798,0
47799,1
47800,1
47801,1
47802,1
47803,1
47804,1
47805,1
47806,0
47807,1
47808,1
47809,1
47810,1
47811,1
47812,1
47813,1
47814,0
47815,0
47816,1
47817,1
47818,0
47819,0
47820,1
47821,1
47822,1
47823,1
47824,0
47825,1
47826,0
47827,1
47828,0
47829,0
47830,1
47831,0
47832,1
47833,1
47834,0
47835,1
47836,1
47837,0
47838,1
47839,1
47840,1
47841,1
47842,0
47843,1
47844,1
47845,1
47846,1
47847,0
47848,0
47849,0
47850,1
47851,1
47852,0
47853,1
47854,1
47855,1
47856,1
47857,1
47858,1
47859,1
47860,0
47861,1
47862,1
47863,0
47864,0
47865,1
47866,1
47867,1
47868,0
47869,1
47870,1
47871,1
47872,0
47873,0
47874,0
47875,1
47876,1
47877,0
47878,1
47879,0
47880,0
47881,1
47882,1
47883,1
47884,1
47885,1
47886,1
47887,1
47888,1
47889,1
47890,0
47891,0
47892,1
47893,1
47894,1
47895,0
47896,0
47897,1
47898,1
47899,0
47900,0
47901,0
47902,1
47903,1
47904,0
47905,1
47906,1
47907,0
47908,1
47909,0
47910,1
47911,0
47912,0
47913,0
47914,1
47915,0
47916,0
47917,1
47918,1
47919,1
47920,0
47921,1
47922,1
47923,1
47924,1
47925,1
47926,1
47927,1
47928,0
47929,1
47930,0
47931,1
47932,0
47933,1
47934,1
47935,1
47936,1
47937,1
47938,1
47939,0
47940,1
47941,1
47942,0
47943,0
47944,0
47945,0
47946,0
47947,1
47948,0
47949,1
47950,1
47951,0
47952,1
47953,0
47954,0
47955,1
47956,0
47957,0
47958,0
47959,0
47960,1
47961,0
47962,1
47963,0
47964,0
47965,0
47966,0
47967,1
47968,1
47969,0
47970,1
47971,1
47972,0
47973,1
47974,0
47975,0
47976,0
47977,1
47978,1
47979,0
47980,1
47981,0
47982,1
47983,1
47984,1
47985,0
47986,1
47987,0
47988,1
47989,1
47990,1
47991,1
47992,0
47993,0
47994,1
47995,0
47996,1
47997,0
47998,1
47999,0
48000,1
48001,0
48002,1
48003,1
48004,1
48005,1
48006,0
48007,0
48008,0
48009,1
48010,0
48011,1
48012,0
48013,1
48014,0
48015,1
48016,1
48017,0
48018,0
48019,1
48020,1
48021,1
48022,0
48023,1
48024,1
48025,1
48026,1
48027,0
48028,0
48029,1
48030,1
48031,1
48032,0
48033,1
48034,1
48035,1
48036,1
48037,1
48038,1
48039,0
48040,1
48041,0
48042,1
48043,0
48044,1
48045,0
48046,1
48047,0
48048,1
48049,1
48050,0
48051,0
48052,1
48053,0
48054,0
48055,1
48056,0
48057,1
48058,0
48059,0
48060,1
48061,0
48062,1
48063,1
48064,0
48065,0
48066,1
48067,0
48068,1
48069,0
48070,0
48071,1
48072,0
48073,1
48074,0
48075,1
48076,1
48077,0
48078,1
48079,1
48080,1
48081,0
48082,0
48083,0
48084,0
48085,0
48086,0
48087,1
48088,0
48089,0
48090,0
48091,1
48092,1
48093,1
48094,1
48095,1
48096,1
48097,0
48098,0
48099,0
48100,0
48101,0
48102,1
48103,1
48104,1
48105,0
48106,0
48107,1
48108,1
48109,1
48110,1
48111,1
48112,1
48113,0
48114,0
48115,1
48116,1
48117,1
48118,1
48119,0
48120,1
48121,0
48122,1
48123,1
48124,1
48125,1
48126,1
48127,0
48128,1
48129,1
48130,1
48131,1
48132,0
48133,1
48134,0
48135,1
48136,0
48137,1
48138,1
48139,1
48140,1
48141,0
48142,1
48143,1
48144,0
48145,0
48146,1
48147,1
48148,1
48149,0
48150,0
48151,1
48152,0
48153,1
48154,0
48155,1
48156,0
48157,1
48158,0
48159,1
48160,1
48161,1
48162,1
48163,1
48164,1
48165,0
48166,1
48167,1
48168,0
48169,1
48170,1
48171,1
48172,0
48173,0
48174,0
48175,0
48176,0
48177,1
48178,1
48179,1
48180,0
48181,0
48182,0
48183,0
48184,1
48185,1
48186,1
48187,0
48188,1
48189,1
48190,1
48191,1
48192,0
48193,1
48194,1
48195,0
48196,0
48197,1
48198,0
48199,0
48200,1
48201,1
48202,1
48203,0
48204,0
48205,1
48206,1
48207,0
48208,1
48209,0
48210,0
48211,0
48212,0
48213,1
48214,0
48215,1
48216,0
48217,1
48218,1
48219,0
48220,1
48221,1
48222,1
48223,1
48224,0
48225,0
48226,0
48227,1
48228,1
48229,1
48230,1
48231,1
48232,1
48233,1
48234,1
48235,1
48236,1
48237,1
48238,1
48239,1
48240,0
48241,0
48242,0
48243,1
48244,0
48245,0
48246,1
48247,1
48248,1
48249,1
48250,0
48251,1
48252,1
48253,1
48254,0
48255,1
48256,1
48257,1
48258,1
48259,1
48260,1
48261,0
48262,0
48263,0
48264,1
48265,0
48266,1
48267,0
48268,1
48269,0
48270,0
48271,1
48272,0
48273,0
48274,1
48275,1
48276,1
48277,1
48278,1
48279,1
48280,1
48281,0
48282,1
48283,0
48284,0
48285,0
48286,0
48287,1
48288,1
48289,0
48290,1
48291,0
48292,0
48293,0
48294,1
48295,1
48296,0
48297,0
48298,1
48299,1
48300,1
48301,1
48302,1
48303,1
48304,0
48305,1
48306,1
48307,1
48308,0
48309,0
48310,1
48311,1
48312,0
48313,1
48314,0
48315,0
48316,1
48317,0
48318,1
48319,0
48320,1
48321,1
48322,1
48323,1
48324,1
48325,1
48326,0
48327,0
48328,1
48329,1
48330,0
48331,1
48332,1
48333,1
48334,1
48335,0
48336,0
48337,0
48338,1
48339,0
48340,0
48341,1
48342,0
48343,1
48344,0
48345,0
48346,0
48347,0
48348,0
48349,0
48350,1
48351,0
48352,1
48353,1
48354,1
48355,1
48356,0
48357,1
48358,1
48359,1
48360,1
48361,0
48362,0
48363,1
48364,1
48365,1
48366,1
48367,1
48368,1
48369,1
48370,1
48371,1
48372,0
48373,1
48374,0
48375,0
48376,1
48377,1
48378,1
48379,0
48380,1
48381,1
48382,1
48383,1
48384,1
48385,1
48386,0
48387,1
48388,1
48389,0
48390,1
48391,1
48392,0
48393,0
48394,0
48395,1
48396,0
48397,0
48398,1
48399,1
48400,1
48401,1
48402,0
48403,0
48404,1
48405,0
48406,0
48407,0
48408,0
48409,0
48410,0
48411,1
48412,0
48413,1
48414,1
48415,1
48416,0
48417,0
48418,0
48419,0
48420,1
48421,0
48422,1
48423,1
48424,1
48425,1
48426,1
48427,1
48428,1
48429,0
48430,1
48431,1
48432,1
48433,1
48434,1
48435,1
48436,0
48437,1
48438,1
48439,0
48440,1
48441,1
48442,1
48443,0
48444,1
48445,0
48446,0
48447,1
48448,0
48449,1
48450,1
48451,1
48452,0
48453,1
48454,0
48455,0
48456,0
48457,0
48458,1
48459,0
48460,1
48461,1
48462,0
48463,1
48464,1
48465,0
48466,1
48467,0
48468,1
48469,1
48470,1
48471,0
48472,0
48473,0
48474,0
48475,0
48476,0
48477,1
48478,0
48479,1
48480,1
48481,1
48482,0
48483,1
48484,0
48485,1
48486,1
48487,0
48488,1
48489,1
48490,1
48491,0
48492,0
48493,0
48494,1
48495,0
48496,1
48497,0
48498,1
48499,1
48500,0
48501,1
48502,1
48503,1
48504,0
48505,1
48506,0
48507,0
48508,1
48509,1
48510,1
48511,1
48512,0
48513,0
48514,1
48515,1
48516,0
48517,0
48518,0
48519,0
48520,1
48521,1
48522,1
48523,1
48524,1
48525,1
48526,1
48527,0
48528,0
48529,1
48530,0
48531,1
48532,0
48533,0
48534,1
48535,1
48536,1
48537,0
48538,1
48539,0
48540,0
48541,1
48542,0
48543,0
48544,1
48545,1
48546,0
48547,1
48548,0
48549,0
48550,0
48551,0
48552,0
48553,1
48554,0
48555,1
48556,0
48557,0
48558,1
48559,0
48560,1
48561,1
48562,1
48563,0
48564,0
48565,1
48566,0
48567,1
48568,1
48569,0
48570,0
48571,1
48572,1
48573,0
48574,0
48575,0
48576,0
48577,0
48578,1
48579,1
48580,0
48581,0
48582,0
48583,1
48584,0
48585,1
48586,1
48587,1
48588,1
48589,1
48590,1
48591,1
48592,1
48593,1
48594,0
48595,0
48596,1
48597,1
48598,1
48599,1
48600,0
48601,1
48602,1
48603,1
48604,1
48605,1
48606,0
48607,0
48608,1
48609,1
48610,1
48611,1
48612,1
48613,1
48614,0
48615,1
48616,1
48617,1
48618,0
48619,0
48620,1
48621,1
48622,1
48623,0
48624,1
48625,1
48626,1
48627,0
48628,1
48629,1
48630,1
48631,0
48632,1
48633,0
48634,1
48635,0
48636,1
48637,0
48638,1
48639,1
48640,0
48641,1
48642,1
48643,0
48644,0
48645,1
48646,1
48647,0
48648,1
48649,0
48650,1
48651,1
48652,1
48653,1
48654,0
48655,1
48656,1
48657,1
48658,1
48659,1
48660,1
48661,1
48662,1
48663,1
48664,0
48665,1
48666,0
48667,1
48668,1
48669,1
48670,1
48671,1
48672,1
48673,1
48674,1
48675,1
48676,1
48677,1
48678,1
48679,0
48680,1
48681,0
48682,1
48683,1
48684,1
48685,0
48686,1
48687,1
48688,1
48689,1
48690,1
48691,1
48692,1
48693,0
48694,1
48695,1
48696,1
48697,1
48698,0
48699,0
48700,1
48701,1
48702,1
48703,0
48704,1
48705,0
48706,1
48707,1
48708,1
48709,0
48710,1
48711,1
48712,1
48713,1
48714,1
48715,0
48716,1
48717,1
48718,1
48719,1
48720,1
48721,1
48722,1
48723,0
48724,1
48725,0
48726,0
48727,0
48728,0
48729,1
48730,1
48731,1
48732,1
48733,1
48734,0
48735,0
48736,1
48737,1
48738,1
48739,1
48740,1
48741,1
48742,0
48743,0
48744,1
48745,1
48746,1
48747,0
48748,1
48749,0
48750,1
48751,1
48752,1
48753,1
48754,1
48755,0
48756,1
48757,0
48758,1
48759,1
48760,1
48761,1
48762,1
48763,1
48764,0
48765,1
48766,1
48767,1
48768,1
48769,0
48770,1
48771,1
48772,0
48773,0
48774,0
48775,1
48776,1
48777,1
48778,1
48779,1
48780,1
48781,0
48782,1
48783,1
48784,1
48785,0
48786,1
48787,1
48788,1
48789,1
48790,1
48791,1
48792,0
48793,1
48794,1
48795,0
48796,1
48797,0
48798,0
48799,1
48800,1
48801,0
48802,1
48803,0
48804,0
48805,1
48806,1
48807,0
48808,0
48809,1
48810,1
48811,0
48812,0
48813,1
48814,0
48815,1
48816,1
48817,1
48818,1
48819,0
48820,0
48821,0
48822,0
48823,1
48824,0
48825,1
48826,1
48827,1
48828,1
48829,0
48830,0
48831,1
48832,0
48833,1
48834,1
48835,1
48836,1
48837,1
48838,1
48839,1
48840,1
48841,1
48842,0
48843,0
48844,1
48845,1
48846,1
48847,1
48848,0
48849,0
48850,0
48851,1
48852,1
48853,1
48854,1
48855,1
48856,1
48857,1
48858,0
48859,1
48860,1
48861,1
48862,0
48863,1
48864,1
48865,0
48866,0
48867,1
48868,0
48869,0
48870,0
48871,0
48872,1
48873,1
48874,0
48875,0
48876,1
48877,1
48878,1
48879,1
48880,1
48881,1
48882,1
48883,1
48884,1
48885,0
48886,1
48887,1
48888,1
48889,1
48890,0
48891,0
48892,1
48893,0
48894,1
48895,0
48896,0
48897,1
48898,1
48899,1
48900,1
48901,1
48902,1
48903,1
48904,1
48905,1
48906,0
48907,1
48908,0
48909,1
48910,0
48911,0
48912,1
48913,1
48914,1
48915,0
48916,1
48917,1
48918,1
48919,0
48920,0
48921,1
48922,0
48923,0
48924,0
48925,1
48926,1
48927,1
48928,0
48929,0
48930,1
48931,1
48932,1
48933,1
48934,1
48935,1
48936,0
48937,0
48938,1
48939,1
48940,0
48941,1
48942,1
48943,0
48944,1
48945,0
48946,0
48947,0
48948,1
48949,1
48950,0
48951,1
48952,0
48953,1
48954,0
48955,1
48956,0
48957,1
48958,1
48959,1
48960,0
48961,1
48962,1
48963,1
48964,1
48965,0
48966,0
48967,0
48968,1
48969,1
48970,1
48971,1
48972,1
48973,0
48974,1
48975,1
48976,1
48977,0
48978,1
48979,1
48980,0
48981,0
48982,1
48983,0
48984,0
48985,1
48986,0
48987,1
48988,1
48989,0
48990,1
48991,1
48992,1
48993,0
48994,1
48995,0
48996,1
48997,1
48998,0
48999,0
49000,1
49001,1
49002,1
49003,1
49004,0
49005,1
49006,1
49007,1
49008,0
49009,1
49010,0
49011,1
49012,1
49013,0
49014,0
49015,0
49016,1
49017,0
49018,1
49019,0
49020,1
49021,1
49022,1
49023,1
49024,1
49025,1
49026,0
49027,0
49028,1
49029,1
49030,0
49031,0
49032,1
49033,1
49034,1
49035,0
49036,1
49037,1
49038,0
49039,1
49040,1
49041,1
49042,1
49043,0
49044,1
49045,1
49046,1
49047,0
49048,0
49049,1
49050,0
49051,1
49052,1
49053,1
49054,1
49055,1
49056,1
49057,0
49058,0
49059,1
49060,0
49061,0
49062,1
49063,1
49064,1
49065,1
49066,1
49067,1
49068,1
49069,0
49070,1
49071,1
49072,0
49073,1
49074,0
49075,0
49076,0
49077,1
49078,1
49079,1
49080,1
49081,0
49082,0
49083,0
49084,1
49085,1
49086,1
49087,0
49088,0
49089,1
49090,1
49091,1
49092,0
49093,1
49094,1
49095,1
49096,1
49097,1
49098,1
49099,1
49100,0
49101,1
49102,0
49103,0
49104,0
49105,1
49106,1
49107,0
49108,1
49109,1
49110,1
49111,1
49112,0
49113,1
49114,1
49115,0
49116,0
49117,0
49118,1
49119,1
49120,1
49121,1
49122,1
49123,1
49124,0
49125,0
49126,1
49127,1
49128,1
49129,1
49130,0
49131,1
49132,1
49133,0
49134,1
49135,1
49136,1
49137,1
49138,1
49139,1
49140,0
49141,1
49142,1
49143,0
49144,0
49145,0
49146,1
49147,0
49148,1
49149,0
49150,1
49151,0
49152,0
49153,0
49154,1
49155,1
49156,1
49157,1
49158,0
49159,0
49160,1
49161,0
49162,0
49163,1
49164,0
49165,0
49166,1
49167,1
49168,1
49169,0
49170,0
49171,1
49172,0
49173,1
49174,0
49175,1
49176,0
49177,1
49178,0
49179,0
49180,1
49181,1
49182,1
49183,1
49184,1
49185,1
49186,1
49187,1
49188,1
49189,0
49190,1
49191,1
49192,0
49193,1
49194,0
49195,1
49196,1
49197,0
49198,1
49199,1
49200,1
49201,0
49202,1
49203,0
49204,0
49205,1
49206,0
49207,0
49208,1
49209,1
49210,1
49211,0
49212,1
49213,0
49214,1
49215,1
49216,1
49217,0
49218,0
49219,1
49220,1
49221,1
49222,1
49223,1
49224,1
49225,0
49226,0
49227,1
49228,1
49229,0
49230,1
49231,1
49232,1
49233,0
49234,1
49235,1
49236,1
49237,0
49238,0
49239,1
49240,1
49241,0
49242,1
49243,1
49244,0
49245,1
49246,0
49247,1
49248,0
49249,0
49250,0
49251,1
49252,0
49253,0
49254,0
49255,1
49256,1
49257,1
49258,0
49259,0
49260,0
49261,0
49262,1
49263,0
49264,1
49265,1
49266,0
49267,1
49268,1
49269,1
49270,1
49271,1
49272,1
49273,1
49274,1
49275,0
49276,0
49277,0
49278,0
49279,1
49280,0
49281,0
49282,1
49283,0
49284,0
49285,1
49286,1
49287,0
49288,1
49289,1
49290,1
49291,1
49292,1
49293,1
49294,0
49295,1
49296,0
49297,0
49298,1
49299,0
49300,1
49301,0
49302,0
49303,0
49304,0
49305,1
49306,1
49307,0
49308,1
49309,1
49310,1
49311,0
49312,1
49313,0
49314,1
49315,0
49316,1
49317,0
49318,0
49319,0
49320,1
49321,0
49322,1
49323,1
49324,1
49325,0
49326,0
49327,0
49328,0
49329,1
49330,0
49331,0
49332,0
49333,1
49334,1
49335,0
49336,1
49337,0
49338,0
49339,1
49340,1
49341,0
49342,1
49343,1
49344,0
49345,1
49346,1
49347,0
49348,0
49349,1
49350,0
49351,1
49352,1
49353,0
49354,1
49355,0
49356,1
49357,1
49358,1
49359,0
49360,1
49361,1
49362,1
49363,0
49364,1
49365,1
49366,1
49367,1
49368,1
49369,1
49370,1
49371,1
49372,1
49373,1
49374,0
49375,1
49376,0
49377,0
49378,1
49379,0
49380,0
49381,0
49382,1
49383,1
49384,1
49385,1
49386,0
49387,0
49388,0
49389,1
49390,1
49391,1
49392,1
49393,0
49394,1
49395,1
49396,0
49397,0
49398,1
49399,0
49400,1
49401,1
49402,1
49403,0
49404,1
49405,1
49406,0
49407,0
49408,0
49409,0
49410,0
49411,1
49412,1
49413,1
49414,0
49415,1
49416,1
49417,1
49418,1
49419,0
49420,1
49421,1
49422,1
49423,0
49424,1
49425,1
49426,1
49427,1
49428,1
49429,1
49430,0
49431,1
49432,1
49433,0
49434,0
49435,0
49436,0
49437,1
49438,0
49439,1
49440,0
49441,1
49442,1
49443,1
49444,0
49445,1
49446,1
49447,1
49448,1
49449,1
49450,0
49451,0
49452,1
49453,1
49454,1
49455,0
49456,1
49457,1
49458,1
49459,0
49460,1
49461,1
49462,1
49463,1
49464,1
49465,1
49466,0
49467,1
49468,1
49469,0
49470,0
49471,1
49472,1
49473,1
49474,1
49475,0
49476,1
49477,1
49478,0
49479,0
49480,0
49481,0
49482,1
49483,0
49484,0
49485,1
49486,1
49487,1
49488,1
49489,1
49490,0
49491,1
49492,1
49493,0
49494,0
49495,0
49496,1
49497,1
49498,0
49499,0
49500,1
49501,1
49502,0
49503,0
49504,1
49505,0
49506,0
49507,1
49508,0
49509,1
49510,1
49511,0
49512,0
49513,1
49514,1
49515,0
49516,0
49517,1
49518,1
49519,1
49520,1
49521,0
49522,0
49523,1
49524,1
49525,0
49526,1
49527,1
49528,1
49529,1
49530,1
49531,0
49532,1
49533,1
49534,1
49535,0
49536,1
49537,1
49538,0
49539,1
49540,1
49541,1
49542,0
49543,0
49544,1
49545,1
49546,0
49547,1
49548,1
49549,1
49550,1
49551,0
49552,1
49553,0
49554,0
49555,0
49556,1
49557,1
49558,1
49559,1
49560,0
49561,1
49562,1
49563,1
49564,1
49565,0
49566,0
49567,1
49568,1
49569,0
49570,1
49571,1
49572,1
49573,0
49574,0
49575,1
49576,0
49577,1
49578,0
49579,1
49580,1
49581,1
49582,1
49583,1
49584,1
49585,0
49586,1
49587,1
49588,0
49589,1
49590,1
49591,0
49592,1
49593,1
49594,0
49595,1
49596,1
49597,0
49598,0
49599,1
49600,0
49601,1
49602,1
49603,0
49604,0
49605,1
49606,1
49607,0
49608,0
49609,1
49610,0
49611,1
49612,0
49613,0
49614,1
49615,1
49616,0
49617,1
49618,1
49619,1
49620,1
49621,0
49622,0
49623,1
49624,1
49625,1
49626,1
49627,1
49628,1
49629,1
49630,1
49631,1
49632,0
49633,0
49634,1
49635,1
49636,0
49637,0
49638,1
49639,1
49640,0
49641,1
49642,0
49643,1
49644,0
49645,1
49646,1
49647,0
49648,1
49649,1
49650,0
49651,1
49652,1
49653,0
49654,1
49655,1
49656,1
49657,1
49658,1
49659,1
49660,1
49661,1
49662,1
49663,0
49664,1
49665,0
49666,0
49667,1
49668,1
49669,0
49670,0
49671,1
49672,1
49673,1
49674,1
49675,0
49676,0
49677,0
49678,0
49679,0
49680,1
49681,1
49682,1
49683,1
49684,1
49685,1
49686,0
49687,1
49688,1
49689,1
49690,1
49691,1
49692,1
49693,0
49694,1
49695,1
49696,0
49697,1
49698,0
49699,0
49700,1
49701,0
49702,1
49703,1
49704,0
49705,0
49706,1
49707,0
49708,1
49709,0
49710,1
49711,0
49712,1
49713,1
49714,0
49715,1
49716,1
49717,0
49718,1
49719,0
49720,1
49721,0
49722,0
49723,1
49724,0
49725,1
49726,0
49727,0
49728,1
49729,1
49730,1
49731,0
49732,1
49733,1
49734,1
49735,0
49736,1
49737,1
49738,1
49739,0
49740,1
49741,1
49742,1
49743,1
49744,0
49745,0
49746,0
49747,1
49748,0
49749,1
49750,1
49751,0
49752,0
49753,1
49754,1
49755,1
49756,1
49757,1
49758,0
49759,1
49760,1
49761,0
49762,1
49763,1
49764,1
49765,1
49766,1
49767,1
49768,0
49769,1
49770,1
49771,1
49772,0
49773,0
49774,0
49775,1
49776,0
49777,0
49778,0
49779,0
49780,1
49781,1
49782,1
49783,1
49784,0
49785,1
49786,1
49787,1
49788,1
49789,1
49790,0
49791,1
49792,1
49793,1
49794,0
49795,1
49796,0
49797,0
49798,1
49799,0
49800,1
49801,1
49802,0
49803,1
49804,1
49805,0
49806,1
49807,1
49808,1
49809,1
49810,1
49811,1
49812,1
49813,1
49814,0
49815,1
49816,0
49817,0
49818,1
49819,1
49820,1
49821,0
49822,1
49823,1
49824,1
49825,1
49826,0
49827,1
49828,1
49829,1
49830,0
49831,1
49832,0
49833,0
49834,0
49835,0
49836,0
49837,0
49838,1
49839,1
49840,1
49841,1
49842,1
49843,1
49844,1
49845,0
49846,1
49847,1
49848,1
49849,1
49850,1
49851,1
49852,1
49853,1
49854,1
49855,0
49856,1
49857,1
49858,0
49859,0
49860,1
49861,1
49862,1
49863,1
49864,1
49865,0
49866,0
49867,0
49868,1
49869,1
49870,1
49871,0
49872,1
49873,1
49874,1
49875,1
49876,1
49877,0
49878,1
49879,1
49880,0
49881,1
49882,1
49883,1
49884,0
49885,0
49886,1
49887,1
49888,1
49889,1
49890,1
49891,0
49892,1
49893,0
49894,1
49895,1
49896,0
49897,1
49898,1
49899,0
49900,1
49901,1
49902,1
49903,1
49904,1
49905,1
49906,1
49907,0
49908,0
49909,1
49910,1
49911,0
49912,1
49913,1
49914,1
49915,1
49916,1
49917,1
49918,1
49919,1
49920,0
49921,1
49922,1
49923,0
49924,1
49925,1
49926,0
49927,1
49928,0
49929,1
49930,1
49931,0
49932,0
49933,0
49934,0
49935,1
49936,0
49937,0
49938,1
49939,1
49940,0
49941,0
49942,1
49943,1
49944,1
49945,1
49946,1
49947,1
49948,0
49949,1
49950,1
49951,1
49952,1
49953,1
49954,0
49955,1
49956,1
49957,0
49958,1
49959,1
49960,1
49961,1
49962,1
49963,1
49964,1
49965,0
49966,1
49967,1
49968,1
49969,1
49970,1
49971,1
49972,0
49973,1
49974,1
49975,1
49976,1
49977,1
49978,0
49979,1
49980,0
49981,1
49982,1
49983,1
49984,1
49985,0
49986,0
49987,0
49988,0
49989,1
49990,1
49991,0
49992,1
49993,1
49994,0
49995,1
49996,1
49997,0
49998,1
49999,1
50000,1
50001,1
50002,1
50003,1
50004,0
50005,1
50006,1
50007,0
50008,1
50009,0
50010,1
50011,1
50012,0
50013,1
50014,1
50015,0
50016,1
50017,1
50018,1
50019,1
50020,0
50021,0
50022,1
50023,1
50024,0
50025,0
50026,0
50027,1
50028,1
50029,1
50030,1
50031,1
50032,0
50033,0
50034,1
50035,1
50036,1
50037,1
50038,1
50039,1
50040,1
50041,0
50042,1
50043,1
50044,1
50045,1
50046,1
50047,1
50048,0
50049,1
50050,0
50051,1
50052,1
50053,0
50054,0
50055,0
50056,1
50057,1
50058,1
50059,0
50060,1
50061,1
50062,0
50063,1
50064,0
50065,1
50066,1
50067,0
50068,1
50069,0
50070,1
50071,1
50072,0
50073,0
50074,0
50075,1
50076,1
50077,1
50078,1
50079,1
50080,1
50081,0
50082,0
50083,1
50084,0
50085,1
50086,0
50087,1
50088,0
50089,1
50090,1
50091,1
50092,1
50093,1
50094,1
50095,1
50096,1
50097,1
50098,1
50099,1
50100,1
50101,0
50102,1
50103,0
50104,0
50105,1
50106,0
50107,1
50108,1
50109,0
50110,0
50111,0
50112,1
50113,1
50114,1
50115,1
50116,0
50117,1
50118,0
50119,0
50120,1
50121,0
50122,0
50123,1
50124,1
50125,0
50126,1
50127,1
50128,1
50129,1
50130,0
50131,1
50132,1
50133,1
50134,1
50135,0
50136,1
50137,1
50138,1
50139,1
50140,0
50141,1
50142,1
50143,1
50144,1
50145,1
50146,1
50147,1
50148,1
50149,0
50150,1
50151,0
50152,0
50153,0
50154,1
50155,1
50156,0
50157,0
50158,1
50159,1
50160,0
50161,1
50162,1
50163,1
50164,0
50165,1
50166,1
50167,1
50168,1
50169,1
50170,1
50171,1
50172,1
50173,0
50174,1
50175,0
50176,0
50177,1
50178,1
50179,0
50180,1
50181,0
50182,0
50183,1
50184,0
50185,1
50186,0
50187,0
50188,1
50189,0
50190,1
50191,1
50192,1
50193,1
50194,1
50195,1
50196,1
50197,1
50198,1
50199,1
50200,0
50201,1
50202,0
50203,0
50204,1
50205,1
50206,0
50207,1
50208,0
50209,0
50210,0
50211,1
50212,0
50213,1
50214,0
50215,1
50216,1
50217,0
50218,0
50219,0
50220,1
50221,1
50222,1
50223,1
50224,0
50225,1
50226,1
50227,1
50228,1
50229,1
50230,0
50231,1
50232,1
50233,1
50234,1
50235,0
50236,1
50237,1
50238,0
50239,1
50240,1
50241,1
50242,0
50243,0
50244,1
50245,0
50246,1
50247,0
50248,1
50249,0
50250,1
50251,0
50252,0
50253,0
50254,1
50255,0
50256,1
50257,1
50258,1
50259,1
50260,0
50261,1
50262,1
50263,0
50264,0
50265,1
50266,0
50267,0
50268,1
50269,0
50270,1
50271,0
50272,1
50273,1
50274,1
50275,1
50276,0
50277,0
50278,0
50279,0
50280,0
50281,1
50282,0
50283,1
50284,1
50285,0
50286,1
50287,1
50288,0
50289,0
50290,1
50291,0
50292,0
50293,1
50294,0
50295,0
50296,0
50297,0
50298,1
50299,1
50300,0
50301,0
50302,1
50303,1
50304,0
50305,1
50306,1
50307,1
50308,1
50309,0
50310,0
50311,0
50312,1
50313,1
50314,1
50315,1
50316,1
50317,0
50318,0
50319,0
50320,1
50321,0
50322,1
50323,1
50324,1
50325,0
50326,1
50327,0
50328,1
50329,0
50330,1
50331,0
50332,0
50333,1
50334,1
50335,0
50336,0
50337,0
50338,1
50339,1
50340,0
50341,1
50342,1
50343,0
50344,0
50345,1
50346,1
50347,1
50348,1
50349,0
50350,1
50351,1
50352,0
50353,0
50354,0
50355,0
50356,0
50357,1
50358,0
50359,1
50360,1
50361,0
50362,1
50363,0
50364,1
50365,1
50366,0
50367,0
50368,1
50369,0
50370,1
50371,1
50372,1
50373,1
50374,1
50375,1
50376,1
50377,1
50378,1
50379,1
50380,1
50381,1
50382,1
50383,0
50384,1
50385,1
50386,0
50387,1
50388,1
50389,0
50390,1
50391,1
50392,0
50393,1
50394,1
50395,0
50396,0
50397,1
50398,0
50399,1
50400,0
50401,1
50402,0
50403,1
50404,0
50405,0
50406,1
50407,1
50408,1
50409,0
50410,1
50411,1
50412,1
50413,1
50414,0
50415,1
50416,1
50417,1
50418,1
50419,0
50420,1
50421,0
50422,1
50423,1
50424,1
50425,0
50426,0
50427,0
50428,0
50429,1
50430,0
50431,1
50432,1
50433,0
50434,1
50435,0
50436,1
50437,0
50438,0
50439,1
50440,0
50441,0
50442,1
50443,0
50444,1
50445,0
50446,1
50447,0
50448,0
50449,1
50450,0
50451,1
50452,1
50453,1
50454,0
50455,1
50456,1
50457,1
50458,1
50459,1
50460,1
50461,1
50462,0
50463,0
50464,1
50465,1
50466,1
50467,1
50468,0
50469,0
50470,1
50471,0
50472,1
50473,1
50474,1
50475,0
50476,1
50477,1
50478,1
50479,1
50480,0
50481,0
50482,1
50483,1
50484,1
50485,1
50486,1
50487,0
50488,1
50489,0
50490,1
50491,1
50492,1
50493,1
50494,1
50495,0
50496,1
50497,1
50498,1
50499,1
50500,1
50501,1
50502,0
50503,0
50504,1
50505,1
50506,1
50507,1
50508,0
50509,1
50510,1
50511,0
50512,1
50513,0
50514,1
50515,1
50516,0
50517,1
50518,1
50519,1
50520,1
50521,1
50522,0
50523,1
50524,0
50525,1
50526,1
50527,0
50528,1
50529,1
50530,1
50531,1
50532,1
50533,1
50534,0
50535,1
50536,1
50537,1
50538,0
50539,1
50540,1
50541,0
50542,1
50543,0
50544,1
50545,1
50546,1
50547,0
50548,1
50549,1
50550,1
50551,0
50552,1
50553,1
50554,1
50555,1
50556,0
50557,1
50558,0
50559,0
50560,0
50561,1
50562,1
50563,0
50564,1
50565,0
50566,1
50567,1
50568,0
50569,1
50570,1
50571,0
50572,0
50573,0
50574,1
50575,0
50576,1
50577,0
50578,1
50579,0
50580,1
50581,0
50582,1
50583,1
50584,1
50585,1
50586,0
50587,1
50588,0
50589,0
50590,1
50591,1
50592,1
50593,0
50594,1
50595,1
50596,0
50597,1
50598,1
50599,0
50600,1
50601,1
50602,1
50603,0
50604,1
50605,0
50606,0
50607,0
50608,1
50609,1
50610,1
50611,1
50612,1
50613,1
50614,1
50615,1
50616,1
50617,0
50618,0
50619,0
50620,0
50621,1
50622,1
50623,0
50624,0
50625,1
50626,0
50627,0
50628,0
50629,0
50630,1
50631,1
50632,1
50633,1
50634,0
50635,1
50636,0
50637,1
50638,0
50639,1
50640,1
50641,0
50642,0
50643,1
50644,1
50645,1
50646,1
50647,0
50648,0
50649,1
50650,1
50651,1
50652,1
50653,0
50654,1
50655,1
50656,1
50657,0
50658,1
50659,1
50660,1
50661,1
50662,1
50663,1
50664,0
50665,1
50666,1
50667,0
50668,0
50669,1
50670,0
50671,1
50672,1
50673,1
50674,0
50675,1
50676,1
50677,1
50678,0
50679,1
50680,1
50681,1
50682,0
50683,1
50684,0
50685,1
50686,1
50687,1
50688,1
50689,0
50690,1
50691,1
50692,0
50693,0
50694,1
50695,1
50696,1
50697,1
50698,0
50699,0
50700,1
50701,1
50702,0
50703,1
50704,1
50705,1
50706,1
50707,0
50708,0
50709,0
50710,0
50711,1
50712,0
50713,1
50714,0
50715,1
50716,1
50717,0
50718,0
50719,0
50720,1
50721,0
50722,1
50723,1
50724,1
50725,1
50726,0
50727,1
50728,1
50729,1
50730,0
50731,1
50732,1
50733,0
50734,0
50735,0
50736,1
50737,0
50738,0
50739,1
50740,0
50741,1
50742,1
50743,1
50744,0
50745,1
50746,1
50747,0
50748,1
50749,1
50750,0
50751,0
50752,0
50753,1
50754,1
50755,1
50756,0
50757,1
50758,1
50759,1
50760,1
50761,1
50762,0
50763,0
50764,1
50765,1
50766,0
50767,1
50768,1
50769,1
50770,1
50771,0
50772,1
50773,1
50774,1
50775,1
50776,1
50777,1
50778,0
50779,1
50780,1
50781,1
50782,1
50783,0
50784,1
50785,1
50786,0
50787,1
50788,1
50789,1
50790,1
50791,1
50792,0
50793,0
50794,1
50795,1
50796,1
50797,1
50798,1
50799,0
50800,1
50801,1
50802,1
50803,1
50804,0
50805,1
50806,0
50807,1
50808,1
50809,1
50810,0
50811,1
50812,0
50813,0
50814,1
50815,1
50816,1
50817,0
50818,0
50819,0
50820,1
50821,1
50822,1
50823,1
50824,1
50825,1
50826,0
50827,1
50828,1
50829,1
50830,0
50831,0
50832,0
50833,1
50834,0
50835,0
50836,0
50837,1
50838,1
50839,1
50840,0
50841,1
50842,1
50843,1
50844,0
50845,1
50846,1
50847,1
50848,1
50849,0
50850,1
50851,0
50852,1
50853,0
50854,1
50855,1
50856,1
50857,1
50858,1
50859,1
50860,1
50861,1
50862,1
50863,1
50864,0
50865,0
50866,1
50867,0
50868,1
50869,0
50870,1
50871,1
50872,1
50873,1
50874,0
50875,1
50876,1
50877,1
50878,1
50879,1
50880,1
50881,1
50882,0
50883,1
50884,1
50885,1
50886,1
50887,1
50888,1
50889,1
50890,0
50891,0
50892,1
50893,0
50894,0
50895,0
50896,1
50897,1
50898,1
50899,1
50900,0
50901,1
50902,1
50903,0
50904,1
50905,0
50906,1
50907,1
50908,0
50909,0
50910,1
50911,0
50912,1
50913,1
50914,0
50915,1
50916,1
50917,0
50918,1
50919,0
50920,0
50921,1
50922,1
50923,0
50924,1
50925,0
50926,0
50927,0
50928,1
50929,0
50930,1
50931,0
50932,0
50933,1
50934,1
50935,1
50936,1
50937,0
50938,1
50939,1
50940,1
50941,1
50942,1
50943,1
50944,1
50945,1
50946,1
50947,1
50948,1
50949,1
50950,1
50951,1
50952,0
50953,1
50954,0
50955,1
50956,0
50957,0
50958,0
50959,1
50960,1
50961,0
50962,1
50963,1
50964,1
50965,1
50966,1
50967,1
50968,1
50969,0
50970,1
50971,0
50972,1
50973,1
50974,1
50975,1
50976,1
50977,1
50978,1
50979,1
50980,1
50981,1
50982,1
50983,1
50984,1
50985,1
50986,0
50987,0
50988,1
50989,1
50990,0
50991,1
50992,1
50993,1
50994,0
50995,1
50996,1
50997,0
50998,1
50999,1
51000,1
51001,0
51002,1
51003,1
51004,1
51005,1
51006,1
51007,1
51008,1
51009,1
51010,0
51011,0
51012,0
51013,1
51014,1
51015,1
51016,1
51017,1
51018,1
51019,1
51020,0
51021,0
51022,1
51023,0
51024,1
51025,1
51026,0
51027,1
51028,0
51029,1
51030,0
51031,0
51032,1
51033,1
51034,1
51035,1
51036,1
51037,0
51038,1
51039,1
51040,1
51041,1
51042,0
51043,1
51044,1
51045,1
51046,1
51047,1
51048,0
51049,0
51050,0
51051,1
51052,1
51053,1
51054,1
51055,0
51056,0
51057,1
51058,0
51059,1
51060,1
51061,1
51062,0
51063,0
51064,1
51065,1
51066,1
51067,0
51068,1
51069,1
51070,1
51071,1
51072,0
51073,1
51074,1
51075,1
51076,1
51077,1
51078,1
51079,1
51080,0
51081,0
51082,1
51083,1
51084,0
51085,1
51086,1
51087,1
51088,1
51089,1
51090,1
51091,1
51092,1
51093,1
51094,1
51095,1
51096,1
51097,1
51098,0
51099,0
51100,0
51101,0
51102,1
51103,1
51104,1
51105,1
51106,1
51107,1
51108,0
51109,1
51110,1
51111,0
51112,0
51113,1
51114,1
51115,0
51116,0
51117,0
51118,1
51119,0
51120,1
51121,0
51122,0
51123,1
51124,1
51125,1
51126,1
51127,0
51128,1
51129,0
51130,0
51131,0
51132,1
51133,1
51134,1
51135,1
51136,1
51137,0
51138,1
51139,0
51140,0
51141,0
51142,1
51143,1
51144,1
51145,1
51146,1
51147,0
51148,1
51149,1
51150,1
51151,1
51152,1
51153,1
51154,1
51155,1
51156,1
51157,0
51158,1
51159,1
51160,0
51161,0
51162,0
51163,1
51164,0
51165,1
51166,1
51167,1
51168,0
51169,0
51170,0
51171,0
51172,0
51173,1
51174,1
51175,0
51176,0
51177,0
51178,1
51179,0
51180,1
51181,1
51182,1
51183,1
51184,1
51185,1
51186,0
51187,1
51188,0
51189,0
51190,1
51191,1
51192,0
51193,1
51194,0
51195,1
51196,1
51197,1
51198,0
51199,0
51200,0
51201,1
51202,1
51203,1
51204,1
51205,0
51206,1
51207,0
51208,1
51209,1
51210,1
51211,1
51212,0
51213,0
51214,1
51215,0
51216,0
51217,0
51218,0
51219,0
51220,0
51221,0
51222,0
51223,0
51224,1
51225,0
51226,0
51227,0
51228,1
51229,1
51230,1
51231,1
51232,0
51233,1
51234,1
51235,1
51236,1
51237,1
51238,1
51239,0
51240,1
51241,1
51242,1
51243,0
51244,1
51245,1
51246,0
51247,1
51248,1
51249,1
51250,1
51251,0
51252,0
51253,1
51254,1
51255,1
51256,0
51257,1
51258,0
51259,0
51260,0
51261,0
51262,0
51263,0
51264,1
51265,0
51266,1
51267,0
51268,1
51269,1
51270,1
51271,1
51272,1
51273,1
51274,1
51275,1
51276,1
51277,1
51278,0
51279,1
51280,1
51281,1
51282,0
51283,0
51284,0
51285,1
51286,0
51287,1
51288,1
51289,0
51290,0
51291,0
51292,1
51293,0
51294,0
51295,1
51296,1
51297,0
51298,1
51299,1
51300,1
51301,1
51302,0
51303,1
51304,0
51305,1
51306,1
51307,1
51308,1
51309,0
51310,1
51311,0
51312,1
51313,1
51314,1
51315,0
51316,0
51317,1
51318,1
51319,0
51320,0
51321,0
51322,1
51323,1
51324,1
51325,1
51326,1
51327,0
51328,1
51329,1
51330,0
51331,0
51332,0
51333,1
51334,1
51335,1
51336,1
51337,0
51338,0
51339,1
51340,1
51341,1
51342,1
51343,0
51344,0
51345,0
51346,1
51347,1
51348,1
51349,0
51350,1
51351,0
51352,0
51353,0
51354,0
51355,1
51356,1
51357,0
51358,0
51359,0
51360,1
51361,1
51362,0
51363,1
51364,1
51365,0
51366,1
51367,1
51368,1
51369,1
51370,1
51371,1
51372,1
51373,1
51374,1
51375,0
51376,1
51377,0
51378,0
51379,1
51380,0
51381,0
51382,1
51383,1
51384,1
51385,1
51386,1
51387,1
51388,0
51389,1
51390,1
51391,1
51392,1
51393,0
51394,0
51395,1
51396,1
51397,0
51398,1
51399,0
51400,1
51401,0
51402,1
51403,1
51404,1
51405,1
51406,1
51407,1
51408,1
51409,1
51410,0
51411,0
51412,1
51413,1
51414,1
51415,1
51416,1
51417,1
51418,0
51419,1
51420,1
51421,1
51422,0
51423,1
51424,1
51425,0
51426,0
51427,0
51428,1
51429,0
51430,1
51431,1
51432,0
51433,1
51434,0
51435,1
51436,1
51437,1
51438,1
51439,1
51440,1
51441,1
51442,1
51443,0
51444,1
51445,1
51446,1
51447,0
51448,1
51449,0
51450,0
51451,0
51452,1
51453,0
51454,1
51455,1
51456,1
51457,1
51458,0
51459,1
51460,0
51461,1
51462,0
51463,1
51464,0
51465,0
51466,1
51467,1
51468,1
51469,0
51470,1
51471,1
51472,0
51473,0
51474,0
51475,0
51476,1
51477,1
51478,1
51479,1
51480,0
51481,1
51482,0
51483,0
51484,0
51485,1
51486,1
51487,0
51488,1
51489,1
51490,1
51491,0
51492,1
51493,0
51494,1
51495,0
51496,1
51497,1
51498,1
51499,1
51500,1
51501,0
51502,0
51503,1
51504,1
51505,0
51506,1
51507,1
51508,1
51509,0
51510,0
51511,0
51512,1
51513,1
51514,0
51515,1
51516,0
51517,0
51518,0
51519,0
51520,1
51521,1
51522,0
51523,0
51524,1
51525,1
51526,0
51527,0
51528,0
51529,0
51530,1
51531,0
51532,0
51533,1
51534,1
51535,0
51536,0
51537,0
51538,1
51539,1
51540,0
51541,1
51542,1
51543,1
51544,1
51545,0
51546,1
51547,1
51548,1
51549,1
51550,1
51551,1
51552,0
51553,0
51554,0
51555,0
51556,0
51557,1
51558,1
51559,0
51560,1
51561,1
51562,0
51563,0
51564,1
51565,1
51566,1
51567,1
51568,1
51569,0
51570,1
51571,1
51572,0
51573,1
51574,1
51575,1
51576,0
51577,1
51578,1
51579,1
51580,0
51581,1
51582,1
51583,1
51584,1
51585,0
51586,0
51587,1
51588,1
51589,1
51590,0
51591,1
51592,0
51593,1
51594,1
51595,0
51596,0
51597,1
51598,1
51599,1
51600,0
51601,1
51602,1
51603,1
51604,1
51605,0
51606,1
51607,1
51608,1
51609,1
51610,0
51611,0
51612,1
51613,1
51614,0
51615,0
51616,0
51617,1
51618,1
51619,1
51620,1
51621,1
51622,1
51623,1
51624,0
51625,1
51626,0
51627,1
51628,1
51629,1
51630,1
51631,1
51632,1
51633,0
51634,0
51635,1
51636,1
51637,0
51638,1
51639,1
51640,1
51641,1
51642,1
51643,0
51644,1
51645,0
51646,1
51647,0
51648,1
51649,0
51650,0
51651,1
51652,1
51653,0
51654,1
51655,1
51656,0
51657,0
51658,0
51659,1
51660,1
51661,1
51662,1
51663,1
51664,0
51665,0
51666,0
51667,1
51668,0
51669,0
51670,1
51671,1
51672,0
51673,0
51674,1
51675,1
51676,0
51677,0
51678,1
51679,0
51680,1
51681,0
51682,0
51683,0
51684,1
51685,0
51686,1
51687,1
51688,1
51689,1
51690,0
51691,1
51692,1
51693,1
51694,1
51695,1
51696,1
51697,0
51698,0
51699,1
51700,0
51701,0
51702,1
51703,1
51704,0
51705,1
51706,1
51707,0
51708,1
51709,0
51710,1
51711,1
51712,0
51713,1
51714,0
51715,0
51716,1
51717,1
51718,1
51719,0
51720,0
51721,1
51722,0
51723,1
51724,1
51725,1
51726,1
51727,1
51728,1
51729,0
51730,1
51731,0
51732,0
51733,1
51734,1
51735,0
51736,1
51737,1
51738,0
51739,1
51740,1
51741,1
51742,0
51743,0
51744,1
51745,1
51746,0
51747,0
51748,1
51749,1
51750,0
51751,1
51752,1
51753,1
51754,1
51755,1
51756,0
51757,1
51758,0
51759,1
51760,1
51761,0
51762,1
51763,1
51764,0
51765,0
51766,0
51767,1
51768,1
51769,1
51770,1
51771,1
51772,0
51773,1
51774,1
51775,0
51776,1
51777,1
51778,1
51779,1
51780,0
51781,1
51782,1
51783,1
51784,1
51785,1
51786,0
51787,1
51788,0
51789,0
51790,1
51791,0
51792,1
51793,1
51794,0
51795,1
51796,0
51797,1
51798,1
51799,1
51800,1
51801,1
51802,1
51803,1
51804,0
51805,0
51806,1
51807,1
51808,1
51809,1
51810,0
51811,0
51812,0
51813,0
51814,0
51815,1
51816,1
51817,1
51818,1
51819,0
51820,0
51821,0
51822,0
51823,1
51824,1
51825,1
51826,1
51827,0
51828,0
51829,1
51830,0
51831,1
51832,1
51833,0
51834,1
51835,1
51836,1
51837,0
51838,1
51839,0
51840,1
51841,0
51842,0
51843,1
51844,1
51845,0
51846,1
51847,1
51848,0
51849,1
51850,0
51851,1
51852,0
51853,1
51854,0
51855,1
51856,0
51857,1
51858,0
51859,0
51860,1
51861,1
51862,1
51863,1
51864,0
51865,0
51866,1
51867,1
51868,1
51869,1
51870,1
51871,1
51872,1
51873,1
51874,1
51875,0
51876,0
51877,1
51878,0
51879,1
51880,0
51881,1
51882,1
51883,0
51884,0
51885,1
51886,1
51887,0
51888,0
51889,1
51890,1
51891,1
51892,0
51893,0
51894,1
51895,1
51896,0
51897,1
51898,1
51899,1
51900,1
51901,1
51902,0
51903,1
51904,1
51905,0
51906,1
51907,1
51908,0
51909,0
51910,0
51911,1
51912,1
51913,1
51914,1
51915,1
51916,0
51917,1
51918,1
51919,1
51920,1
51921,1
51922,1
51923,1
51924,1
51925,0
51926,0
51927,0
51928,1
51929,1
51930,0
51931,1
51932,1
51933,0
51934,1
51935,1
51936,0
51937,1
51938,0
51939,1
51940,1
51941,1
51942,1
51943,0
51944,1
51945,1
51946,0
51947,1
51948,0
51949,1
51950,1
51951,1
51952,1
51953,1
51954,1
51955,1
51956,0
51957,0
51958,1
51959,1
51960,1
51961,1
51962,0
51963,0
51964,0
51965,0
51966,0
51967,1
51968,1
51969,0
51970,1
51971,0
51972,1
51973,0
51974,1
51975,1
51976,1
51977,0
51978,1
51979,0
51980,0
51981,0
51982,1
51983,0
51984,1
51985,1
51986,1
51987,1
51988,1
51989,0
51990,0
51991,1
51992,1
51993,1
51994,0
51995,1
51996,1
51997,1
51998,1
51999,1
52000,1
52001,1
52002,0
52003,0
52004,1
52005,0
52006,1
52007,1
52008,0
52009,0
52010,0
52011,1
52012,1
52013,1
52014,1
52015,0
52016,1
52017,1
52018,0
52019,1
52020,0
52021,0
52022,0
52023,1
52024,0
52025,0
52026,1
52027,1
52028,0
52029,1
52030,0
52031,1
52032,1
52033,1
52034,1
52035,1
52036,0
52037,1
52038,1
52039,1
52040,1
52041,1
52042,0
52043,0
52044,1
52045,0
52046,0
52047,1
52048,1
52049,1
52050,0
52051,0
52052,1
52053,1
52054,0
52055,0
52056,0
52057,1
52058,0
52059,0
52060,0
52061,1
52062,1
52063,1
52064,1
52065,0
52066,0
52067,1
52068,1
52069,0
52070,1
52071,1
52072,0
52073,0
52074,1
52075,1
52076,0
52077,1
52078,0
52079,0
52080,1
52081,1
52082,0
52083,1
52084,0
52085,1
52086,0
52087,1
52088,1
52089,1
52090,1
52091,1
52092,1
52093,1
52094,1
52095,0
52096,1
52097,0
52098,0
52099,0
52100,1
52101,1
52102,1
52103,0
52104,1
52105,1
52106,1
52107,1
52108,1
52109,1
52110,1
52111,1
52112,1
52113,1
52114,1
52115,0
52116,1
52117,0
52118,0
52119,1
52120,0
52121,1
52122,0
52123,0
52124,1
52125,1
52126,1
52127,1
52128,1
52129,0
52130,1
52131,0
52132,0
52133,1
52134,0
52135,1
52136,0
52137,0
52138,0
52139,1
52140,0
52141,1
52142,0
52143,0
52144,0
52145,0
52146,1
52147,0
52148,1
52149,1
52150,1
52151,1
52152,1
52153,0
52154,1
52155,1
52156,1
52157,1
52158,0
52159,0
52160,0
52161,1
52162,1
52163,0
52164,1
52165,0
52166,0
52167,1
52168,1
52169,0
52170,1
52171,0
52172,1
52173,1
52174,1
52175,1
52176,1
52177,1
52178,1
52179,1
52180,1
52181,1
52182,1
52183,1
52184,1
52185,1
52186,1
52187,1
52188,1
52189,1
52190,1
52191,1
52192,0
52193,1
52194,1
52195,1
52196,1
52197,1
52198,0
52199,0
52200,1
52201,1
52202,0
52203,0
52204,1
52205,1
52206,1
52207,1
52208,1
52209,1
52210,1
52211,0
52212,0
52213,1
52214,1
52215,0
52216,1
52217,1
52218,0
52219,0
52220,1
52221,0
52222,1
52223,0
52224,1
52225,1
52226,1
52227,0
52228,0
52229,1
52230,0
52231,0
52232,0
52233,0
52234,1
52235,0
52236,1
52237,1
52238,0
52239,0
52240,1
52241,1
52242,1
52243,0
52244,1
52245,1
52246,0
52247,0
52248,0
52249,0
52250,0
52251,1
52252,0
52253,0
52254,1
52255,1
52256,0
52257,1
52258,0
52259,1
52260,1
52261,1
52262,1
52263,1
52264,1
52265,1
52266,0
52267,1
52268,0
52269,1
52270,0
52271,0
52272,0
52273,1
52274,1
52275,0
52276,1
52277,1
52278,1
52279,1
52280,1
52281,1
52282,0
52283,1
52284,0
52285,1
52286,1
52287,1
52288,1
52289,1
52290,0
52291,0
52292,1
52293,1
52294,0
52295,1
52296,1
52297,0
52298,1
52299,1
52300,0
52301,1
52302,1
52303,1
52304,1
52305,1
52306,0
52307,1
52308,1
52309,1
52310,1
52311,0
52312,1
52313,0
52314,1
52315,0
52316,0
52317,0
52318,0
52319,1
52320,0
52321,1
52322,1
52323,1
52324,0
52325,0
52326,0
52327,0
52328,0
52329,1
52330,1
52331,0
52332,1
52333,1
52334,0
52335,0
52336,1
52337,1
52338,1
52339,1
52340,1
52341,1
52342,1
52343,0
52344,0
52345,0
52346,1
52347,1
52348,1
52349,1
52350,1
52351,1
52352,0
52353,1
52354,0
52355,0
52356,1
52357,1
52358,1
52359,1
52360,1
52361,0
52362,1
52363,1
52364,0
52365,1
52366,0
52367,0
52368,1
52369,1
52370,1
52371,0
52372,1
52373,1
52374,0
52375,1
52376,1
52377,1
52378,1
52379,0
52380,0
52381,0
52382,1
52383,0
52384,1
52385,1
52386,0
52387,1
52388,1
52389,1
52390,1
52391,1
52392,1
52393,1
52394,1
52395,0
52396,0
52397,1
52398,1
52399,0
52400,1
52401,1
52402,0
52403,1
52404,1
52405,1
52406,1
52407,1
52408,1
52409,1
52410,1
52411,1
52412,1
52413,1
52414,0
52415,0
52416,1
52417,1
52418,0
52419,1
52420,1
52421,0
52422,1
52423,1
52424,0
52425,0
52426,1
52427,1
52428,1
52429,0
52430,1
52431,0
52432,1
52433,0
52434,0
52435,1
52436,1
52437,0
52438,1
52439,0
52440,0
52441,1
52442,1
52443,1
52444,0
52445,1
52446,0
52447,1
52448,1
52449,0
52450,1
52451,1
52452,1
52453,1
52454,1
52455,1
52456,0
52457,1
52458,0
52459,1
52460,0
52461,1
52462,0
52463,1
52464,1
52465,0
52466,0
52467,0
52468,1
52469,0
52470,0
52471,1
52472,0
52473,1
52474,1
52475,0
52476,1
52477,1
52478,0
52479,1
52480,0
52481,1
52482,1
52483,1
52484,1
52485,1
52486,0
52487,1
52488,1
52489,0
52490,1
52491,1
52492,1
52493,0
52494,0
52495,1
52496,0
52497,1
52498,0
52499,1
52500,0
52501,1
52502,1
52503,1
52504,1
52505,1
52506,0
52507,1
52508,0
52509,1
52510,0
52511,1
52512,1
52513,0
52514,1
52515,1
52516,1
52517,0
52518,0
52519,1
52520,0
52521,1
52522,1
52523,1
52524,1
52525,0
52526,1
52527,1
52528,1
52529,0
52530,0
52531,1
52532,0
52533,1
52534,1
52535,1
52536,1
52537,1
52538,1
52539,0
52540,1
52541,1
52542,0
52543,0
52544,1
52545,0
52546,1
52547,0
52548,0
52549,0
52550,0
52551,1
52552,0
52553,0
52554,0
52555,1
52556,1
52557,0
52558,0
52559,0
52560,0
52561,1
52562,0
52563,1
52564,0
52565,0
52566,0
52567,1
52568,1
52569,1
52570,0
52571,0
52572,1
52573,0
52574,1
52575,1
52576,1
52577,1
52578,1
52579,1
52580,1
52581,0
52582,0
52583,0
52584,1
52585,1
52586,1
52587,1
52588,1
52589,0
52590,1
52591,1
52592,0
52593,1
52594,1
52595,1
52596,0
52597,0
52598,1
52599,1
52600,1
52601,1
52602,1
52603,1
52604,0
52605,0
52606,1
52607,1
52608,1
52609,1
52610,1
52611,1
52612,0
52613,0
52614,1
52615,1
52616,1
52617,1
52618,0
52619,0
52620,1
52621,1
52622,1
52623,0
52624,0
52625,1
52626,0
52627,0
52628,1
52629,1
52630,1
52631,1
52632,0
52633,1
52634,1
52635,1
52636,1
52637,0
52638,0
52639,1
52640,0
52641,0
52642,0
52643,1
52644,0
52645,1
52646,1
52647,0
52648,1
52649,1
52650,1
52651,1
52652,0
52653,1
52654,0
52655,0
52656,1
52657,1
52658,1
52659,1
52660,0
52661,1
52662,1
52663,1
52664,1
52665,1
52666,1
52667,1
52668,0
52669,0
52670,1
52671,0
52672,0
52673,1
52674,0
52675,0
52676,1
52677,1
52678,0
52679,0
52680,1
52681,0
52682,1
52683,1
52684,1
52685,0
52686,1
52687,1
52688,0
52689,1
52690,1
52691,1
52692,0
52693,0
52694,1
52695,1
52696,1
52697,0
52698,0
52699,1
52700,1
52701,0
52702,1
52703,1
52704,1
52705,0
52706,0
52707,1
52708,1
52709,0
52710,1
52711,1
52712,1
52713,1
52714,1
52715,0
52716,1
52717,0
52718,0
52719,0
52720,0
52721,1
52722,1
52723,1
52724,0
52725,1
52726,1
52727,1
52728,1
52729,1
52730,0
52731,0
52732,0
52733,0
52734,1
52735,1
52736,0
52737,0
52738,1
52739,0
52740,1
52741,0
52742,1
52743,1
52744,1
52745,1
52746,1
52747,0
52748,0
52749,1
52750,1
52751,0
52752,1
52753,1
52754,1
52755,1
52756,0
52757,0
52758,1
52759,1
52760,0
52761,1
52762,1
52763,0
52764,1
52765,0
52766,0
52767,1
52768,0
52769,1
52770,1
52771,0
52772,0
52773,1
52774,1
52775,1
52776,0
52777,1
52778,1
52779,1
52780,1
52781,0
52782,1
52783,0
52784,1
52785,1
52786,0
52787,1
52788,1
52789,1
52790,0
52791,1
52792,1
52793,1
52794,1
52795,1
52796,1
52797,1
52798,1
52799,1
52800,1
52801,1
52802,0
52803,1
52804,1
52805,0
52806,1
52807,1
52808,0
52809,1
52810,0
52811,1
52812,1
52813,0
52814,1
52815,1
52816,1
52817,0
52818,1
52819,1
52820,1
52821,1
52822,1
52823,0
52824,1
52825,0
52826,0
52827,1
52828,1
52829,1
52830,1
52831,1
52832,0
52833,1
52834,0
52835,1
52836,0
52837,1
52838,1
52839,0
52840,1
52841,0
52842,0
52843,1
52844,1
52845,1
52846,1
52847,1
52848,1
52849,0
52850,1
52851,0
52852,1
52853,1
52854,0
52855,0
52856,1
52857,1
52858,1
52859,1
52860,0
52861,1
52862,1
52863,0
52864,1
52865,1
52866,1
52867,1
52868,0
52869,0
52870,1
52871,1
52872,0
52873,1
52874,0
52875,1
52876,1
52877,0
52878,1
52879,0
52880,0
52881,1
52882,1
52883,0
52884,1
52885,1
52886,1
52887,0
52888,1
52889,0
52890,1
52891,1
52892,1
52893,1
52894,1
52895,1
52896,1
52897,1
52898,1
52899,1
52900,0
52901,1
52902,0
52903,1
52904,0
52905,0
52906,0
52907,0
52908,1
52909,0
52910,1
52911,0
52912,1
52913,1
52914,1
52915,1
52916,1
52917,0
52918,1
52919,1
52920,1
52921,1
52922,1
52923,1
52924,0
52925,0
52926,1
52927,0
52928,0
52929,1
52930,1
52931,1
52932,0
52933,1
52934,1
52935,0
52936,1
52937,1
52938,1
52939,1
52940,1
52941,1
52942,1
52943,1
52944,0
52945,0
52946,1
52947,1
52948,0
52949,1
52950,0
52951,1
52952,0
52953,0
52954,1
52955,1
52956,0
52957,1
52958,1
52959,0
52960,1
52961,0
52962,0
52963,1
52964,0
52965,1
52966,1
52967,1
52968,0
52969,1
52970,1
52971,1
52972,1
52973,1
52974,0
52975,0
52976,1
52977,1
52978,0
52979,1
52980,1
52981,0
52982,0
52983,1
52984,1
52985,0
52986,1
52987,1
52988,1
52989,0
52990,0
52991,1
52992,1
52993,1
52994,0
52995,1
52996,1
52997,0
52998,1
52999,1
53000,1
53001,1
53002,1
53003,1
53004,1
53005,1
53006,1
53007,1
53008,1
53009,1
53010,1
53011,1
53012,1
53013,0
53014,1
53015,1
53016,1
53017,1
53018,1
53019,1
53020,1
53021,1
53022,0
53023,0
53024,1
53025,0
53026,1
53027,1
53028,1
53029,1
53030,0
53031,1
53032,1
53033,0
53034,0
53035,0
53036,0
53037,1
53038,0
53039,1
53040,1
53041,0
53042,1
53043,1
53044,1
53045,0
53046,1
53047,0
53048,1
53049,1
53050,0
53051,1
53052,0
53053,0
53054,1
53055,1
53056,1
53057,1
53058,1
53059,0
53060,0
53061,0
53062,0
53063,1
53064,0
53065,0
53066,1
53067,1
53068,1
53069,0
53070,1
53071,0
53072,1
53073,0
53074,1
53075,1
53076,1
53077,1
53078,1
53079,1
53080,1
53081,1
53082,1
53083,0
53084,0
53085,1
53086,1
53087,1
53088,1
53089,1
53090,1
53091,0
53092,1
53093,1
53094,0
53095,1
53096,0
53097,0
53098,0
53099,0
53100,0
53101,1
53102,1
53103,1
53104,1
53105,0
53106,0
53107,0
53108,1
53109,1
53110,1
53111,1
53112,1
53113,1
53114,0
53115,1
53116,1
53117,1
53118,0
53119,1
53120,1
53121,0
53122,0
53123,1
53124,1
53125,0
53126,0
53127,0
53128,0
53129,0
53130,1
53131,1
53132,1
53133,1
53134,1
53135,0
53136,1
53137,1
53138,1
53139,0
53140,1
53141,0
53142,1
53143,0
53144,1
53145,1
53146,1
53147,1
53148,0
53149,1
53150,0
53151,1
53152,0
53153,1
53154,0
53155,1
53156,1
53157,1
53158,0
53159,0
53160,0
53161,1
53162,1
53163,1
53164,1
53165,1
53166,0
53167,1
53168,0
53169,0
53170,1
53171,1
53172,1
53173,1
53174,0
53175,0
53176,1
53177,0
53178,1
53179,1
53180,0
53181,0
53182,1
53183,1
53184,1
53185,1
53186,0
53187,1
53188,1
53189,1
53190,0
53191,1
53192,1
53193,0
53194,0
53195,1
53196,1
53197,1
53198,1
53199,0
53200,1
53201,1
53202,0
53203,1
53204,1
53205,1
53206,1
53207,0
53208,0
53209,1
53210,1
53211,1
53212,1
53213,1
53214,1
53215,1
53216,1
53217,1
53218,1
53219,0
53220,0
53221,1
53222,0
53223,0
53224,1
53225,0
53226,0
53227,0
53228,0
53229,0
53230,0
53231,0
53232,1
53233,1
53234,1
53235,0
53236,1
53237,1
53238,0
53239,0
53240,0
53241,1
53242,0
53243,1
53244,0
53245,1
53246,0
53247,0
53248,0
53249,1
53250,1
53251,0
53252,1
53253,1
53254,1
53255,1
53256,0
53257,1
53258,0
53259,1
53260,1
53261,1
53262,0
53263,1
53264,1
53265,1
53266,0
53267,1
53268,1
53269,1
53270,0
53271,1
53272,1
53273,1
53274,1
53275,1
53276,1
53277,0
53278,0
53279,1
53280,1
53281,1
53282,1
53283,1
53284,1
53285,1
53286,1
53287,1
53288,1
53289,0
53290,1
53291,1
53292,1
53293,0
53294,0
53295,0
53296,1
53297,0
53298,0
53299,0
53300,1
53301,1
53302,0
53303,1
53304,1
53305,1
53306,1
53307,1
53308,0
53309,1
53310,1
53311,1
53312,1
53313,0
53314,1
53315,1
53316,1
53317,1
53318,1
53319,0
53320,1
53321,1
53322,0
53323,0
53324,1
53325,0
53326,0
53327,0
53328,1
53329,0
53330,1
53331,1
53332,0
53333,1
53334,1
53335,1
53336,1
53337,1
53338,0
53339,0
53340,0
53341,1
53342,1
53343,0
53344,0
53345,1
53346,1
53347,0
53348,0
53349,1
53350,1
53351,1
53352,1
53353,1
53354,0
53355,1
53356,0
53357,1
53358,0
53359,0
53360,1
53361,0
53362,1
53363,0
53364,0
53365,1
53366,1
53367,1
53368,0
53369,0
53370,1
53371,0
53372,1
53373,1
53374,0
53375,1
53376,1
53377,1
53378,1
53379,0
53380,0
53381,0
53382,0
53383,1
53384,0
53385,0
53386,1
53387,0
53388,1
53389,0
53390,1
53391,1
53392,1
53393,1
53394,0
53395,1
53396,0
53397,1
53398,1
53399,0
53400,1
53401,0
53402,1
53403,0
53404,0
53405,0
53406,0
53407,0
53408,1
53409,0
53410,0
53411,1
53412,1
53413,1
53414,1
53415,1
53416,0
53417,1
53418,1
53419,0
53420,1
53421,0
53422,1
53423,0
53424,1
53425,0
53426,0
53427,0
53428,1
53429,0
53430,1
53431,1
53432,0
53433,1
53434,1
53435,0
53436,0
53437,1
53438,1
53439,1
53440,1
53441,1
53442,0
53443,0
53444,0
53445,1
53446,0
53447,0
53448,1
53449,1
53450,1
53451,0
53452,0
53453,1
53454,1
53455,1
53456,1
53457,1
53458,0
53459,1
53460,1
53461,0
53462,1
53463,1
53464,0
53465,1
53466,1
53467,0
53468,0
53469,1
53470,1
53471,1
53472,1
53473,1
53474,1
53475,1
53476,1
53477,1
53478,1
53479,0
53480,1
53481,1
53482,0
53483,1
53484,0
53485,1
53486,1
53487,0
53488,1
53489,1
53490,1
53491,0
53492,0
53493,0
53494,1
53495,1
53496,1
53497,0
53498,1
53499,1
53500,1
53501,1
53502,0
53503,1
53504,0
53505,1
53506,1
53507,0
53508,1
53509,0
53510,0
53511,0
53512,1
53513,1
53514,0
53515,1
53516,0
53517,0
53518,0
53519,0
53520,1
53521,1
53522,1
53523,1
53524,0
53525,0
53526,0
53527,1
53528,0
53529,1
53530,0
53531,1
53532,0
53533,1
53534,0
53535,1
53536,1
53537,0
53538,1
53539,1
53540,0
53541,1
53542,0
53543,0
53544,1
53545,1
53546,1
53547,1
53548,1
53549,0
53550,0
53551,1
53552,0
53553,1
53554,0
53555,1
53556,1
53557,1
53558,0
53559,1
53560,0
53561,1
53562,0
53563,1
53564,0
53565,1
53566,1
53567,0
53568,1
53569,0
53570,0
53571,0
53572,1
53573,0
53574,0
53575,1
53576,1
53577,0
53578,1
53579,0
53580,1
53581,0
53582,0
53583,1
53584,0
53585,1
53586,0
53587,1
53588,1
53589,1
53590,0
53591,1
53592,1
53593,1
53594,0
53595,1
53596,1
53597,0
53598,0
53599,1
53600,1
53601,1
53602,1
53603,1
53604,1
53605,1
53606,1
53607,1
53608,1
53609,1
53610,1
53611,0
53612,1
53613,1
53614,0
53615,1
53616,1
53617,1
53618,1
53619,1
53620,1
53621,0
53622,1
53623,1
53624,1
53625,0
53626,1
53627,1
53628,1
53629,0
53630,1
53631,1
53632,0
53633,1
53634,1
53635,0
53636,1
53637,0
53638,1
53639,1
53640,0
53641,0
53642,1
53643,1
53644,1
53645,1
53646,1
53647,1
53648,0
53649,0
53650,1
53651,1
53652,0
53653,0
53654,1
53655,0
53656,1
53657,0
53658,1
53659,1
53660,0
53661,0
53662,1
53663,1
53664,1
53665,0
53666,1
53667,1
53668,0
53669,1
53670,0
53671,0
53672,0
53673,1
53674,0
53675,1
53676,1
53677,1
53678,1
53679,1
53680,1
53681,1
53682,1
53683,1
53684,1
53685,0
53686,0
53687,1
53688,0
53689,0
53690,1
53691,1
53692,1
53693,0
53694,1
53695,0
53696,1
53697,1
53698,1
53699,0
53700,0
53701,1
53702,0
53703,0
53704,1
53705,1
53706,0
53707,1
53708,0
53709,0
53710,0
53711,1
53712,1
53713,1
53714,1
53715,1
53716,1
53717,0
53718,0
53719,0
53720,1
53721,0
53722,0
53723,1
53724,1
53725,0
53726,0
53727,0
53728,1
53729,1
53730,0
53731,1
53732,0
53733,0
53734,1
53735,1
53736,1
53737,0
53738,1
53739,0
53740,1
53741,0
53742,1
53743,0
53744,0
53745,0
53746,0
53747,1
53748,1
53749,0
53750,1
53751,0
53752,0
53753,0
53754,0
53755,0
53756,0
53757,1
53758,1
53759,1
53760,0
53761,0
53762,1
53763,1
53764,1
53765,0
53766,0
53767,0
53768,1
53769,0
53770,0
53771,1
53772,1
53773,1
53774,1
53775,1
53776,1
53777,1
53778,1
53779,0
53780,1
53781,1
53782,1
53783,1
53784,1
53785,0
53786,0
53787,1
53788,0
53789,1
53790,1
53791,1
53792,1
53793,1
53794,1
53795,1
53796,0
53797,1
53798,1
53799,1
53800,1
53801,1
53802,1
53803,0
53804,0
53805,0
53806,0
53807,1
53808,0
53809,0
53810,1
53811,0
53812,0
53813,1
53814,0
53815,0
53816,1
53817,1
53818,1
53819,0
53820,0
53821,0
53822,1
53823,0
53824,1
53825,0
53826,0
53827,1
53828,1
53829,1
53830,1
53831,1
53832,1
53833,1
53834,0
53835,0
53836,0
53837,1
53838,1
53839,1
53840,1
53841,0
53842,0
53843,0
53844,1
53845,1
53846,1
53847,1
53848,1
53849,1
53850,1
53851,1
53852,1
53853,1
53854,0
53855,0
53856,0
53857,0
53858,1
53859,1
53860,1
53861,1
53862,1
53863,0
53864,0
53865,0
53866,1
53867,1
53868,1
53869,1
53870,1
53871,0
53872,1
53873,1
53874,1
53875,0
53876,1
53877,0
53878,1
53879,1
53880,0
53881,0
53882,0
53883,1
53884,1
53885,1
53886,0
53887,1
53888,0
53889,0
53890,1
53891,0
53892,1
53893,1
53894,0
53895,1
53896,1
53897,1
53898,1
53899,1
53900,1
53901,1
53902,1
53903,1
53904,0
53905,1
53906,1
53907,1
53908,1
53909,0
53910,0
53911,1
53912,1
53913,0
53914,1
53915,1
53916,1
53917,0
53918,1
53919,1
53920,1
53921,0
53922,1
53923,1
53924,1
53925,1
53926,1
53927,1
53928,0
53929,0
53930,1
53931,1
53932,1
53933,1
53934,1
53935,1
53936,0
53937,1
53938,1
53939,0
53940,1
53941,1
53942,1
53943,1
53944,0
53945,1
53946,0
53947,1
53948,1
53949,0
53950,1
53951,1
53952,0
53953,1
53954,1
53955,1
53956,1
53957,1
53958,1
53959,1
53960,1
53961,0
53962,1
53963,1
53964,0
53965,1
53966,0
53967,0
53968,0
53969,1
53970,1
53971,1
53972,1
53973,1
53974,1
53975,0
53976,1
53977,1
53978,0
53979,1
53980,1
53981,1
53982,1
53983,1
53984,1
53985,0
53986,1
53987,0
53988,0
53989,0
53990,0
53991,1
53992,1
53993,1
53994,0
53995,0
53996,1
53997,1
53998,0
53999,1
54000,1
54001,1
54002,1
54003,0
54004,0
54005,0
54006,0
54007,1
54008,0
54009,0
54010,1
54011,0
54012,1
54013,1
54014,0
54015,0
54016,0
54017,0
54018,1
54019,1
54020,1
54021,1
54022,1
54023,0
54024,0
54025,0
54026,1
54027,0
54028,0
54029,1
54030,1
54031,1
54032,1
54033,1
54034,1
54035,1
54036,0
54037,0
54038,0
54039,1
54040,0
54041,1
54042,1
54043,0
54044,1
54045,0
54046,0
54047,1
54048,0
54049,1
54050,0
54051,0
54052,1
54053,1
54054,1
54055,1
54056,0
54057,1
54058,1
54059,0
54060,1
54061,1
54062,0
54063,1
54064,1
54065,0
54066,0
54067,0
54068,1
54069,0
54070,1
54071,0
54072,0
54073,1
54074,1
54075,1
54076,1
54077,1
54078,1
54079,1
54080,1
54081,0
54082,1
54083,1
54084,1
54085,1
54086,1
54087,1
54088,1
54089,1
54090,1
54091,1
54092,0
54093,1
54094,1
54095,1
54096,1
54097,1
54098,1
54099,1
54100,0
54101,1
54102,1
54103,1
54104,1
54105,1
54106,1
54107,1
54108,0
54109,0
54110,0
54111,1
54112,1
54113,0
54114,0
54115,1
54116,1
54117,0
54118,0
54119,0
54120,1
54121,1
54122,0
54123,0
54124,0
54125,1
54126,1
54127,1
54128,1
54129,1
54130,1
54131,1
54132,1
54133,1
54134,1
54135,1
54136,1
54137,1
54138,1
54139,0
54140,1
54141,1
54142,1
54143,1
54144,1
54145,1
54146,1
54147,1
54148,0
54149,1
54150,1
54151,1
54152,0
54153,0
54154,1
54155,0
54156,0
54157,0
54158,1
54159,1
54160,1
54161,1
54162,1
54163,1
54164,0
54165,1
54166,1
54167,1
54168,0
54169,1
54170,1
54171,0
54172,1
54173,1
54174,1
54175,0
54176,0
54177,0
54178,1
54179,0
54180,1
54181,1
54182,1
54183,1
54184,1
54185,1
54186,0
54187,1
54188,1
54189,1
54190,0
54191,1
54192,0
54193,1
54194,0
54195,0
54196,1
54197,0
54198,1
54199,1
54200,1
54201,1
54202,1
54203,1
54204,0
54205,1
54206,1
54207,1
54208,1
54209,0
54210,1
54211,1
54212,1
54213,0
54214,1
54215,1
54216,1
54217,1
54218,1
54219,1
54220,1
54221,1
54222,0
54223,0
54224,1
54225,0
54226,0
54227,1
54228,1
54229,0
54230,0
54231,1
54232,1
54233,1
54234,1
54235,0
54236,1
54237,1
54238,1
54239,1
54240,0
54241,0
54242,1
54243,1
54244,0
54245,1
54246,1
54247,0
54248,1
54249,1
54250,0
54251,1
54252,1
54253,0
54254,1
54255,1
54256,0
54257,1
54258,1
54259,1
54260,1
54261,1
54262,1
54263,0
54264,1
54265,0
54266,1
54267,1
54268,0
54269,1
54270,1
54271,0
54272,1
54273,1
54274,1
54275,1
54276,0
54277,1
54278,0
54279,0
54280,1
54281,1
54282,0
54283,1
54284,0
54285,0
54286,1
54287,1
54288,0
54289,1
54290,1
54291,1
54292,0
54293,0
54294,1
54295,1
54296,0
54297,0
54298,0
54299,1
54300,0
54301,1
54302,1
54303,0
54304,1
54305,0
54306,1
54307,1
54308,1
54309,0
54310,0
54311,0
54312,1
54313,1
54314,1
54315,1
54316,1
54317,0
54318,0
54319,1
54320,1
54321,1
54322,1
54323,1
54324,0
54325,0
54326,1
54327,0
54328,0
54329,1
54330,0
54331,0
54332,0
54333,0
54334,0
54335,0
54336,1
54337,1
54338,1
54339,0
54340,1
54341,0
54342,0
54343,0
54344,1
54345,1
54346,1
54347,1
54348,1
54349,1
54350,1
54351,1
54352,1
54353,1
54354,1
54355,0
54356,1
54357,0
54358,0
54359,1
54360,1
54361,1
54362,0
54363,1
54364,0
54365,1
54366,1
54367,1
54368,1
54369,0
54370,1
54371,0
54372,0
54373,1
54374,0
54375,0
54376,0
54377,1
54378,1
54379,1
54380,1
54381,1
54382,0
54383,1
54384,1
54385,1
54386,1
54387,0
54388,1
54389,1
54390,1
54391,1
54392,0
54393,1
54394,1
54395,0
54396,0
54397,0
54398,1
54399,1
54400,1
54401,1
54402,1
54403,1
54404,0
54405,1
54406,0
54407,1
54408,1
54409,0
54410,1
54411,1
54412,0
54413,1
54414,1
54415,1
54416,0
54417,1
54418,1
54419,1
54420,1
54421,1
54422,1
54423,1
54424,1
54425,0
54426,0
54427,1
54428,1
54429,1
54430,1
54431,1
54432,1
54433,0
54434,0
54435,1
54436,0
54437,1
54438,1
54439,0
54440,0
54441,1
54442,1
54443,1
54444,1
54445,0
54446,1
54447,0
54448,1
54449,1
54450,1
54451,0
54452,0
54453,1
54454,0
54455,1
54456,1
54457,0
54458,1
54459,0
54460,1
54461,1
54462,1
54463,1
54464,0
54465,1
54466,1
54467,1
54468,1
54469,0
54470,0
54471,1
54472,1
54473,0
54474,0
54475,1
54476,0
54477,0
54478,1
54479,1
54480,0
54481,1
54482,1
54483,0
54484,1
54485,1
54486,1
54487,1
54488,1
54489,1
54490,1
54491,0
54492,1
54493,1
54494,1
54495,1
54496,1
54497,1
54498,0
54499,1
54500,1
54501,1
54502,1
54503,0
54504,0
54505,1
54506,0
54507,1
54508,0
54509,0
54510,1
54511,1
54512,1
54513,0
54514,1
54515,1
54516,1
54517,1
54518,0
54519,0
54520,0
54521,1
54522,0
54523,0
54524,1
54525,1
54526,1
54527,0
54528,1
54529,1
54530,1
54531,0
54532,0
54533,1
54534,0
54535,0
54536,1
54537,1
54538,0
54539,1
54540,1
54541,0
54542,0
54543,0
54544,0
54545,0
54546,1
54547,1
54548,1
54549,0
54550,1
54551,1
54552,0
54553,1
54554,1
54555,0
54556,1
54557,1
54558,1
54559,0
54560,1
54561,1
54562,1
54563,1
54564,0
54565,1
54566,0
54567,0
54568,0
54569,1
54570,1
54571,1
54572,1
54573,1
54574,0
54575,0
54576,1
54577,1
54578,1
54579,1
54580,1
54581,0
54582,1
54583,0
54584,1
54585,0
54586,1
54587,1
54588,1
54589,0
54590,1
54591,0
54592,1
54593,0
54594,0
54595,0
54596,1
54597,1
54598,0
54599,0
54600,1
54601,1
54602,1
54603,1
54604,0
54605,1
54606,0
54607,1
54608,0
54609,1
54610,0
54611,1
54612,1
54613,0
54614,1
54615,1
54616,1
54617,1
54618,0
54619,0
54620,1
54621,1
54622,1
54623,1
54624,1
54625,1
54626,0
54627,0
54628,0
54629,1
54630,1
54631,1
54632,0
54633,0
54634,1
54635,0
54636,1
54637,0
54638,0
54639,0
54640,1
54641,0
54642,1
54643,1
54644,1
54645,1
54646,1
54647,1
54648,1
54649,0
54650,1
54651,1
54652,1
54653,0
54654,0
54655,0
54656,1
54657,0
54658,1
54659,0
54660,1
54661,1
54662,0
54663,1
54664,0
54665,1
54666,1
54667,1
54668,1
54669,0
54670,0
54671,1
54672,1
54673,1
54674,1
54675,1
54676,0
54677,1
54678,1
54679,1
54680,0
54681,0
54682,1
54683,0
54684,0
54685,0
54686,1
54687,0
54688,1
54689,1
54690,1
54691,0
54692,1
54693,1
54694,0
54695,1
54696,0
54697,1
54698,1
54699,1
54700,1
54701,0
54702,0
54703,0
54704,1
54705,1
54706,0
54707,1
54708,1
54709,1
54710,0
54711,1
54712,1
54713,0
54714,1
54715,0
54716,1
54717,0
54718,0
54719,1
54720,1
54721,1
54722,1
54723,1
54724,1
54725,0
54726,1
54727,1
54728,1
54729,0
54730,0
54731,0
54732,0
54733,1
54734,0
54735,0
54736,0
54737,0
54738,1
54739,1
54740,1
54741,1
54742,0
54743,1
54744,1
54745,1
54746,0
54747,1
54748,1
54749,0
54750,0
54751,1
54752,0
54753,0
54754,0
54755,0
54756,1
54757,1
54758,0
54759,0
54760,1
54761,1
54762,0
54763,1
54764,0
54765,1
54766,1
54767,1
54768,1
54769,0
54770,0
54771,1
54772,1
54773,1
54774,1
54775,0
54776,1
54777,1
54778,1
54779,1
54780,0
54781,0
54782,0
54783,1
54784,0
54785,0
54786,1
54787,1
54788,0
54789,1
54790,1
54791,1
54792,0
54793,0
54794,1
54795,0
54796,1
54797,1
54798,1
54799,0
54800,0
54801,0
54802,1
54803,1
54804,0
54805,0
54806,1
54807,1
54808,1
54809,1
54810,0
54811,1
54812,0
54813,1
54814,0
54815,1
54816,1
54817,1
54818,1
54819,1
54820,1
54821,1
54822,1
54823,0
54824,1
54825,1
54826,1
54827,1
54828,1
54829,0
54830,0
54831,1
54832,0
54833,1
54834,0
54835,1
54836,1
54837,0
54838,1
54839,1
54840,0
54841,0
54842,0
54843,1
54844,1
54845,0
54846,1
54847,0
54848,0
54849,0
54850,1
54851,0
54852,1
54853,1
54854,1
54855,1
54856,0
54857,1
54858,1
54859,0
54860,1
54861,1
54862,1
54863,1
54864,0
54865,1
54866,1
54867,0
54868,0
54869,1
54870,1
54871,0
54872,1
54873,0
54874,0
54875,1
54876,1
54877,0
54878,1
54879,0
54880,1
54881,0
54882,1
54883,0
54884,1
54885,0
54886,0
54887,0
54888,1
54889,0
54890,0
54891,1
54892,1
54893,1
54894,1
54895,1
54896,1
54897,0
54898,1
54899,0
54900,1
54901,1
54902,1
54903,1
54904,0
54905,0
54906,1
54907,1
54908,0
54909,1
54910,0
54911,1
54912,0
54913,1
54914,1
54915,0
54916,1
54917,1
54918,1
54919,0
54920,1
54921,1
54922,1
54923,1
54924,0
54925,0
54926,1
54927,1
54928,1
54929,1
54930,1
54931,0
54932,1
54933,0
54934,0
54935,1
54936,0
54937,1
54938,1
54939,0
54940,1
54941,0
54942,1
54943,1
54944,0
54945,1
54946,1
54947,0
54948,0
54949,1
54950,1
54951,0
54952,0
54953,1
54954,1
54955,0
54956,0
54957,1
54958,1
54959,1
54960,1
54961,0
54962,1
54963,1
54964,1
54965,1
54966,1
54967,0
54968,0
54969,1
54970,0
54971,0
54972,1
54973,0
54974,1
54975,0
54976,1
54977,1
54978,0
54979,1
54980,1
54981,0
54982,1
54983,1
54984,0
54985,0
54986,1
54987,1
54988,1
54989,1
54990,0
54991,0
54992,1
54993,1
54994,0
54995,0
54996,1
54997,0
54998,0
54999,1
55000,0
55001,1
55002,0
55003,1
55004,0
55005,0
55006,1
55007,0
55008,1
55009,1
55010,1
55011,1
55012,1
55013,1
55014,1
55015,0
55016,1
55017,1
55018,1
55019,0
55020,1
55021,1
55022,0
55023,0
55024,0
55025,0
55026,1
55027,1
55028,1
55029,1
55030,1
55031,0
55032,1
55033,1
55034,0
55035,1
55036,1
55037,0
55038,1
55039,1
55040,0
55041,1
55042,1
55043,0
55044,1
55045,0
55046,1
55047,1
55048,0
55049,1
55050,1
55051,0
55052,0
55053,1
55054,1
55055,1
55056,1
55057,1
55058,1
55059,1
55060,1
55061,1
55062,1
55063,0
55064,1
55065,0
55066,1
55067,1
55068,0
55069,0
55070,1
55071,1
55072,1
55073,0
55074,0
55075,1
55076,1
55077,1
55078,1
55079,1
55080,1
55081,1
55082,1
55083,1
55084,0
55085,0
55086,0
55087,1
55088,1
55089,0
55090,0
55091,1
55092,1
55093,1
55094,1
55095,1
55096,0
55097,1
55098,1
55099,1
55100,0
55101,1
55102,1
55103,0
55104,1
55105,1
55106,1
55107,0
55108,0
55109,0
55110,1
55111,1
55112,1
55113,1
55114,1
55115,0
55116,1
55117,1
55118,0
55119,1
55120,1
55121,1
55122,1
55123,0
55124,1
55125,1
55126,0
55127,0
55128,0
55129,1
55130,0
55131,1
55132,1
55133,0
55134,0
55135,0
55136,0
55137,0
55138,0
55139,0
55140,1
55141,1
55142,1
55143,0
55144,0
55145,1
55146,1
55147,1
55148,0
55149,1
55150,0
55151,1
55152,1
55153,0
55154,0
55155,1
55156,0
55157,0
55158,1
55159,0
55160,1
55161,1
55162,1
55163,1
55164,1
55165,0
55166,0
55167,0
55168,1
55169,1
55170,1
55171,0
55172,0
55173,1
55174,0
55175,1
55176,1
55177,0
55178,1
55179,1
55180,1
55181,1
55182,1
55183,1
55184,1
55185,1
55186,1
55187,1
55188,1
55189,1
55190,0
55191,0
55192,0
55193,1
55194,0
55195,1
55196,0
55197,1
55198,0
55199,0
55200,1
55201,0
55202,0
55203,1
55204,0
55205,0
55206,0
55207,1
55208,1
55209,0
55210,1
55211,1
55212,1
55213,0
55214,0
55215,1
55216,0
55217,1
55218,0
55219,1
55220,0
55221,1
55222,0
55223,1
55224,1
55225,1
55226,1
55227,1
55228,1
55229,0
55230,1
55231,0
55232,1
55233,1
55234,1
55235,1
55236,1
55237,0
55238,1
55239,1
55240,1
55241,1
55242,0
55243,1
55244,1
55245,1
55246,1
55247,1
55248,1
55249,1
55250,1
55251,0
55252,0
55253,1
55254,0
55255,0
55256,1
55257,1
55258,1
55259,1
55260,1
55261,1
55262,1
55263,1
55264,0
55265,1
55266,0
55267,0
55268,1
55269,1
55270,0
55271,1
55272,0
55273,1
55274,1
55275,0
55276,0
55277,1
55278,0
55279,0
55280,1
55281,0
55282,1
55283,0
55284,0
55285,1
55286,1
55287,0
55288,0
55289,1
55290,1
55291,0
55292,0
55293,1
55294,1
55295,0
55296,1
55297,1
55298,1
55299,1
55300,1
55301,0
55302,0
55303,0
55304,0
55305,1
55306,1
55307,0
55308,1
55309,1
55310,1
55311,1
55312,0
55313,0
55314,1
55315,1
55316,0
55317,1
55318,1
55319,1
55320,0
55321,1
55322,1
55323,1
55324,1
55325,1
55326,1
55327,1
55328,0
55329,1
55330,0
55331,0
55332,1
55333,0
55334,1
55335,0
55336,0
55337,1
55338,1
55339,1
55340,0
55341,1
55342,1
55343,1
55344,1
55345,0
55346,1
55347,1
55348,0
55349,1
55350,0
55351,1
55352,1
55353,1
55354,1
55355,0
55356,0
55357,1
55358,0
55359,1
55360,0
55361,1
55362,1
55363,1
55364,1
55365,1
55366,1
55367,1
55368,1
55369,1
55370,1
55371,0
55372,1
55373,0
55374,1
55375,0
55376,1
55377,1
55378,0
55379,1
55380,0
55381,1
55382,1
55383,1
55384,0
55385,1
55386,0
55387,0
55388,1
55389,1
55390,0
55391,1
55392,1
55393,0
55394,1
55395,1
55396,1
55397,0
55398,1
55399,1
55400,1
55401,1
55402,0
55403,1
55404,0
55405,1
55406,0
55407,1
55408,1
55409,1
55410,0
55411,1
55412,0
55413,1
55414,0
55415,1
55416,1
55417,0
55418,1
55419,1
55420,1
55421,1
55422,1
55423,1
55424,0
55425,1
55426,1
55427,1
55428,0
55429,0
55430,0
55431,0
55432,0
55433,1
55434,1
55435,1
55436,0
55437,1
55438,0
55439,0
55440,0
55441,0
55442,0
55443,0
55444,1
55445,0
55446,1
55447,1
55448,1
55449,0
55450,1
55451,1
55452,1
55453,1
55454,1
55455,1
55456,1
55457,1
55458,1
55459,1
55460,1
55461,0
55462,1
55463,1
55464,1
55465,0
55466,1
55467,0
55468,1
55469,1
55470,1
55471,1
55472,1
55473,0
55474,1
55475,1
55476,1
55477,0
55478,1
55479,1
55480,1
55481,0
55482,1
55483,1
55484,0
55485,1
55486,0
55487,1
55488,1
55489,1
55490,1
55491,1
55492,1
55493,0
55494,0
55495,0
55496,1
55497,1
55498,1
55499,0
55500,1
55501,0
55502,1
55503,1
55504,1
55505,1
55506,0
55507,0
55508,1
55509,1
55510,1
55511,1
55512,1
55513,1
55514,1
55515,1
55516,0
55517,0
55518,0
55519,1
55520,0
55521,0
55522,0
55523,1
55524,1
55525,1
55526,0
55527,1
55528,0
55529,0
55530,0
55531,1
55532,1
55533,1
55534,1
55535,0
55536,1
55537,1
55538,1
55539,1
55540,1
55541,1
55542,0
55543,0
55544,1
55545,1
55546,1
55547,1
55548,1
55549,0
55550,1
55551,0
55552,1
55553,0
55554,1
55555,1
55556,0
55557,1
55558,1
55559,1
55560,1
55561,1
55562,0
55563,1
55564,1
55565,1
55566,1
55567,1
55568,0
55569,1
55570,1
55571,1
55572,0
55573,0
55574,1
55575,1
55576,1
55577,1
55578,1
55579,1
55580,1
55581,1
55582,0
55583,0
55584,1
55585,1
55586,1
55587,1
55588,1
55589,0
55590,0
55591,0
55592,0
55593,0
55594,0
55595,1
55596,1
55597,0
55598,1
55599,0
55600,1
55601,1
55602,1
55603,1
55604,0
55605,1
55606,1
55607,1
55608,0
55609,1
55610,1
55611,0
55612,0
55613,0
55614,1
55615,1
55616,0
55617,0
55618,0
55619,1
55620,0
55621,0
55622,1
55623,1
55624,1
55625,0
55626,1
55627,0
55628,1
55629,0
55630,1
55631,1
55632,1
55633,1
55634,0
55635,1
55636,1
55637,1
55638,1
55639,1
55640,1
55641,1
55642,1
55643,1
55644,1
55645,0
55646,0
55647,1
55648,1
55649,1
55650,1
55651,1
55652,0
55653,1
55654,1
55655,0
55656,1
55657,1
55658,1
55659,1
55660,1
55661,1
55662,0
55663,1
55664,1
55665,1
55666,1
55667,0
55668,1
55669,0
55670,1
55671,1
55672,0
55673,1
55674,0
55675,0
55676,1
55677,0
55678,1
55679,1
55680,1
55681,1
55682,1
55683,1
55684,1
55685,1
55686,0
55687,1
55688,1
55689,1
55690,0
55691,1
55692,1
55693,0
55694,0
55695,1
55696,1
55697,0
55698,0
55699,1
55700,1
55701,1
55702,1
55703,0
55704,1
55705,1
55706,1
55707,1
55708,0
55709,1
55710,1
55711,1
55712,0
55713,0
55714,0
55715,0
55716,1
55717,0
55718,0
55719,1
55720,1
55721,0
55722,0
55723,0
55724,0
55725,0
55726,1
55727,1
55728,1
55729,0
55730,1
55731,0
55732,0
55733,1
55734,1
55735,0
55736,1
55737,1
55738,1
55739,1
55740,1
55741,1
55742,1
55743,0
55744,1
55745,1
55746,1
55747,1
55748,1
55749,1
55750,0
55751,0
55752,1
55753,0
55754,1
55755,0
55756,0
55757,1
55758,0
55759,1
55760,1
55761,0
55762,1
55763,0
55764,0
55765,1
55766,0
55767,0
55768,1
55769,1
55770,0
55771,0
55772,0
55773,1
55774,1
55775,1
55776,1
55777,1
55778,1
55779,0
55780,1
55781,1
55782,1
55783,1
55784,1
55785,0
55786,1
55787,1
55788,1
55789,0
55790,0
55791,0
55792,0
55793,0
55794,1
55795,0
55796,1
55797,1
55798,1
55799,0
55800,1
55801,1
55802,0
55803,0
55804,1
55805,1
55806,1
55807,1
55808,1
55809,0
55810,1
55811,1
55812,1
55813,0
55814,1
55815,1
55816,0
55817,1
55818,1
55819,1
55820,1
55821,0
55822,0
55823,1
55824,1
55825,1
55826,1
55827,1
55828,1
55829,0
55830,1
55831,1
55832,1
55833,0
55834,0
55835,0
55836,1
55837,1
55838,1
55839,0
55840,0
55841,1
55842,0
55843,1
55844,0
55845,1
55846,1
55847,0
55848,0
55849,1
55850,1
55851,1
55852,1
55853,0
55854,0
55855,0
55856,0
55857,1
55858,1
55859,0
55860,0
55861,0
55862,0
55863,1
55864,0
55865,1
55866,1
55867,1
55868,1
55869,1
55870,1
55871,1
55872,0
55873,0
55874,1
55875,1
55876,1
55877,1
55878,1
55879,0
55880,1
55881,1
55882,1
55883,0
55884,1
55885,0
55886,1
55887,0
55888,1
55889,0
55890,0
55891,0
55892,0
55893,0
55894,1
55895,1
55896,0
55897,1
55898,0
55899,1
55900,0
55901,0
55902,1
55903,1
55904,1
55905,1
55906,0
55907,1
55908,1
55909,0
55910,1
55911,1
55912,1
55913,1
55914,1
55915,0
55916,1
55917,1
55918,0
55919,1
55920,0
55921,0
55922,1
55923,1
55924,1
55925,1
55926,1
55927,1
55928,1
55929,1
55930,1
55931,1
55932,1
55933,0
55934,0
55935,1
55936,1
55937,1
55938,0
55939,1
55940,0
55941,0
55942,1
55943,1
55944,1
55945,0
55946,0
55947,0
55948,1
55949,0
55950,0
55951,1
55952,1
55953,0
55954,0
55955,1
55956,1
55957,1
55958,0
55959,0
55960,1
55961,0
55962,0
55963,1
55964,1
55965,1
55966,0
55967,1
55968,0
55969,1
55970,1
55971,1
55972,0
55973,1
55974,1
55975,1
55976,1
55977,1
55978,0
55979,0
55980,1
55981,1
55982,1
55983,0
55984,1
55985,1
55986,1
55987,1
55988,1
55989,1
55990,1
55991,0
55992,0
55993,1
55994,0
55995,1
55996,1
55997,1
55998,0
55999,1
56000,0
56001,1
56002,0
56003,0
56004,0
56005,1
56006,1
56007,0
56008,1
56009,0
56010,0
56011,1
56012,1
56013,1
56014,1
56015,1
56016,1
56017,1
56018,1
56019,1
56020,0
56021,0
56022,0
56023,0
56024,1
56025,0
56026,0
56027,1
56028,1
56029,1
56030,0
56031,1
56032,1
56033,0
56034,1
56035,1
56036,1
56037,1
56038,1
56039,1
56040,1
56041,1
56042,0
56043,1
56044,0
56045,0
56046,1
56047,1
56048,0
56049,1
56050,1
56051,1
56052,1
56053,1
56054,1
56055,1
56056,1
56057,0
56058,1
56059,1
56060,1
56061,0
56062,1
56063,1
56064,0
56065,0
56066,1
56067,0
56068,0
56069,1
56070,1
56071,0
56072,1
56073,1
56074,0
56075,1
56076,0
56077,1
56078,1
56079,1
56080,1
56081,1
56082,1
56083,1
56084,0
56085,1
56086,0
56087,0
56088,1
56089,1
56090,0
56091,1
56092,1
56093,0
56094,0
56095,1
56096,1
56097,1
56098,1
56099,1
56100,1
56101,1
56102,1
56103,1
56104,1
56105,0
56106,0
56107,1
56108,1
56109,1
56110,0
56111,1
56112,1
56113,1
56114,1
56115,1
56116,1
56117,1
56118,1
56119,1
56120,0
56121,0
56122,1
56123,0
56124,1
56125,1
56126,1
56127,0
56128,1
56129,1
56130,1
56131,0
56132,1
56133,1
56134,1
56135,1
56136,1
56137,1
56138,1
56139,1
56140,1
56141,1
56142,1
56143,1
56144,1
56145,0
56146,1
56147,1
56148,1
56149,1
56150,1
56151,1
56152,1
56153,1
56154,1
56155,1
56156,1
56157,1
56158,1
56159,1
56160,0
56161,1
56162,1
56163,1
56164,0
56165,1
56166,1
56167,1
56168,1
56169,0
56170,0
56171,1
56172,0
56173,0
56174,1
56175,0
56176,0
56177,1
56178,1
56179,1
56180,1
56181,1
56182,0
56183,1
56184,1
56185,0
56186,1
56187,0
56188,1
56189,0
56190,0
56191,0
56192,1
56193,0
56194,1
56195,1
56196,1
56197,1
56198,1
56199,1
56200,1
56201,1
56202,1
56203,0
56204,0
56205,1
56206,1
56207,1
56208,1
56209,1
56210,0
56211,1
56212,0
56213,1
56214,0
56215,0
56216,1
56217,0
56218,1
56219,1
56220,1
56221,1
56222,1
56223,1
56224,1
56225,1
56226,1
56227,0
56228,0
56229,0
56230,0
56231,1
56232,1
56233,1
56234,1
56235,1
56236,1
56237,0
56238,1
56239,1
56240,1
56241,0
56242,1
56243,0
56244,0
56245,0
56246,0
56247,0
56248,1
56249,0
56250,1
56251,0
56252,1
56253,1
56254,0
56255,1
56256,0
56257,1
56258,0
56259,0
56260,1
56261,0
56262,0
56263,0
56264,0
56265,0
56266,0
56267,0
56268,0
56269,1
56270,0
56271,1
56272,0
56273,1
56274,0
56275,0
56276,1
56277,1
56278,1
56279,0
56280,1
56281,0
56282,1
56283,0
56284,0
56285,1
56286,1
56287,1
56288,1
56289,1
56290,1
56291,0
56292,1
56293,1
56294,0
56295,1
56296,0
56297,1
56298,1
56299,1
56300,1
56301,1
56302,0
56303,0
56304,1
56305,1
56306,0
56307,0
56308,0
56309,0
56310,1
56311,1
56312,1
56313,1
56314,1
56315,1
56316,0
56317,0
56318,1
56319,1
56320,0
56321,1
56322,1
56323,1
56324,1
56325,1
56326,1
56327,0
56328,0
56329,1
56330,1
56331,1
56332,1
56333,0
56334,1
56335,1
56336,1
56337,1
56338,1
56339,1
56340,0
56341,1
56342,1
56343,0
56344,0
56345,0
56346,1
56347,1
56348,1
56349,1
56350,1
56351,0
56352,1
56353,1
56354,1
56355,0
56356,1
56357,1
56358,1
56359,1
56360,1
56361,1
56362,0
56363,0
56364,0
56365,0
56366,1
56367,1
56368,0
56369,1
56370,0
56371,0
56372,1
56373,0
56374,1
56375,1
56376,1
56377,1
56378,0
56379,0
56380,1
56381,1
56382,1
56383,0
56384,0
56385,1
56386,1
56387,1
56388,0
56389,1
56390,1
56391,1
56392,1
56393,0
56394,1
56395,0
56396,1
56397,0
56398,1
56399,1
56400,1
56401,1
56402,1
56403,1
56404,1
56405,1
56406,0
56407,1
56408,0
56409,0
56410,1
56411,1
56412,0
56413,1
56414,1
56415,1
56416,1
56417,1
56418,0
56419,0
56420,1
56421,0
56422,0
56423,1
56424,1
56425,1
56426,0
56427,1
56428,1
56429,1
56430,1
56431,1
56432,0
56433,1
56434,1
56435,1
56436,1
56437,1
56438,1
56439,1
56440,1
56441,0
56442,0
56443,0
56444,1
56445,1
56446,0
56447,1
56448,1
56449,0
56450,0
56451,0
56452,0
56453,1
56454,1
56455,0
56456,0
56457,1
56458,1
56459,1
56460,0
56461,0
56462,1
56463,1
56464,0
56465,1
56466,1
56467,1
56468,1
56469,1
56470,0
56471,1
56472,0
56473,1
56474,1
56475,1
56476,1
56477,1
56478,1
56479,0
56480,0
56481,1
56482,1
56483,0
56484,0
56485,1
56486,1
56487,0
56488,1
56489,1
56490,1
56491,0
56492,0
56493,1
56494,1
56495,1
56496,0
56497,1
56498,1
56499,1
56500,1
56501,0
56502,1
56503,1
56504,1
56505,1
56506,1
56507,1
56508,1
56509,1
56510,1
56511,0
56512,1
56513,0
56514,0
56515,0
56516,1
56517,0
56518,1
56519,1
56520,1
56521,1
56522,0
56523,1
56524,0
56525,1
56526,0
56527,1
56528,0
56529,1
56530,1
56531,0
56532,1
56533,1
56534,0
56535,1
56536,1
56537,1
56538,1
56539,0
56540,1
56541,1
56542,1
56543,0
56544,1
56545,0
56546,0
56547,0
56548,0
56549,1
56550,1
56551,1
56552,0
56553,1
56554,0
56555,0
56556,0
56557,1
56558,0
56559,1
56560,1
56561,1
56562,1
56563,1
56564,1
56565,1
56566,1
56567,1
56568,1
56569,1
56570,1
56571,1
56572,1
56573,0
56574,0
56575,0
56576,1
56577,0
56578,1
56579,1
56580,1
56581,1
56582,1
56583,1
56584,0
56585,1
56586,1
56587,0
56588,1
56589,1
56590,1
56591,1
56592,1
56593,1
56594,1
56595,1
56596,1
56597,0
56598,1
56599,0
56600,1
56601,1
56602,1
56603,1
56604,1
56605,1
56606,1
56607,1
56608,0
56609,1
56610,1
56611,1
56612,0
56613,0
56614,1
56615,1
56616,0
56617,0
56618,1
56619,1
56620,0
56621,0
56622,1
56623,1
56624,0
56625,0
56626,0
56627,0
56628,0
56629,0
56630,0
56631,0
56632,1
56633,1
56634,1
56635,1
56636,0
56637,0
56638,0
56639,0
56640,1
56641,1
56642,0
56643,0
56644,1
56645,1
56646,0
56647,1
56648,1
56649,0
56650,1
56651,1
56652,0
56653,1
56654,0
56655,1
56656,0
56657,1
56658,1
56659,1
56660,1
56661,1
56662,1
56663,1
56664,1
56665,1
56666,1
56667,1
56668,0
56669,1
56670,0
56671,0
56672,1
56673,1
56674,0
56675,0
56676,1
56677,0
56678,0
56679,1
56680,0
56681,1
56682,0
56683,1
56684,1
56685,0
56686,1
56687,1
56688,0
56689,0
56690,0
56691,1
56692,1
56693,1
56694,1
56695,1
56696,0
56697,1
56698,0
56699,1
56700,1
56701,1
56702,1
56703,1
56704,1
56705,0
56706,0
56707,0
56708,0
56709,0
56710,0
56711,1
56712,1
56713,1
56714,1
56715,0
56716,1
56717,0
56718,1
56719,1
56720,1
56721,0
56722,0
56723,1
56724,1
56725,1
56726,1
56727,1
56728,0
56729,0
56730,1
56731,0
56732,1
56733,1
56734,0
56735,0
56736,0
56737,1
56738,1
56739,1
56740,1
56741,1
56742,1
56743,0
56744,1
56745,0
56746,1
56747,0
56748,0
56749,0
56750,1
56751,0
56752,0
56753,0
56754,1
56755,1
56756,1
56757,1
56758,1
56759,0
56760,1
56761,1
56762,0
56763,1
56764,1
56765,0
56766,0
56767,1
56768,1
56769,1
56770,0
56771,0
56772,1
56773,1
56774,0
56775,1
56776,0
56777,1
56778,0
56779,0
56780,1
56781,0
56782,1
56783,1
56784,1
56785,0
56786,1
56787,1
56788,1
56789,1
56790,1
56791,1
56792,1
56793,1
56794,0
56795,1
56796,1
56797,0
56798,0
56799,1
56800,0
56801,0
56802,1
56803,0
56804,1
56805,1
56806,1
56807,0
56808,1
56809,0
56810,1
56811,1
56812,0
56813,0
56814,1
56815,1
56816,1
56817,1
56818,0
56819,1
56820,0
56821,1
56822,1
56823,1
56824,0
56825,1
56826,0
56827,0
56828,0
56829,1
56830,0
56831,0
56832,1
56833,1
56834,1
56835,1
56836,1
56837,1
56838,1
56839,1
56840,0
56841,1
56842,0
56843,1
56844,1
56845,1
56846,1
56847,0
56848,1
56849,0
56850,0
56851,1
56852,0
56853,1
56854,0
56855,1
56856,1
56857,1
56858,1
56859,1
56860,0
56861,1
56862,0
56863,1
56864,1
56865,1
56866,1
56867,0
56868,1
56869,0
56870,1
56871,0
56872,0
56873,1
56874,1
56875,0
56876,1
56877,0
56878,1
56879,0
56880,0
56881,0
56882,1
56883,1
56884,1
56885,0
56886,1
56887,0
56888,1
56889,1
56890,0
56891,0
56892,1
56893,1
56894,0
56895,1
56896,1
56897,1
56898,1
56899,0
56900,1
56901,1
56902,1
56903,1
56904,1
56905,1
56906,0
56907,0
56908,1
56909,1
56910,0
56911,0
56912,1
56913,0
56914,1
56915,0
56916,0
56917,1
56918,1
56919,1
56920,0
56921,1
56922,0
56923,1
56924,1
56925,1
56926,1
56927,1
56928,0
56929,1
56930,1
56931,0
56932,0
56933,1
56934,0
56935,0
56936,1
56937,1
56938,1
56939,0
56940,1
56941,0
56942,1
56943,0
56944,1
56945,1
56946,1
56947,1
56948,1
56949,0
56950,1
56951,0
56952,1
56953,1
56954,1
56955,1
56956,0
56957,1
56958,1
56959,1
56960,1
56961,0
56962,0
56963,1
56964,1
56965,1
56966,0
56967,1
56968,0
56969,1
56970,0
56971,1
56972,1
56973,1
56974,1
56975,0
56976,1
56977,0
56978,0
56979,1
56980,0
56981,1
56982,0
56983,1
56984,1
56985,1
56986,0
56987,1
56988,0
56989,1
56990,0
56991,1
56992,0
56993,0
56994,0
56995,0
56996,0
56997,1
56998,1
56999,0
57000,0
57001,0
57002,0
57003,1
57004,1
57005,1
57006,0
57007,1
57008,1
57009,0
57010,1
57011,0
57012,1
57013,0
57014,0
57015,0
57016,1
57017,1
57018,0
57019,1
57020,0
57021,1
57022,1
57023,1
57024,1
57025,1
57026,0
57027,0
57028,0
57029,1
57030,1
57031,1
57032,0
57033,1
57034,0
57035,1
57036,1
57037,1
57038,1
57039,0
57040,0
57041,1
57042,1
57043,0
57044,0
57045,1
57046,1
57047,1
57048,1
57049,1
57050,1
57051,1
57052,0
57053,1
57054,0
57055,1
57056,0
57057,0
57058,1
57059,0
57060,0
57061,1
57062,1
57063,1
57064,0
57065,1
57066,1
57067,0
57068,1
57069,1
57070,1
57071,1
57072,1
57073,1
57074,0
57075,0
57076,1
57077,1
57078,0
57079,1
57080,1
57081,1
57082,1
57083,1
57084,1
57085,0
57086,1
57087,0
57088,1
57089,1
57090,1
57091,1
57092,1
57093,0
57094,0
57095,1
57096,1
57097,0
57098,0
57099,1
57100,0
57101,0
57102,0
57103,0
57104,1
57105,1
57106,0
57107,0
57108,1
57109,0
57110,1
57111,0
57112,1
57113,0
57114,0
57115,1
57116,0
57117,1
57118,0
57119,1
57120,1
57121,1
57122,1
57123,0
57124,1
57125,0
57126,1
57127,1
57128,1
57129,1
57130,0
57131,1
57132,1
57133,1
57134,0
57135,1
57136,0
57137,0
57138,1
57139,0
57140,1
57141,1
57142,0
57143,0
57144,1
57145,0
57146,1
57147,1
57148,0
57149,1
57150,1
57151,1
57152,0
57153,1
57154,1
57155,1
57156,1
57157,0
57158,1
57159,1
57160,0
57161,1
57162,1
57163,1
57164,1
57165,1
57166,1
57167,1
57168,0
57169,1
57170,0
57171,1
57172,1
57173,0
57174,1
57175,1
57176,1
57177,0
57178,0
57179,1
57180,1
57181,0
57182,1
57183,1
57184,0
57185,0
57186,1
57187,1
57188,1
57189,1
57190,0
57191,1
57192,0
57193,1
57194,0
57195,1
57196,1
57197,1
57198,0
57199,1
57200,1
57201,1
57202,1
57203,0
57204,1
57205,1
57206,1
57207,1
57208,0
57209,1
57210,1
57211,1
57212,1
57213,1
57214,1
57215,1
57216,0
57217,1
57218,0
57219,1
57220,1
57221,0
57222,1
57223,1
57224,1
57225,1
57226,1
57227,1
57228,0
57229,1
57230,1
57231,0
57232,0
57233,1
57234,1
57235,1
57236,1
57237,1
57238,1
57239,1
57240,0
57241,0
57242,1
57243,1
57244,1
57245,1
57246,1
57247,0
57248,0
57249,0
57250,0
57251,1
57252,0
57253,1
57254,1
57255,1
57256,1
57257,0
57258,1
57259,1
57260,0
57261,1
57262,1
57263,0
57264,0
57265,0
57266,1
57267,1
57268,1
57269,1
57270,0
57271,1
57272,0
57273,1
57274,1
57275,1
57276,1
57277,0
57278,0
57279,1
57280,0
57281,0
57282,1
57283,1
57284,1
57285,0
57286,0
57287,1
57288,0
57289,1
57290,1
57291,1
57292,0
57293,0
57294,0
57295,1
57296,0
57297,1
57298,1
57299,1
57300,1
57301,0
57302,1
57303,1
57304,1
57305,1
57306,1
57307,0
57308,1
57309,1
57310,0
57311,1
57312,1
57313,1
57314,1
57315,1
57316,1
57317,1
57318,1
57319,0
57320,1
57321,1
57322,1
57323,1
57324,1
57325,1
57326,1
57327,1
57328,0
57329,1
57330,1
57331,1
57332,0
57333,1
57334,0
57335,1
57336,1
57337,1
57338,1
57339,0
57340,0
57341,0
57342,0
57343,0
57344,1
57345,1
57346,1
57347,1
57348,0
57349,1
57350,1
57351,0
57352,1
57353,0
57354,1
57355,1
57356,0
57357,0
57358,1
57359,0
57360,0
57361,1
57362,0
57363,1
57364,1
57365,0
57366,1
57367,1
57368,1
57369,1
57370,1
57371,0
57372,1
57373,1
57374,1
57375,1
57376,0
57377,0
57378,1
57379,1
57380,1
57381,1
57382,1
57383,0
57384,1
57385,0
57386,0
57387,1
57388,1
57389,1
57390,0
57391,1
57392,1
57393,0
57394,1
57395,0
57396,1
57397,1
57398,1
57399,1
57400,0
57401,1
57402,1
57403,0
57404,0
57405,1
57406,1
57407,1
57408,0
57409,1
57410,0
57411,1
57412,0
57413,1
57414,0
57415,1
57416,1
57417,1
57418,1
57419,1
57420,1
57421,1
57422,0
57423,0
57424,0
57425,1
57426,0
57427,0
57428,1
57429,0
57430,0
57431,1
57432,1
57433,1
57434,1
57435,1
57436,1
57437,1
57438,1
57439,0
57440,1
57441,1
57442,1
57443,1
57444,1
57445,0
57446,0
57447,1
57448,0
57449,0
57450,1
57451,1
57452,1
57453,0
57454,1
57455,1
57456,0
57457,1
57458,1
57459,1
57460,1
57461,1
57462,1
57463,1
57464,1
57465,1
57466,1
57467,0
57468,1
57469,1
57470,1
57471,1
57472,0
57473,1
57474,0
57475,0
57476,1
57477,1
57478,0
57479,1
57480,0
57481,0
57482,1
57483,1
57484,1
57485,1
57486,1
57487,1
57488,1
57489,0
57490,0
57491,1
57492,1
57493,0
57494,1
57495,1
57496,0
57497,0
57498,1
57499,0
57500,1
57501,0
57502,1
57503,0
57504,0
57505,1
57506,1
57507,1
57508,0
57509,1
57510,1
57511,1
57512,0
57513,0
57514,0
57515,1
57516,1
57517,1
57518,1
57519,1
57520,1
57521,1
57522,1
57523,0
57524,1
57525,1
57526,1
57527,0
57528,0
57529,1
57530,1
57531,0
57532,0
57533,1
57534,1
57535,1
57536,1
57537,1
57538,1
57539,0
57540,0
57541,1
57542,1
57543,1
57544,1
57545,1
57546,1
57547,0
57548,0
57549,1
57550,0
57551,1
57552,0
57553,1
57554,0
57555,1
57556,1
57557,0
57558,0
57559,1
57560,1
57561,1
57562,1
57563,1
57564,0
57565,1
57566,0
57567,0
57568,1
57569,1
57570,1
57571,0
57572,0
57573,1
57574,1
57575,0
57576,1
57577,0
57578,1
57579,1
57580,0
57581,0
57582,0
57583,0
57584,1
57585,1
57586,1
57587,1
57588,1
57589,1
57590,1
57591,1
57592,1
57593,1
57594,1
57595,1
57596,0
57597,0
57598,0
57599,1
57600,0
57601,0
57602,1
57603,1
57604,1
57605,1
57606,0
57607,0
57608,1
57609,1
57610,0
57611,0
57612,1
57613,1
57614,1
57615,1
57616,1
57617,0
57618,0
57619,1
57620,1
57621,1
57622,0
57623,0
57624,1
57625,1
57626,1
57627,1
57628,1
57629,1
57630,0
57631,1
57632,1
57633,0
57634,1
57635,1
57636,1
57637,1
57638,1
57639,0
57640,0
57641,1
57642,1
57643,0
57644,0
57645,0
57646,0
57647,1
57648,1
57649,1
57650,0
57651,0
57652,0
57653,1
57654,0
57655,0
57656,1
57657,1
57658,1
57659,1
57660,1
57661,1
57662,1
57663,1
57664,1
57665,1
57666,1
57667,1
57668,1
57669,0
57670,0
57671,0
57672,1
57673,1
57674,1
57675,1
57676,1
57677,1
57678,1
57679,1
57680,0
57681,0
57682,1
57683,0
57684,1
57685,0
57686,0
57687,1
57688,1
57689,1
57690,0
57691,1
57692,0
57693,1
57694,0
57695,1
57696,1
57697,1
57698,0
57699,1
57700,0
57701,0
57702,0
57703,1
57704,1
57705,1
57706,0
57707,1
57708,1
57709,1
57710,1
57711,0
57712,1
57713,1
57714,1
57715,0
57716,1
57717,1
57718,1
57719,1
57720,1
57721,1
57722,0
57723,1
57724,0
57725,1
57726,0
57727,0
57728,1
57729,1
57730,0
57731,1
57732,1
57733,0
57734,1
57735,0
57736,0
57737,1
57738,1
57739,1
57740,1
57741,1
57742,1
57743,0
57744,0
57745,0
57746,0
57747,1
57748,1
57749,1
57750,1
57751,1
57752,0
57753,1
57754,1
57755,1
57756,1
57757,0
57758,1
57759,1
57760,0
57761,0
57762,1
57763,1
57764,0
57765,1
57766,1
57767,1
57768,1
57769,0
57770,1
57771,0
57772,1
57773,1
57774,0
57775,1
57776,0
57777,1
57778,1
57779,1
57780,1
57781,1
57782,1
57783,0
57784,0
57785,1
57786,1
57787,1
57788,1
57789,1
57790,1
57791,1
57792,0
57793,1
57794,1
57795,0
57796,1
57797,1
57798,1
57799,1
57800,1
57801,1
57802,1
57803,1
57804,0
57805,1
57806,1
57807,1
57808,1
57809,0
57810,0
57811,0
57812,1
57813,1
57814,0
57815,1
57816,0
57817,0
57818,1
57819,0
57820,1
57821,1
57822,1
57823,0
57824,0
57825,1
57826,0
57827,1
57828,1
57829,1
57830,1
57831,1
57832,0
57833,1
57834,0
57835,0
57836,0
57837,0
57838,1
57839,1
57840,0
57841,1
57842,1
57843,1
57844,1
57845,1
57846,0
57847,1
57848,0
57849,0
57850,0
57851,1
57852,1
57853,0
57854,0
57855,1
57856,1
57857,1
57858,0
57859,1
57860,0
57861,0
57862,0
57863,1
57864,0
57865,1
57866,1
57867,0
57868,0
57869,1
57870,1
57871,1
57872,1
57873,0
57874,1
57875,1
57876,1
57877,1
57878,1
57879,1
57880,1
57881,1
57882,1
57883,1
57884,0
57885,1
57886,0
57887,1
57888,1
57889,0
57890,1
57891,1
57892,0
57893,1
57894,1
57895,1
57896,1
57897,1
57898,1
57899,0
57900,1
57901,1
57902,1
57903,1
57904,0
57905,1
57906,1
57907,0
57908,1
57909,1
57910,1
57911,0
57912,0
57913,1
57914,1
57915,1
57916,0
57917,0
57918,1
57919,0
57920,1
57921,0
57922,1
57923,1
57924,1
57925,1
57926,1
57927,1
57928,1
57929,0
57930,0
57931,1
57932,1
57933,1
57934,1
57935,1
57936,0
57937,0
57938,1
57939,1
57940,0
57941,1
57942,1
57943,0
57944,1
57945,0
57946,1
57947,1
57948,0
57949,1
57950,0
57951,1
57952,1
57953,1
57954,1
57955,0
57956,1
57957,1
57958,1
57959,0
57960,0
57961,1
57962,1
57963,0
57964,1
57965,0
57966,1
57967,1
57968,1
57969,1
57970,1
57971,1
57972,1
57973,1
57974,0
57975,0
57976,1
57977,0
57978,1
57979,1
57980,0
57981,0
57982,1
57983,1
57984,0
57985,1
57986,0
57987,1
57988,0
57989,0
57990,0
57991,0
57992,1
57993,0
57994,1
57995,1
57996,0
57997,1
57998,1
57999,1
58000,1
58001,0
58002,0
58003,1
58004,1
58005,1
58006,0
58007,0
58008,0
58009,1
58010,0
58011,1
58012,1
58013,1
58014,0
58015,0
58016,1
58017,1
58018,0
58019,1
58020,1
58021,0
58022,1
58023,1
58024,0
58025,1
58026,1
58027,0
58028,1
58029,1
58030,1
58031,0
58032,1
58033,0
58034,0
58035,0
58036,0
58037,1
58038,1
58039,1
58040,0
58041,1
58042,1
58043,1
58044,1
58045,1
58046,1
58047,1
58048,1
58049,1
58050,1
58051,1
58052,1
58053,1
58054,1
58055,1
58056,0
58057,0
58058,1
58059,1
58060,1
58061,0
58062,0
58063,1
58064,1
58065,1
58066,1
58067,1
58068,1
58069,0
58070,1
58071,0
58072,1
58073,1
58074,0
58075,0
58076,1
58077,1
58078,1
58079,0
58080,1
58081,0
58082,1
58083,1
58084,0
58085,1
58086,0
58087,1
58088,1
58089,0
58090,1
58091,1
58092,0
58093,1
58094,0
58095,0
58096,1
58097,1
58098,0
58099,0
58100,0
58101,1
58102,1
58103,1
58104,0
58105,0
58106,1
58107,1
58108,0
58109,0
58110,0
58111,1
58112,0
58113,1
58114,1
58115,1
58116,0
58117,0
58118,1
58119,1
58120,1
58121,0
58122,0
58123,1
58124,0
58125,1
58126,1
58127,1
58128,0
58129,0
58130,0
58131,0
58132,1
58133,0
58134,1
58135,1
58136,0
58137,1
58138,0
58139,1
58140,1
58141,0
58142,0
58143,0
58144,0
58145,1
58146,1
58147,1
58148,1
58149,1
58150,1
58151,1
58152,1
58153,0
58154,1
58155,1
58156,1
58157,1
58158,1
58159,1
58160,1
58161,1
58162,0
58163,1
58164,1
58165,1
58166,0
58167,0
58168,0
58169,1
58170,1
58171,0
58172,1
58173,1
58174,1
58175,0
58176,1
58177,1
58178,0
58179,0
58180,1
58181,1
58182,0
58183,0
58184,0
58185,1
58186,1
58187,1
58188,0
58189,1
58190,0
58191,1
58192,0
58193,1
58194,1
58195,1
58196,0
58197,0
58198,1
58199,0
58200,0
58201,0
58202,1
58203,1
58204,0
58205,1
58206,0
58207,1
58208,0
58209,0
58210,1
58211,1
58212,1
58213,0
58214,0
58215,1
58216,1
58217,0
58218,1
58219,1
58220,0
58221,0
58222,1
58223,0
58224,1
58225,0
58226,0
58227,1
58228,0
58229,0
58230,1
58231,1
58232,0
58233,0
58234,1
58235,1
58236,1
58237,0
58238,0
58239,1
58240,1
58241,1
58242,1
58243,0
58244,0
58245,1
58246,0
58247,0
58248,0
58249,1
58250,0
58251,0
58252,1
58253,1
58254,1
58255,0
58256,1
58257,1
58258,1
58259,0
58260,0
58261,1
58262,0
58263,1
58264,1
58265,0
58266,1
58267,1
58268,1
58269,0
58270,0
58271,1
58272,0
58273,1
58274,0
58275,1
58276,1
58277,1
58278,1
58279,1
58280,1
58281,1
58282,1
58283,1
58284,0
58285,0
58286,1
58287,1
58288,0
58289,1
58290,1
58291,1
58292,0
58293,1
58294,1
58295,1
58296,0
58297,1
58298,1
58299,1
58300,0
58301,1
58302,0
58303,0
58304,0
58305,1
58306,1
58307,0
58308,1
58309,1
58310,0
58311,0
58312,1
58313,1
58314,0
58315,1
58316,1
58317,1
58318,1
58319,1
58320,0
58321,1
58322,1
58323,1
58324,1
58325,0
58326,0
58327,0
58328,1
58329,1
58330,0
58331,0
58332,1
58333,1
58334,1
58335,1
58336,1
58337,1
58338,0
58339,0
58340,0
58341,1
58342,1
58343,0
58344,0
58345,1
58346,1
58347,1
58348,0
58349,0
58350,1
58351,1
58352,1
58353,0
58354,0
58355,0
58356,0
58357,1
58358,1
58359,1
58360,1
58361,1
58362,1
58363,1
58364,1
58365,1
58366,1
58367,0
58368,1
58369,1
58370,1
58371,1
58372,1
58373,1
58374,1
58375,0
58376,0
58377,1
58378,1
58379,0
58380,1
58381,1
58382,1
58383,1
58384,0
58385,1
58386,1
58387,0
58388,1
58389,1
58390,0
58391,0
58392,0
58393,1
58394,1
58395,0
58396,0
58397,1
58398,1
58399,0
58400,1
58401,1
58402,1
58403,1
58404,1
58405,0
58406,1
58407,0
58408,0
58409,1
58410,0
58411,1
58412,0
58413,0
58414,1
58415,0
58416,1
58417,1
58418,0
58419,0
58420,0
58421,1
58422,1
58423,1
58424,1
58425,0
58426,0
58427,1
58428,0
58429,1
58430,1
58431,1
58432,1
58433,1
58434,1
58435,1
58436,0
58437,0
58438,0
58439,0
58440,1
58441,1
58442,1
58443,1
58444,1
58445,1
58446,1
58447,1
58448,0
58449,0
58450,1
58451,0
58452,0
58453,1
58454,1
58455,1
58456,1
58457,1
58458,1
58459,0
58460,1
58461,1
58462,1
58463,1
58464,1
58465,0
58466,0
58467,1
58468,0
58469,0
58470,1
58471,1
58472,0
58473,0
58474,0
58475,1
58476,1
58477,0
58478,0
58479,1
58480,0
58481,1
58482,1
58483,0
58484,1
58485,1
58486,1
58487,1
58488,1
58489,1
58490,0
58491,1
58492,0
58493,1
58494,1
58495,1
58496,1
58497,1
58498,1
58499,0
58500,0
58501,1
58502,0
58503,0
58504,1
58505,0
58506,1
58507,0
58508,1
58509,1
58510,1
58511,1
58512,0
58513,1
58514,1
58515,1
58516,1
58517,1
58518,0
58519,0
58520,1
58521,1
58522,1
58523,1
58524,0
58525,1
58526,1
58527,1
58528,1
58529,1
58530,0
58531,0
58532,0
58533,0
58534,0
58535,1
58536,0
58537,0
58538,1
58539,1
58540,1
58541,1
58542,1
58543,0
58544,1
58545,0
58546,1
58547,1
58548,1
58549,1
58550,0
58551,1
58552,0
58553,1
58554,0
58555,1
58556,0
58557,0
58558,1
58559,1
58560,1
58561,1
58562,1
58563,1
58564,1
58565,1
58566,1
58567,1
58568,1
58569,0
58570,0
58571,1
58572,0
58573,1
58574,1
58575,1
58576,1
58577,0
58578,1
58579,1
58580,0
58581,1
58582,1
58583,1
58584,0
58585,0
58586,0
58587,1
58588,0
58589,0
58590,1
58591,1
58592,1
58593,1
58594,1
58595,0
58596,1
58597,0
58598,1
58599,0
58600,1
58601,0
58602,1
58603,1
58604,1
58605,0
58606,1
58607,0
58608,1
58609,0
58610,1
58611,0
58612,0
58613,1
58614,0
58615,1
58616,1
58617,1
58618,0
58619,1
58620,1
58621,1
58622,0
58623,1
58624,1
58625,1
58626,1
58627,1
58628,0
58629,0
58630,0
58631,1
58632,1
58633,1
58634,0
58635,0
58636,0
58637,0
58638,1
58639,0
58640,1
58641,1
58642,0
58643,0
58644,1
58645,1
58646,1
58647,1
58648,1
58649,0
58650,1
58651,0
58652,1
58653,0
58654,0
58655,0
58656,1
58657,1
58658,1
58659,1
58660,0
58661,1
58662,0
58663,1
58664,1
58665,1
58666,0
58667,0
58668,1
58669,1
58670,1
58671,1
58672,0
58673,1
58674,1
58675,1
58676,0
58677,0
58678,0
58679,1
58680,0
58681,1
58682,0
58683,0
58684,1
58685,1
58686,1
58687,1
58688,0
58689,1
58690,0
58691,1
58692,0
58693,0
58694,1
58695,1
58696,1
58697,1
58698,0
58699,0
58700,1
58701,1
58702,0
58703,1
58704,1
58705,1
58706,1
58707,1
58708,1
58709,0
58710,1
58711,1
58712,1
58713,1
58714,1
58715,1
58716,0
58717,1
58718,0
58719,0
58720,1
58721,1
58722,0
58723,1
58724,1
58725,1
58726,0
58727,1
58728,1
58729,1
58730,0
58731,1
58732,1
58733,1
58734,0
58735,0
58736,1
58737,1
58738,1
58739,1
58740,0
58741,1
58742,1
58743,0
58744,1
58745,1
58746,1
58747,0
58748,1
58749,1
58750,0
58751,1
58752,1
58753,1
58754,0
58755,1
58756,1
58757,0
58758,0
58759,1
58760,1
58761,0
58762,1
58763,1
58764,1
58765,1
58766,1
58767,0
58768,1
58769,1
58770,1
58771,1
58772,1
58773,1
58774,1
58775,1
58776,0
58777,1
58778,1
58779,1
58780,1
58781,0
58782,1
58783,1
58784,0
58785,1
58786,0
58787,1
58788,0
58789,0
58790,1
58791,1
58792,1
58793,0
58794,1
58795,0
58796,0
58797,0
58798,1
58799,0
58800,0
58801,0
58802,0
58803,1
58804,0
58805,1
58806,1
58807,0
58808,0
58809,0
58810,1
58811,1
58812,1
58813,1
58814,0
58815,0
58816,1
58817,0
58818,1
58819,1
58820,1
58821,0
58822,0
58823,1
58824,1
58825,0
58826,1
58827,1
58828,1
58829,1
58830,1
58831,0
58832,1
58833,0
58834,1
58835,0
58836,1
58837,1
58838,0
58839,1
58840,0
58841,1
58842,1
58843,0
58844,0
58845,1
58846,0
58847,0
58848,0
58849,0
58850,1
58851,1
58852,1
58853,1
58854,1
58855,1
58856,1
58857,1
58858,0
58859,1
58860,1
58861,0
58862,0
58863,1
58864,0
58865,1
58866,1
58867,1
58868,1
58869,1
58870,0
58871,1
58872,1
58873,1
58874,1
58875,0
58876,0
58877,1
58878,1
58879,1
58880,0
58881,0
58882,1
58883,1
58884,1
58885,1
58886,1
58887,1
58888,1
58889,0
58890,0
58891,1
58892,1
58893,1
58894,1
58895,0
58896,1
58897,0
58898,1
58899,1
58900,1
58901,1
58902,1
58903,0
58904,1
58905,1
58906,1
58907,1
58908,0
58909,1
58910,1
58911,0
58912,0
58913,1
58914,0
58915,1
58916,1
58917,1
58918,1
58919,1
58920,0
58921,1
58922,1
58923,0
58924,1
58925,0
58926,0
58927,1
58928,0
58929,1
58930,1
58931,1
58932,1
58933,1
58934,1
58935,0
58936,1
58937,1
58938,0
58939,1
58940,1
58941,1
58942,1
58943,0
58944,0
58945,1
58946,1
58947,1
58948,1
58949,1
58950,1
58951,1
58952,1
58953,1
58954,1
58955,1
58956,1
58957,0
58958,0
58959,0
58960,1
58961,0
58962,0
58963,1
58964,1
58965,0
58966,1
58967,1
58968,0
58969,0
58970,1
58971,1
58972,1
58973,0
58974,1
58975,1
58976,0
58977,0
58978,1
58979,1
58980,1
58981,0
58982,1
58983,0
58984,1
58985,1
58986,0
58987,0
58988,1
58989,0
58990,0
58991,1
58992,1
58993,1
58994,0
58995,1
58996,1
58997,1
58998,1
58999,0
59000,0
59001,0
59002,0
59003,1
59004,0
59005,1
59006,1
59007,1
59008,1
59009,1
59010,1
59011,0
59012,1
59013,1
59014,1
59015,0
59016,1
59017,0
59018,1
59019,1
59020,1
59021,0
59022,1
59023,0
59024,1
59025,0
59026,1
59027,1
59028,1
59029,0
59030,1
59031,1
59032,1
59033,1
59034,1
59035,1
59036,1
59037,1
59038,0
59039,1
59040,1
59041,1
59042,1
59043,1
59044,0
59045,1
59046,0
59047,0
59048,1
59049,1
59050,1
59051,1
59052,1
59053,1
59054,1
59055,0
59056,0
59057,1
59058,1
59059,1
59060,1
59061,1
59062,1
59063,0
59064,1
59065,1
59066,1
59067,1
59068,1
59069,1
59070,0
59071,1
59072,1
59073,1
59074,1
59075,0
59076,0
59077,0
59078,0
59079,1
59080,0
59081,1
59082,0
59083,0
59084,1
59085,0
59086,0
59087,1
59088,1
59089,1
59090,0
59091,1
59092,1
59093,1
59094,0
59095,0
59096,0
59097,0
59098,1
59099,1
59100,0
59101,0
59102,1
59103,0
59104,0
59105,1
59106,1
59107,0
59108,0
59109,1
59110,1
59111,1
59112,0
59113,1
59114,0
59115,0
59116,1
59117,0
59118,1
59119,1
59120,0
59121,0
59122,0
59123,1
59124,0
59125,1
59126,0
59127,0
59128,0
59129,1
59130,1
59131,1
59132,0
59133,1
59134,0
59135,0
59136,1
59137,0
59138,1
59139,1
59140,0
59141,0
59142,1
59143,1
59144,1
59145,0
59146,0
59147,0
59148,1
59149,0
59150,1
59151,1
59152,1
59153,0
59154,1
59155,0
59156,0
59157,1
59158,1
59159,1
59160,0
59161,0
59162,1
59163,1
59164,1
59165,1
59166,1
59167,0
59168,0
59169,1
59170,0
59171,1
59172,1
59173,1
59174,1
59175,1
59176,1
59177,1
59178,1
59179,1
59180,1
59181,1
59182,1
59183,1
59184,1
59185,0
59186,1
59187,1
59188,0
59189,1
59190,0
59191,1
59192,0
59193,1
59194,1
59195,1
59196,0
59197,1
59198,1
59199,1
59200,1
59201,1
59202,1
59203,1
59204,1
59205,1
59206,1
59207,0
59208,1
59209,1
59210,1
59211,0
59212,0
59213,1
59214,1
59215,1
59216,1
59217,0
59218,1
59219,0
59220,0
59221,1
59222,1
59223,0
59224,1
59225,1
59226,0
59227,0
59228,1
59229,1
59230,1
59231,1
59232,1
59233,1
59234,1
59235,1
59236,1
59237,1
59238,1
59239,1
59240,0
59241,1
59242,1
59243,1
59244,0
59245,0
59246,0
59247,1
59248,1
59249,1
59250,1
59251,1
59252,0
59253,0
59254,0
59255,1
59256,1
59257,0
59258,1
59259,0
59260,0
59261,0
59262,1
59263,1
59264,0
59265,1
59266,0
59267,1
59268,0
59269,1
59270,1
59271,1
59272,1
59273,1
59274,1
59275,0
59276,1
59277,1
59278,0
59279,1
59280,1
59281,0
59282,0
59283,0
59284,1
59285,1
59286,1
59287,1
59288,1
59289,1
59290,1
59291,1
59292,0
59293,1
59294,1
59295,1
59296,1
59297,1
59298,1
59299,0
59300,1
59301,1
59302,0
59303,1
59304,1
59305,1
59306,1
59307,1
59308,0
59309,0
59310,1
59311,1
59312,0
59313,1
59314,0
59315,1
59316,0
59317,0
59318,1
59319,1
59320,1
59321,1
59322,0
59323,1
59324,0
59325,1
59326,1
59327,1
59328,1
59329,0
59330,1
59331,0
59332,1
59333,1
59334,0
59335,1
59336,1
59337,1
59338,0
59339,0
59340,1
59341,0
59342,1
59343,1
59344,1
59345,1
59346,0
59347,0
59348,1
59349,1
59350,1
59351,0
59352,1
59353,0
59354,1
59355,1
59356,1
59357,1
59358,0
59359,1
59360,1
59361,1
59362,0
59363,1
59364,1
59365,1
59366,0
59367,1
59368,1
59369,0
59370,0
59371,1
59372,1
59373,0
59374,1
59375,0
59376,1
59377,1
59378,0
59379,1
59380,1
59381,0
59382,1
59383,1
59384,0
59385,1
59386,1
59387,1
59388,0
59389,1
59390,1
59391,0
59392,1
59393,1
59394,1
59395,1
59396,1
59397,1
59398,1
59399,1
59400,1
59401,0
59402,1
59403,1
59404,1
59405,1
59406,0
59407,1
59408,1
59409,0
59410,1
59411,0
59412,1
59413,0
59414,1
59415,0
59416,1
59417,1
59418,0
59419,0
59420,1
59421,1
59422,1
59423,1
59424,0
59425,1
59426,1
59427,1
59428,1
59429,1
59430,1
59431,1
59432,1
59433,1
59434,1
59435,0
59436,1
59437,0
59438,1
59439,1
59440,1
59441,1
59442,1
59443,0
59444,1
59445,1
59446,1
59447,1
59448,1
59449,1
59450,1
59451,1
59452,0
59453,0
59454,1
59455,0
59456,1
59457,0
59458,0
59459,0
59460,1
59461,1
59462,1
59463,1
59464,0
59465,1
59466,0
59467,1
59468,0
59469,0
59470,1
59471,0
59472,1
59473,1
59474,1
59475,0
59476,1
59477,0
59478,1
59479,1
59480,1
59481,1
59482,1
59483,1
59484,0
59485,1
59486,0
59487,1
59488,0
59489,0
59490,0
59491,1
59492,1
59493,0
59494,1
59495,0
59496,1
59497,0
59498,1
59499,1
59500,0
59501,0
59502,1
59503,0
59504,1
59505,0
59506,1
59507,1
59508,0
59509,1
59510,1
59511,0
59512,0
59513,1
59514,1
59515,0
59516,0
59517,1
59518,1
59519,1
59520,0
59521,0
59522,1
59523,0
59524,0
59525,1
59526,0
59527,0
59528,1
59529,1
59530,0
59531,1
59532,1
59533,0
59534,1
59535,1
59536,1
59537,1
59538,0
59539,1
59540,1
59541,0
59542,1
59543,0
59544,1
59545,0
59546,1
59547,0
59548,1
59549,1
59550,1
59551,0
59552,1
59553,0
59554,1
59555,1
59556,1
59557,1
59558,1
59559,1
59560,0
59561,0
59562,1
59563,0
59564,1
59565,1
59566,1
59567,1
59568,1
59569,0
59570,1
59571,1
59572,0
59573,1
59574,1
59575,1
59576,0
59577,0
59578,0
59579,0
59580,0
59581,1
59582,1
59583,1
59584,1
59585,0
59586,0
59587,1
59588,1
59589,0
59590,1
59591,1
59592,1
59593,1
59594,1
59595,1
59596,1
59597,1
59598,0
59599,1
59600,0
59601,1
59602,0
59603,1
59604,1
59605,1
59606,0
59607,0
59608,0
59609,1
59610,1
59611,1
59612,1
59613,1
59614,1
59615,1
59616,1
59617,1
59618,1
59619,1
59620,0
59621,0
59622,1
59623,1
59624,0
59625,1
59626,1
59627,0
59628,0
59629,1
59630,0
59631,0
59632,1
59633,1
59634,1
59635,1
59636,0
59637,1
59638,0
59639,0
59640,1
59641,1
59642,0
59643,0
59644,1
59645,1
59646,1
59647,1
59648,1
59649,1
59650,0
59651,0
59652,1
59653,0
59654,1
59655,1
59656,0
59657,0
59658,0
59659,0
59660,0
59661,1
59662,0
59663,0
59664,0
59665,1
59666,1
59667,0
59668,1
59669,1
59670,0
59671,1
59672,0
59673,1
59674,0
59675,1
59676,0
59677,1
59678,1
59679,0
59680,1
59681,1
59682,0
59683,1
59684,0
59685,1
59686,0
59687,0
59688,1
59689,1
59690,1
59691,0
59692,1
59693,1
59694,1
59695,0
59696,1
59697,1
59698,1
59699,1
59700,1
59701,1
59702,0
59703,1
59704,1
59705,1
59706,0
59707,1
59708,0
59709,0
59710,1
59711,1
59712,1
59713,1
59714,1
59715,1
59716,0
59717,1
59718,1
59719,0
59720,0
59721,1
59722,1
59723,1
59724,0
59725,0
59726,1
59727,0
59728,1
59729,0
59730,0
59731,1
59732,1
59733,0
59734,1
59735,1
59736,1
59737,0
59738,0
59739,1
59740,0
59741,1
59742,0
59743,1
59744,0
59745,1
59746,1
59747,1
59748,1
59749,1
59750,1
59751,1
59752,0
59753,1
59754,0
59755,1
59756,0
59757,1
59758,0
59759,1
59760,0
59761,0
59762,0
59763,1
59764,1
59765,1
59766,1
59767,1
59768,0
59769,0
59770,1
59771,0
59772,1
59773,0
59774,1
59775,0
59776,0
59777,0
59778,1
59779,1
59780,1
59781,0
59782,1
59783,1
59784,1
59785,0
59786,1
59787,0
59788,1
59789,0
59790,1
59791,1
59792,0
59793,0
59794,1
59795,0
59796,1
59797,0
59798,1
59799,0
59800,1
59801,1
59802,0
59803,1
59804,1
59805,1
59806,1
59807,0
59808,1
59809,0
59810,1
59811,1
59812,0
59813,1
59814,0
59815,1
59816,1
59817,1
59818,1
59819,1
59820,1
59821,0
59822,1
59823,0
59824,0
59825,0
59826,1
59827,1
59828,0
59829,1
59830,1
59831,1
59832,1
59833,0
59834,0
59835,0
59836,1
59837,1
59838,1
59839,1
59840,0
59841,1
59842,0
59843,1
59844,1
59845,0
59846,1
59847,1
59848,1
59849,0
59850,1
59851,1
59852,1
59853,1
59854,1
59855,0
59856,1
59857,1
59858,0
59859,0
59860,1
59861,1
59862,1
59863,1
59864,1
59865,1
59866,1
59867,1
59868,1
59869,1
59870,1
59871,0
59872,1
59873,1
59874,0
59875,0
59876,0
59877,1
59878,1
59879,0
59880,0
59881,1
59882,1
59883,1
59884,1
59885,1
59886,0
59887,0
59888,1
59889,0
59890,1
59891,1
59892,1
59893,1
59894,1
59895,0
59896,1
59897,1
59898,0
59899,1
59900,1
59901,0
59902,1
59903,0
59904,1
59905,0
59906,1
59907,1
59908,0
59909,1
59910,0
59911,0
59912,1
59913,1
59914,0
59915,1
59916,1
59917,1
59918,1
59919,1
59920,0
59921,0
59922,0
59923,1
59924,1
59925,0
59926,1
59927,1
59928,1
59929,1
59930,1
59931,0
59932,0
59933,1
59934,1
59935,1
59936,1
59937,1
59938,1
59939,1
59940,1
59941,0
59942,0
59943,0
59944,0
59945,0
59946,1
59947,1
59948,0
59949,1
59950,1
59951,0
59952,1
59953,1
59954,0
59955,0
59956,0
59957,0
59958,1
59959,1
59960,0
59961,0
59962,1
59963,0
59964,0
59965,0
59966,1
59967,1
59968,1
59969,0
59970,0
59971,1
59972,0
59973,1
59974,0
59975,0
59976,0
59977,1
59978,0
59979,1
59980,1
59981,0
59982,0
59983,0
59984,0
59985,0
59986,1
59987,0
59988,1
59989,1
59990,1
59991,0
59992,0
59993,1
59994,1
59995,1
59996,0
59997,1
59998,0
59999,1
60000,1
60001,1
60002,1
60003,1
60004,1
60005,1
60006,0
60007,0
60008,0
60009,1
60010,0
60011,0
60012,1
60013,0
60014,1
60015,0
60016,0
60017,1
60018,0
60019,1
60020,1
60021,1
60022,1
60023,0
60024,1
60025,1
60026,0
60027,1
60028,0
60029,1
60030,1
60031,1
60032,1
60033,1
60034,0
60035,1
60036,0
60037,1
60038,1
60039,1
60040,1
60041,0
60042,1
60043,0
60044,1
60045,1
60046,1
60047,0
60048,1
60049,1
60050,1
60051,0
60052,0
60053,1
60054,0
60055,1
60056,1
60057,0
60058,1
60059,1
60060,0
60061,1
60062,0
60063,1
60064,0
60065,0
60066,1
60067,0
60068,1
60069,0
60070,1
60071,0
60072,1
60073,0
60074,0
60075,0
60076,0
60077,1
60078,1
60079,0
60080,0
60081,1
60082,1
60083,0
60084,1
60085,0
60086,0
60087,1
60088,1
60089,1
60090,1
60091,0
60092,1
60093,1
60094,1
60095,1
60096,1
60097,1
60098,1
60099,0
60100,0
60101,1
60102,1
60103,1
60104,1
60105,1
60106,1
60107,0
60108,0
60109,0
60110,1
60111,1
60112,0
60113,0
60114,0
60115,1
60116,1
60117,1
60118,0
60119,1
60120,0
60121,0
60122,1
60123,1
60124,1
60125,0
60126,0
60127,1
60128,1
60129,1
60130,0
60131,0
60132,1
60133,1
60134,1
60135,1
60136,1
60137,1
60138,0
60139,0
60140,0
60141,0
60142,1
60143,0
60144,0
60145,1
60146,1
60147,1
60148,1
60149,1
60150,0
60151,0
60152,1
60153,1
60154,1
60155,1
60156,0
60157,0
60158,1
60159,1
60160,0
60161,1
60162,0
60163,1
60164,1
60165,1
60166,0
60167,1
60168,1
60169,1
60170,1
60171,0
60172,1
60173,1
60174,1
60175,0
60176,0
60177,0
60178,0
60179,1
60180,0
60181,0
60182,1
60183,1
60184,1
60185,1
60186,1
60187,1
60188,1
60189,1
60190,1
60191,0
60192,0
60193,0
60194,1
60195,1
60196,0
60197,1
60198,1
60199,1
60200,0
60201,0
60202,1
60203,0
60204,1
60205,1
60206,1
60207,1
60208,1
60209,1
60210,1
60211,1
60212,0
60213,1
60214,0
60215,1
60216,1
60217,1
60218,0
60219,1
60220,0
60221,1
60222,1
60223,1
60224,0
60225,1
60226,0
60227,1
60228,0
60229,1
60230,0
60231,0
60232,1
60233,1
60234,1
60235,1
60236,0
60237,1
60238,0
60239,1
60240,1
60241,0
60242,1
60243,0
60244,1
60245,1
60246,0
60247,0
60248,1
60249,1
60250,0
60251,0
60252,0
60253,1
60254,1
60255,0
60256,0
60257,0
60258,1
60259,1
60260,1
60261,1
60262,0
60263,0
60264,1
60265,0
60266,1
60267,1
60268,1
60269,1
60270,1
60271,1
60272,1
60273,0
60274,0
60275,0
60276,0
60277,1
60278,1
60279,0
60280,1
60281,1
60282,1
60283,1
60284,0
60285,0
60286,1
60287,1
60288,1
60289,0
60290,1
60291,1
60292,0
60293,1
60294,0
60295,1
60296,0
60297,0
60298,0
60299,0
60300,1
60301,0
60302,1
60303,1
60304,0
60305,0
60306,0
60307,1
60308,1
60309,1
60310,1
60311,0
60312,1
60313,0
60314,1
60315,1
60316,1
60317,0
60318,1
60319,0
60320,1
60321,0
60322,1
60323,0
60324,1
60325,1
60326,1
60327,1
60328,1
60329,0
60330,1
60331,0
60332,0
60333,1
60334,1
60335,1
60336,0
60337,0
60338,1
60339,1
60340,1
60341,0
60342,1
60343,0
60344,1
60345,0
60346,1
60347,0
60348,0
60349,0
60350,1
60351,0
60352,0
60353,1
60354,1
60355,1
60356,1
60357,1
60358,0
60359,1
60360,1
60361,1
60362,1
60363,1
60364,0
60365,1
60366,1
60367,1
60368,0
60369,1
60370,1
60371,1
60372,1
60373,0
60374,1
60375,1
60376,0
60377,0
60378,0
60379,0
60380,1
60381,1
60382,1
60383,0
60384,1
60385,0
60386,1
60387,1
60388,0
60389,1
60390,0
60391,1
60392,0
60393,1
60394,1
60395,1
60396,1
60397,0
60398,0
60399,1
60400,1
60401,1
60402,1
60403,0
60404,0
60405,0
60406,1
60407,1
60408,1
60409,0
60410,1
60411,1
60412,1
60413,1
60414,1
60415,1
60416,0
60417,0
60418,1
60419,1
60420,1
60421,1
60422,1
60423,1
60424,1
60425,1
60426,0
60427,0
60428,1
60429,0
60430,1
60431,1
60432,0
60433,1
60434,1
60435,1
60436,1
60437,1
60438,1
60439,0
60440,0
60441,0
60442,1
60443,0
60444,1
60445,1
60446,0
60447,1
60448,1
60449,1
60450,0
60451,1
60452,0
60453,1
60454,1
60455,0
60456,0
60457,1
60458,1
60459,1
60460,1
60461,0
60462,1
60463,1
60464,1
60465,1
60466,1
60467,1
60468,0
60469,1
60470,1
60471,0
60472,0
60473,1
60474,1
60475,0
60476,1
60477,0
60478,1
60479,0
60480,1
60481,1
60482,1
60483,1
60484,1
60485,0
60486,1
60487,0
60488,1
60489,1
60490,0
60491,1
60492,1
60493,1
60494,0
60495,1
60496,1
60497,1
60498,1
60499,1
60500,1
60501,1
60502,0
60503,1
60504,1
60505,1
60506,1
60507,1
60508,0
60509,0
60510,1
60511,1
60512,0
60513,0
60514,0
60515,1
60516,0
60517,0
60518,0
60519,1
60520,1
60521,0
60522,1
60523,0
60524,0
60525,1
60526,1
60527,0
60528,1
60529,0
60530,0
60531,1
60532,1
60533,0
60534,0
60535,0
60536,1
60537,0
60538,1
60539,0
60540,0
60541,0
60542,1
60543,1
60544,1
60545,1
60546,1
60547,1
60548,1
60549,0
60550,0
60551,1
60552,0
60553,1
60554,0
60555,1
60556,0
60557,0
60558,1
60559,0
60560,0
60561,0
60562,0
60563,1
60564,0
60565,0
60566,0
60567,0
60568,1
60569,1
60570,1
60571,1
60572,1
60573,0
60574,1
60575,1
60576,1
60577,1
60578,1
60579,1
60580,0
60581,0
60582,0
60583,0
60584,0
60585,1
60586,1
60587,1
60588,1
60589,1
60590,0
60591,0
60592,1
60593,1
60594,1
60595,0
60596,1
60597,1
60598,0
60599,1
60600,0
60601,1
60602,0
60603,0
60604,1
60605,1
60606,1
60607,1
60608,0
60609,1
60610,0
60611,1
60612,0
60613,0
60614,1
60615,1
60616,1
60617,0
60618,1
60619,1
60620,0
60621,1
60622,1
60623,1
60624,0
60625,0
60626,1
60627,1
60628,0
60629,0
60630,1
60631,1
60632,0
60633,1
60634,1
60635,1
60636,1
60637,0
60638,0
60639,1
60640,1
60641,0
60642,1
60643,0
60644,1
60645,1
60646,0
60647,1
60648,1
60649,0
60650,0
60651,1
60652,1
60653,1
60654,0
60655,0
60656,1
60657,1
60658,0
60659,0
60660,0
60661,1
60662,0
60663,0
60664,1
60665,1
60666,1
60667,1
60668,1
60669,1
60670,1
60671,1
60672,1
60673,0
60674,1
60675,0
60676,0
60677,0
60678,0
60679,0
60680,1
60681,0
60682,1
60683,1
60684,0
60685,1
60686,0
60687,1
60688,1
60689,1
60690,1
60691,1
60692,1
60693,0
60694,1
60695,1
60696,1
60697,1
60698,1
60699,0
60700,0
60701,0
60702,0
60703,1
60704,1
60705,1
60706,0
60707,1
60708,1
60709,1
60710,1
60711,1
60712,1
60713,0
60714,0
60715,1
60716,1
60717,1
60718,1
60719,1
60720,1
60721,1
60722,1
60723,0
60724,0
60725,1
60726,0
60727,1
60728,0
60729,0
60730,1
60731,1
60732,1
60733,1
60734,1
60735,0
60736,1
60737,0
60738,1
60739,1
60740,0
60741,1
60742,1
60743,1
60744,0
60745,1
60746,0
60747,1
60748,1
60749,0
60750,1
60751,1
60752,0
60753,1
60754,1
60755,1
60756,1
60757,0
60758,1
60759,1
60760,1
60761,0
60762,1
60763,1
60764,0
60765,0
60766,1
60767,1
60768,0
60769,1
60770,0
60771,0
60772,1
60773,1
60774,1
60775,1
60776,0
60777,1
60778,1
60779,1
60780,1
60781,1
60782,1
60783,0
60784,1
60785,0
60786,1
60787,0
60788,0
60789,1
60790,1
60791,1
60792,1
60793,0
60794,1
60795,1
60796,0
60797,1
60798,1
60799,0
60800,0
60801,0
60802,1
60803,1
60804,0
60805,1
60806,0
60807,0
60808,0
60809,0
60810,1
60811,0
60812,1
60813,1
60814,0
60815,0
60816,0
60817,1
60818,1
60819,1
60820,0
60821,1
60822,1
60823,1
60824,1
60825,1
60826,1
60827,0
60828,0
60829,1
60830,0
60831,1
60832,0
60833,0
60834,1
60835,0
60836,1
60837,1
60838,1
60839,1
60840,0
60841,0
60842,1
60843,0
60844,1
60845,1
60846,1
60847,0
60848,0
60849,1
60850,0
60851,1
60852,0
60853,0
60854,1
60855,1
60856,0
60857,1
60858,1
60859,1
60860,1
60861,1
60862,0
60863,1
60864,1
60865,1
60866,1
60867,1
60868,1
60869,1
60870,1
60871,0
60872,1
60873,1
60874,1
60875,0
60876,1
60877,1
60878,1
60879,1
60880,0
60881,0
60882,0
60883,1
60884,1
60885,1
60886,0
60887,0
60888,1
60889,1
60890,0
60891,1
60892,0
60893,0
60894,0
60895,1
60896,1
60897,0
60898,1
60899,1
60900,1
60901,1
60902,1
60903,0
60904,0
60905,1
60906,1
60907,1
60908,0
60909,1
60910,0
60911,0
60912,1
60913,1
60914,0
60915,1
60916,1
60917,1
60918,1
60919,1
60920,1
60921,1
60922,1
60923,0
60924,0
60925,0
60926,1
60927,1
60928,1
60929,0
60930,0
60931,1
60932,1
60933,0
60934,0
60935,1
60936,0
60937,1
60938,1
60939,1
60940,0
60941,0
60942,1
60943,1
60944,1
60945,0
60946,1
60947,1
60948,1
60949,1
60950,1
60951,1
60952,1
60953,1
60954,1
60955,1
60956,1
60957,0
60958,1
60959,1
60960,1
60961,1
60962,0
60963,1
60964,0
60965,1
60966,1
60967,1
60968,1
60969,1
60970,1
60971,0
60972,1
60973,1
60974,1
60975,1
60976,0
60977,0
60978,0
60979,0
60980,0
60981,1
60982,1
60983,1
60984,1
60985,1
60986,1
60987,0
60988,0
60989,0
60990,0
60991,0
60992,0
60993,0
60994,1
60995,1
60996,0
60997,0
60998,1
60999,1
61000,1
61001,1
61002,0
61003,0
61004,1
61005,1
61006,0
61007,1
61008,1
61009,0
61010,1
61011,1
61012,1
61013,1
61014,1
61015,0
61016,1
61017,0
61018,1
61019,0
61020,1
61021,1
61022,1
61023,0
61024,1
61025,1
61026,1
61027,0
61028,1
61029,0
61030,1
61031,0
61032,1
61033,0
61034,1
61035,1
61036,1
61037,1
61038,0
61039,1
61040,1
61041,0
61042,1
61043,1
61044,1
61045,1
61046,0
61047,0
61048,0
61049,1
61050,0
61051,1
61052,0
61053,1
61054,1
61055,1
61056,0
61057,1
61058,0
61059,1
61060,1
61061,0
61062,0
61063,0
61064,0
61065,1
61066,0
61067,0
61068,1
61069,1
61070,1
61071,1
61072,1
61073,1
61074,1
61075,1
61076,1
61077,0
61078,1
61079,1
61080,0
61081,1
61082,1
61083,1
61084,0
61085,1
61086,1
61087,1
61088,0
61089,0
61090,1
61091,0
61092,1
61093,1
61094,1
61095,1
61096,1
61097,0
61098,0
61099,0
61100,0
61101,1
61102,1
61103,1
61104,1
61105,1
61106,1
61107,1
61108,1
61109,0
61110,0
61111,0
61112,1
61113,1
61114,1
61115,1
61116,0
61117,0
61118,1
61119,1
61120,0
61121,1
61122,1
61123,0
61124,1
61125,0
61126,1
61127,0
61128,0
61129,1
61130,1
61131,1
61132,0
61133,1
61134,0
61135,0
61136,1
61137,0
61138,0
61139,0
61140,1
61141,1
61142,0
61143,1
61144,0
61145,0
61146,1
61147,0
61148,0
61149,1
61150,1
61151,1
61152,1
61153,1
61154,1
61155,1
61156,0
61157,1
61158,1
61159,0
61160,0
61161,1
61162,1
61163,0
61164,0
61165,1
61166,0
61167,0
61168,1
61169,1
61170,1
61171,0
61172,1
61173,0
61174,0
61175,1
61176,1
61177,1
61178,1
61179,1
61180,0
61181,1
61182,0
61183,1
61184,0
61185,0
61186,1
61187,1
61188,1
61189,1
61190,1
61191,0
61192,0
61193,1
61194,1
61195,1
61196,1
61197,1
61198,1
61199,0
61200,1
61201,1
61202,1
61203,1
61204,0
61205,1
61206,0
61207,0
61208,1
61209,1
61210,0
61211,1
61212,0
61213,0
61214,1
61215,0
61216,1
61217,0
61218,0
61219,1
61220,0
61221,1
61222,1
61223,1
61224,0
61225,1
61226,1
61227,0
61228,0
61229,0
61230,0
61231,1
61232,0
61233,1
61234,1
61235,1
61236,1
61237,1
61238,1
61239,1
61240,1
61241,1
61242,1
61243,0
61244,1
61245,1
61246,1
61247,1
61248,1
61249,0
61250,1
61251,1
61252,1
61253,1
61254,1
61255,1
61256,1
61257,1
61258,0
61259,0
61260,0
61261,1
61262,1
61263,1
61264,1
61265,1
61266,0
61267,1
61268,1
61269,0
61270,1
61271,1
61272,0
61273,1
61274,1
61275,0
61276,0
61277,1
61278,0
61279,1
61280,1
61281,1
61282,0
61283,0
61284,0
61285,0
61286,0
61287,0
61288,0
61289,1
61290,1
61291,1
61292,0
61293,0
61294,1
61295,0
61296,1
61297,0
61298,0
61299,0
61300,1
61301,0
61302,0
61303,0
61304,0
61305,1
61306,1
61307,1
61308,0
61309,1
61310,1
61311,1
61312,0
61313,0
61314,1
61315,0
61316,0
61317,1
61318,0
61319,0
61320,0
61321,1
61322,0
61323,0
61324,0
61325,1
61326,0
61327,1
61328,1
61329,1
61330,1
61331,1
61332,1
61333,1
61334,1
61335,0
61336,0
61337,1
61338,0
61339,1
61340,0
61341,1
61342,1
61343,1
61344,1
61345,1
61346,0
61347,0
61348,0
61349,0
61350,1
61351,0
61352,1
61353,1
61354,0
61355,1
61356,1
61357,0
61358,0
61359,1
61360,1
61361,0
61362,0
61363,0
61364,0
61365,0
61366,0
61367,1
61368,0
61369,0
61370,0
61371,0
61372,1
61373,1
61374,0
61375,1
61376,1
61377,1
61378,1
61379,0
61380,0
61381,1
61382,1
61383,0
61384,1
61385,1
61386,1
61387,0
61388,1
61389,1
61390,1
61391,0
61392,1
61393,1
61394,0
61395,1
61396,1
61397,1
61398,0
61399,1
61400,1
61401,0
61402,0
61403,1
61404,0
61405,1
61406,1
61407,1
61408,1
61409,1
61410,0
61411,1
61412,1
61413,0
61414,0
61415,0
61416,0
61417,0
61418,0
61419,0
61420,1
61421,1
61422,1
61423,1
61424,0
61425,0
61426,1
61427,0
61428,1
61429,1
61430,1
61431,1
61432,1
61433,0
61434,1
61435,1
61436,0
61437,0
61438,1
61439,1
61440,1
61441,1
61442,0
61443,1
61444,1
61445,0
61446,0
61447,1
61448,1
61449,1
61450,0
61451,1
61452,1
61453,1
61454,1
61455,1
61456,0
61457,0
61458,1
61459,0
61460,0
61461,1
61462,0
61463,1
61464,0
61465,1
61466,0
61467,0
61468,1
61469,1
61470,0
61471,0
61472,0
61473,0
61474,0
61475,1
61476,1
61477,1
61478,1
61479,1
61480,1
61481,0
61482,1
61483,1
61484,0
61485,0
61486,0
61487,1
61488,1
61489,0
61490,0
61491,0
61492,1
61493,0
61494,1
61495,1
61496,0
61497,0
61498,1
61499,1
61500,1
61501,1
61502,1
61503,1
61504,0
61505,0
61506,1
61507,1
61508,1
61509,1
61510,0
61511,1
61512,1
61513,0
61514,1
61515,0
61516,1
61517,0
61518,1
61519,1
61520,1
61521,0
61522,1
61523,0
61524,0
61525,1
61526,1
61527,1
61528,0
61529,1
61530,1
61531,0
61532,1
61533,1
61534,0
61535,1
61536,1
61537,1
61538,1
61539,0
61540,1
61541,1
61542,1
61543,0
61544,1
61545,1
61546,1
61547,0
61548,1
61549,0
61550,1
61551,0
61552,1
61553,1
61554,1
61555,1
61556,0
61557,1
61558,1
61559,0
61560,0
61561,1
61562,1
61563,0
61564,1
61565,1
61566,1
61567,0
61568,1
61569,0
61570,0
61571,1
61572,0
61573,1
61574,1
61575,0
61576,1
61577,0
61578,0
61579,1
61580,0
61581,1
61582,1
61583,1
61584,1
61585,1
61586,1
61587,1
61588,1
61589,1
61590,0
61591,1
61592,1
61593,0
61594,1
61595,1
61596,1
61597,1
61598,1
61599,0
61600,1
61601,0
61602,1
61603,0
61604,1
61605,1
61606,1
61607,1
61608,1
61609,1
61610,1
61611,0
61612,1
61613,0
61614,0
61615,1
61616,0
61617,1
61618,0
61619,1
61620,0
61621,0
61622,1
61623,0
61624,1
61625,1
61626,1
61627,0
61628,1
61629,1
61630,0
61631,1
61632,0
61633,0
61634,0
61635,0
61636,1
61637,1
61638,0
61639,0
61640,0
61641,0
61642,0
61643,1
61644,1
61645,1
61646,1
61647,1
61648,1
61649,0
61650,1
61651,1
61652,0
61653,1
61654,0
61655,0
61656,1
61657,1
61658,1
61659,1
61660,1
61661,1
61662,1
61663,1
61664,1
61665,1
61666,0
61667,1
61668,1
61669,0
61670,0
61671,1
61672,0
61673,0
61674,0
61675,1
61676,1
61677,1
61678,1
61679,1
61680,1
61681,0
61682,0
61683,1
61684,1
61685,0
61686,1
61687,1
61688,0
61689,0
61690,1
61691,0
61692,1
61693,0
61694,1
61695,0
61696,0
61697,1
61698,1
61699,1
61700,0
61701,1
61702,0
61703,0
61704,1
61705,1
61706,1
61707,1
61708,1
61709,1
61710,1
61711,1
61712,0
61713,0
61714,1
61715,1
61716,1
61717,1
61718,0
61719,0
61720,1
61721,0
61722,1
61723,1
61724,1
61725,1
61726,0
61727,0
61728,1
61729,0
61730,1
61731,1
61732,1
61733,1
61734,0
61735,1
61736,0
61737,1
61738,1
61739,1
61740,0
61741,1
61742,0
61743,1
61744,1
61745,0
61746,1
61747,1
61748,0
61749,1
61750,1
61751,0
61752,1
61753,0
61754,1
61755,0
61756,0
61757,1
61758,1
61759,0
61760,0
61761,1
61762,0
61763,1
61764,1
61765,1
61766,1
61767,1
61768,1
61769,1
61770,0
61771,0
61772,0
61773,1
61774,1
61775,0
61776,1
61777,1
61778,0
61779,1
61780,0
61781,0
61782,1
61783,0
61784,1
61785,1
61786,1
61787,1
61788,1
61789,1
61790,1
61791,0
61792,0
61793,1
61794,0
61795,0
61796,0
61797,1
61798,1
61799,0
61800,1
61801,1
61802,0
61803,0
61804,1
61805,0
61806,1
61807,1
61808,1
61809,0
61810,1
61811,1
61812,0
61813,1
61814,0
61815,1
61816,0
61817,1
61818,1
61819,1
61820,1
61821,0
61822,1
61823,1
61824,1
61825,1
61826,1
61827,1
61828,0
61829,1
61830,0
61831,0
61832,0
61833,1
61834,1
61835,1
61836,0
61837,0
61838,1
61839,0
61840,1
61841,0
61842,0
61843,1
61844,0
61845,0
61846,1
61847,0
61848,1
61849,1
61850,0
61851,1
61852,1
61853,0
61854,1
61855,1
61856,1
61857,0
61858,1
61859,0
61860,0
61861,1
61862,0
61863,1
61864,1
61865,0
61866,1
61867,1
61868,0
61869,1
61870,1
61871,0
61872,0
61873,1
61874,0
61875,1
61876,1
61877,0
61878,1
61879,0
61880,1
61881,1
61882,1
61883,1
61884,1
61885,1
61886,1
61887,1
61888,1
61889,1
61890,1
61891,0
61892,0
61893,1
61894,1
61895,1
61896,0
61897,0
61898,1
61899,1
61900,1
61901,1
61902,1
61903,0
61904,1
61905,0
61906,0
61907,1
61908,1
61909,0
61910,0
61911,1
61912,1
61913,1
61914,0
61915,0
61916,0
61917,1
61918,0
61919,0
61920,1
61921,0
61922,1
61923,1
61924,1
61925,1
61926,0
61927,1
61928,0
61929,1
61930,0
61931,1
61932,1
61933,1
61934,0
61935,0
61936,0
61937,0
61938,1
61939,0
61940,1
61941,0
61942,0
61943,1
61944,1
61945,1
61946,1
61947,0
61948,0
61949,0
61950,1
61951,1
61952,0
61953,0
61954,0
61955,0
61956,1
61957,1
61958,1
61959,1
61960,0
61961,1
61962,1
61963,0
61964,1
61965,1
61966,1
61967,0
61968,1
61969,1
61970,1
61971,1
61972,0
61973,1
61974,1
61975,0
61976,0
61977,0
61978,0
61979,1
61980,0
61981,0
61982,1
61983,1
61984,0
61985,1
61986,0
61987,0
61988,0
61989,0
61990,1
61991,0
61992,0
61993,1
61994,1
61995,1
61996,1
61997,0
61998,1
61999,0
62000,1
62001,0
62002,1
62003,0
62004,0
62005,1
62006,1
62007,1
62008,1
62009,1
62010,1
62011,1
62012,1
62013,1
62014,1
62015,0
62016,1
62017,0
62018,1
62019,1
62020,1
62021,0
62022,0
62023,0
62024,0
62025,1
62026,1
62027,1
62028,1
62029,1
62030,1
62031,0
62032,0
62033,1
62034,0
62035,0
62036,1
62037,0
62038,1
62039,0
62040,0
62041,1
62042,1
62043,0
62044,1
62045,1
62046,0
62047,0
62048,0
62049,1
62050,1
62051,1
62052,1
62053,1
62054,0
62055,0
62056,1
62057,1
62058,0
62059,1
62060,0
62061,1
62062,1
62063,0
62064,0
62065,0
62066,1
62067,1
62068,0
62069,0
62070,0
62071,1
62072,1
62073,0
62074,1
62075,1
62076,0
62077,0
62078,0
62079,1
62080,1
62081,1
62082,1
62083,1
62084,1
62085,1
62086,0
62087,0
62088,0
62089,0
62090,1
62091,1
62092,0
62093,0
62094,0
62095,1
62096,0
62097,1
62098,1
62099,0
62100,1
62101,0
62102,1
62103,0
62104,1
62105,0
62106,1
62107,1
62108,0
62109,0
62110,0
62111,0
62112,1
62113,1
62114,0
62115,1
62116,1
62117,0
62118,0
62119,1
62120,1
62121,1
62122,1
62123,1
62124,0
62125,0
62126,0
62127,1
62128,1
62129,1
62130,1
62131,1
62132,1
62133,1
62134,0
62135,1
62136,1
62137,0
62138,1
62139,1
62140,1
62141,1
62142,1
62143,0
62144,0
62145,0
62146,1
62147,1
62148,1
62149,1
62150,1
62151,0
62152,1
62153,0
62154,1
62155,0
62156,1
62157,0
62158,1
62159,1
62160,0
62161,1
62162,1
62163,0
62164,1
62165,1
62166,1
62167,1
62168,1
62169,0
62170,1
62171,0
62172,1
62173,0
62174,1
62175,0
62176,1
62177,1
62178,1
62179,1
62180,0
62181,1
62182,0
62183,1
62184,0
62185,1
62186,0
62187,0
62188,1
62189,1
62190,1
62191,1
62192,0
62193,1
62194,0
62195,1
62196,0
62197,1
62198,0
62199,1
62200,0
62201,1
62202,1
62203,1
62204,1
62205,1
62206,1
62207,1
62208,1
62209,1
62210,1
62211,1
62212,0
62213,1
62214,0
62215,1
62216,1
62217,1
62218,0
62219,1
62220,1
62221,0
62222,0
62223,0
62224,1
62225,1
62226,0
62227,1
62228,1
62229,1
62230,1
62231,0
62232,1
62233,0
62234,1
62235,1
62236,0
62237,0
62238,1
62239,0
62240,0
62241,0
62242,1
62243,0
62244,1
62245,1
62246,0
62247,1
62248,0
62249,0
62250,1
62251,0
62252,0
62253,0
62254,1
62255,1
62256,1
62257,1
62258,1
62259,1
62260,0
62261,1
62262,0
62263,1
62264,1
62265,1
62266,0
62267,0
62268,1
62269,1
62270,0
62271,1
62272,1
62273,1
62274,0
62275,1
62276,1
62277,0
62278,1
62279,0
62280,0
62281,0
62282,1
62283,1
62284,1
62285,0
62286,1
62287,0
62288,1
62289,0
62290,1
62291,1
62292,1
62293,0
62294,1
62295,1
62296,1
62297,1
62298,1
62299,0
62300,1
62301,1
62302,1
62303,0
62304,1
62305,1
62306,0
62307,1
62308,0
62309,1
62310,1
62311,1
62312,1
62313,1
62314,0
62315,1
62316,1
62317,1
62318,1
62319,1
62320,1
62321,1
62322,1
62323,1
62324,1
62325,0
62326,1
62327,0
62328,0
62329,1
62330,0
62331,1
62332,0
62333,0
62334,0
62335,1
62336,1
62337,1
62338,1
62339,1
62340,1
62341,1
62342,0
62343,1
62344,1
62345,1
62346,1
62347,1
62348,1
62349,0
62350,1
62351,1
62352,1
62353,0
62354,1
62355,0
62356,1
62357,1
62358,0
62359,1
62360,1
62361,1
62362,1
62363,1
62364,1
62365,1
62366,1
62367,0
62368,0
62369,1
62370,1
62371,1
62372,1
62373,0
62374,1
62375,1
62376,1
62377,1
62378,0
62379,0
62380,1
62381,0
62382,1
62383,0
62384,0
62385,1
62386,0
62387,1
62388,0
62389,0
62390,1
62391,1
62392,1
62393,1
62394,0
62395,1
62396,1
62397,1
62398,0
62399,1
62400,0
62401,0
62402,0
62403,1
62404,0
62405,1
62406,0
62407,1
62408,0
62409,1
62410,1
62411,1
62412,1
62413,1
62414,1
62415,0
62416,1
62417,1
62418,1
62419,0
62420,0
62421,1
62422,1
62423,1
62424,1
62425,0
62426,1
62427,1
62428,1
62429,0
62430,1
62431,0
62432,1
62433,0
62434,1
62435,1
62436,0
62437,1
62438,1
62439,0
62440,1
62441,1
62442,1
62443,0
62444,1
62445,1
62446,1
62447,0
62448,0
62449,1
62450,1
62451,1
62452,1
62453,0
62454,0
62455,1
62456,1
62457,1
62458,1
62459,1
62460,0
62461,0
62462,1
62463,1
62464,1
62465,1
62466,1
62467,1
62468,1
62469,1
62470,1
62471,0
62472,0
62473,0
62474,1
62475,0
62476,0
62477,1
62478,1
62479,1
62480,1
62481,0
62482,0
62483,1
62484,1
62485,0
62486,1
62487,1
62488,0
62489,1
62490,0
62491,1
62492,1
62493,1
62494,1
62495,1
62496,1
62497,0
62498,1
62499,1
62500,1
62501,1
62502,0
62503,1
62504,0
62505,1
62506,0
62507,1
62508,1
62509,0
62510,1
62511,1
62512,0
62513,1
62514,1
62515,1
62516,0
62517,1
62518,1
62519,1
62520,1
62521,1
62522,1
62523,1
62524,1
62525,0
62526,1
62527,1
62528,1
62529,0
62530,1
62531,0
62532,0
62533,0
62534,1
62535,0
62536,0
62537,1
62538,0
62539,0
62540,1
62541,1
62542,0
62543,1
62544,1
62545,1
62546,1
62547,1
62548,1
62549,1
62550,1
62551,1
62552,0
62553,0
62554,1
62555,0
62556,1
62557,1
62558,1
62559,0
62560,1
62561,1
62562,1
62563,1
62564,1
62565,0
62566,0
62567,1
62568,1
62569,0
62570,0
62571,0
62572,0
62573,1
62574,1
62575,0
62576,0
62577,0
62578,1
62579,1
62580,0
62581,1
62582,1
62583,0
62584,1
62585,1
62586,1
62587,0
62588,0
62589,0
62590,1
62591,1
62592,1
62593,1
62594,0
62595,1
62596,1
62597,1
62598,1
62599,0
62600,0
62601,1
62602,0
62603,0
62604,0
62605,0
62606,1
62607,0
62608,0
62609,1
62610,0
62611,1
62612,0
62613,0
62614,1
62615,1
62616,0
62617,0
62618,1
62619,1
62620,1
62621,1
62622,0
62623,0
62624,0
62625,0
62626,1
62627,1
62628,0
62629,1
62630,1
62631,1
62632,0
62633,1
62634,0
62635,1
62636,1
62637,0
62638,0
62639,1
62640,1
62641,1
62642,1
62643,1
62644,0
62645,1
62646,0
62647,1
62648,1
62649,0
62650,0
62651,1
62652,1
62653,1
62654,1
62655,1
62656,1
62657,1
62658,0
62659,1
62660,0
62661,1
62662,0
62663,1
62664,0
62665,0
62666,1
62667,0
62668,1
62669,0
62670,0
62671,1
62672,1
62673,1
62674,1
62675,1
62676,1
62677,0
62678,1
62679,1
62680,1
62681,1
62682,1
62683,0
62684,1
62685,1
62686,0
62687,1
62688,1
62689,1
62690,0
62691,0
62692,1
62693,1
62694,1
62695,0
62696,1
62697,1
62698,0
62699,1
62700,0
62701,1
62702,1
62703,1
62704,1
62705,1
62706,1
62707,1
62708,1
62709,0
62710,1
62711,0
62712,1
62713,1
62714,1
62715,1
62716,0
62717,1
62718,1
62719,1
62720,0
62721,0
62722,1
62723,0
62724,0
62725,1
62726,0
62727,1
62728,1
62729,1
62730,0
62731,0
62732,0
62733,1
62734,1
62735,0
62736,1
62737,1
62738,1
62739,1
62740,0
62741,1
62742,0
62743,1
62744,1
62745,1
62746,1
62747,0
62748,1
62749,1
62750,0
62751,1
62752,1
62753,1
62754,1
62755,0
62756,1
62757,0
62758,1
62759,1
62760,0
62761,0
62762,1
62763,1
62764,1
62765,1
62766,0
62767,0
62768,1
62769,0
62770,1
62771,1
62772,1
62773,0
62774,0
62775,1
62776,1
62777,1
62778,0
62779,0
62780,0
62781,1
62782,0
62783,1
62784,1
62785,0
62786,1
62787,1
62788,1
62789,1
62790,1
62791,1
62792,1
62793,1
62794,1
62795,1
62796,0
62797,1
62798,1
62799,1
62800,0
62801,0
62802,1
62803,1
62804,0
62805,1
62806,0
62807,1
62808,0
62809,1
62810,0
62811,1
62812,0
62813,0
62814,1
62815,1
62816,1
62817,1
62818,1
62819,1
62820,1
62821,0
62822,1
62823,1
62824,1
62825,1
62826,1
62827,0
62828,1
62829,0
62830,1
62831,0
62832,0
62833,1
62834,1
62835,1
62836,0
62837,1
62838,1
62839,1
62840,1
62841,0
62842,1
62843,0
62844,1
62845,1
62846,0
62847,1
62848,1
62849,1
62850,0
62851,1
62852,1
62853,1
62854,0
62855,0
62856,1
62857,0
62858,1
62859,0
62860,1
62861,0
62862,1
62863,1
62864,1
62865,0
62866,1
62867,1
62868,0
62869,1
62870,1
62871,1
62872,1
62873,1
62874,1
62875,1
62876,1
62877,0
62878,1
62879,0
62880,1
62881,0
62882,1
62883,1
62884,1
62885,1
62886,1
62887,1
62888,1
62889,1
62890,0
62891,1
62892,1
62893,1
62894,1
62895,1
62896,1
62897,1
62898,1
62899,1
62900,0
62901,1
62902,0
62903,1
62904,0
62905,1
62906,0
62907,1
62908,1
62909,1
62910,1
62911,1
62912,1
62913,1
62914,0
62915,1
62916,1
62917,0
62918,1
62919,0
62920,1
62921,0
62922,0
62923,0
62924,1
62925,1
62926,1
62927,1
62928,0
62929,1
62930,1
62931,0
62932,1
62933,1
62934,1
62935,1
62936,1
62937,0
62938,0
62939,0
62940,0
62941,0
62942,1
62943,1
62944,1
62945,1
62946,1
62947,1
62948,1
62949,1
62950,0
62951,0
62952,1
62953,1
62954,0
62955,1
62956,0
62957,0
62958,0
62959,1
62960,1
62961,1
62962,0
62963,1
62964,1
62965,0
62966,1
62967,1
62968,1
62969,1
62970,1
62971,1
62972,1
62973,0
62974,1
62975,1
62976,0
62977,0
62978,1
62979,1
62980,1
62981,1
62982,0
62983,1
62984,0
62985,0
62986,1
62987,0
62988,0
62989,1
62990,1
62991,1
62992,1
62993,1
62994,1
62995,0
62996,1
62997,1
62998,1
62999,1
63000,1
63001,0
63002,0
63003,1
63004,1
63005,1
63006,1
63007,1
63008,1
63009,1
63010,0
63011,1
63012,0
63013,0
63014,0
63015,1
63016,0
63017,1
63018,0
63019,0
63020,0
63021,1
63022,1
63023,0
63024,1
63025,1
63026,0
63027,0
63028,1
63029,0
63030,1
63031,1
63032,1
63033,1
63034,1
63035,1
63036,1
63037,1
63038,1
63039,1
63040,1
63041,0
63042,1
63043,0
63044,1
63045,1
63046,1
63047,0
63048,1
63049,1
63050,1
63051,1
63052,0
63053,0
63054,1
63055,1
63056,0
63057,1
63058,0
63059,1
63060,1
63061,0
63062,1
63063,0
63064,1
63065,0
63066,0
63067,1
63068,0
63069,0
63070,0
63071,1
63072,0
63073,0
63074,1
63075,1
63076,1
63077,1
63078,0
63079,1
63080,1
63081,1
63082,0
63083,1
63084,0
63085,0
63086,1
63087,0
63088,0
63089,1
63090,1
63091,0
63092,1
63093,0
63094,1
63095,0
63096,0
63097,1
63098,1
63099,0
63100,1
63101,1
63102,1
63103,1
63104,1
63105,1
63106,0
63107,0
63108,1
63109,1
63110,1
63111,0
63112,1
63113,1
63114,1
63115,1
63116,1
63117,1
63118,1
63119,1
63120,0
63121,1
63122,0
63123,1
63124,0
63125,1
63126,1
63127,1
63128,1
63129,0
63130,1
63131,0
63132,1
63133,0
63134,0
63135,0
63136,1
63137,1
63138,1
63139,1
63140,0
63141,0
63142,0
63143,1
63144,1
63145,0
63146,0
63147,1
63148,1
63149,0
63150,0
63151,1
63152,1
63153,1
63154,1
63155,0
63156,1
63157,0
63158,1
63159,1
63160,0
63161,0
63162,1
63163,1
63164,0
63165,0
63166,1
63167,0
63168,0
63169,1
63170,1
63171,1
63172,1
63173,1
63174,0
63175,0
63176,0
63177,1
63178,1
63179,0
63180,1
63181,1
63182,1
63183,1
63184,1
63185,1
63186,1
63187,1
63188,1
63189,1
63190,1
63191,0
63192,1
63193,1
63194,0
63195,0
63196,0
63197,1
63198,1
63199,0
63200,1
63201,1
63202,1
63203,1
63204,1
63205,1
63206,0
63207,1
63208,0
63209,1
63210,1
63211,0
63212,1
63213,0
63214,1
63215,0
63216,0
63217,1
63218,1
63219,0
63220,0
63221,1
63222,0
63223,1
63224,1
63225,0
63226,1
63227,0
63228,0
63229,1
63230,0
63231,1
63232,0
63233,0
63234,0
63235,1
63236,1
63237,1
63238,0
63239,0
63240,1
63241,0
63242,1
63243,0
63244,0
63245,1
63246,1
63247,1
63248,1
63249,1
63250,1
63251,0
63252,1
63253,1
63254,0
63255,0
63256,1
63257,1
63258,1
63259,1
63260,1
63261,0
63262,0
63263,1
63264,0
63265,0
63266,1
63267,1
63268,1
63269,0
63270,0
63271,1
63272,0
63273,1
63274,1
63275,1
63276,0
63277,1
63278,1
63279,1
63280,0
63281,0
63282,1
63283,0
63284,1
63285,1
63286,0
63287,1
63288,0
63289,1
63290,1
63291,1
63292,0
63293,0
63294,0
63295,0
63296,0
63297,1
63298,1
63299,1
63300,0
63301,1
63302,1
63303,0
63304,1
63305,1
63306,1
63307,1
63308,1
63309,1
63310,1
63311,0
63312,1
63313,0
63314,0
63315,0
63316,0
63317,1
63318,1
63319,1
63320,0
63321,0
63322,1
63323,1
63324,1
63325,0
63326,1
63327,1
63328,1
63329,1
63330,0
63331,1
63332,1
63333,0
63334,1
63335,1
63336,1
63337,1
63338,1
63339,0
63340,0
63341,0
63342,0
63343,1
63344,1
63345,1
63346,0
63347,0
63348,1
63349,1
63350,1
63351,1
63352,1
63353,1
63354,0
63355,1
63356,1
63357,0
63358,1
63359,0
63360,1
63361,1
63362,1
63363,1
63364,1
63365,1
63366,1
63367,1
63368,1
63369,0
63370,0
63371,0
63372,0
63373,1
63374,1
63375,0
63376,1
63377,1
63378,1
63379,1
63380,0
63381,0
63382,1
63383,0
63384,0
63385,0
63386,0
63387,1
63388,1
63389,0
63390,1
63391,0
63392,1
63393,1
63394,1
63395,1
63396,0
63397,0
63398,0
63399,0
63400,1
63401,1
63402,1
63403,1
63404,0
63405,1
63406,1
63407,0
63408,0
63409,1
63410,1
63411,1
63412,0
63413,0
63414,1
63415,1
63416,1
63417,0
63418,1
63419,1
63420,1
63421,1
63422,1
63423,1
63424,0
63425,1
63426,1
63427,1
63428,1
63429,1
63430,1
63431,1
63432,1
63433,0
63434,1
63435,1
63436,1
63437,1
63438,1
63439,0
63440,1
63441,0
63442,1
63443,1
63444,0
63445,1
63446,1
63447,1
63448,1
63449,0
63450,0
63451,1
63452,1
63453,0
63454,1
63455,0
63456,1
63457,0
63458,1
63459,1
63460,0
63461,1
63462,0
63463,1
63464,1
63465,1
63466,1
63467,1
63468,1
63469,1
63470,0
63471,1
63472,0
63473,0
63474,0
63475,1
63476,1
63477,1
63478,1
63479,0
63480,1
63481,0
63482,1
63483,0
63484,1
63485,1
63486,1
63487,1
63488,1
63489,1
63490,0
63491,1
63492,0
63493,1
63494,1
63495,1
63496,0
63497,1
63498,1
63499,0
63500,1
63501,1
63502,0
63503,1
63504,1
63505,0
63506,1
63507,1
63508,0
63509,1
63510,1
63511,1
63512,1
63513,1
63514,1
63515,1
63516,1
63517,1
63518,0
63519,1
63520,1
63521,1
63522,1
63523,0
63524,1
63525,1
63526,1
63527,1
63528,0
63529,1
63530,1
63531,1
63532,1
63533,1
63534,1
63535,1
63536,1
63537,1
63538,0
63539,0
63540,1
63541,1
63542,0
63543,1
63544,1
63545,1
63546,1
63547,0
63548,1
63549,0
63550,1
63551,1
63552,1
63553,0
63554,1
63555,1
63556,0
63557,1
63558,1
63559,0
63560,1
63561,1
63562,0
63563,0
63564,1
63565,1
63566,0
63567,0
63568,0
63569,0
63570,1
63571,1
63572,1
63573,0
63574,1
63575,1
63576,1
63577,0
63578,1
63579,1
63580,0
63581,0
63582,0
63583,1
63584,0
63585,1
63586,1
63587,1
63588,0
63589,1
63590,1
63591,0
63592,0
63593,1
63594,0
63595,0
63596,0
63597,1
63598,1
63599,1
63600,1
63601,0
63602,1
63603,1
63604,0
63605,1
63606,1
63607,0
63608,1
63609,1
63610,1
63611,1
63612,1
63613,1
63614,1
63615,1
63616,1
63617,1
63618,0
63619,1
63620,1
63621,1
63622,1
63623,1
63624,0
63625,0
63626,1
63627,0
63628,1
63629,1
63630,0
63631,1
63632,1
63633,0
63634,0
63635,0
63636,1
63637,0
63638,0
63639,1
63640,0
63641,1
63642,1
63643,1
63644,0
63645,1
63646,0
63647,0
63648,1
63649,1
63650,1
63651,0
63652,1
63653,1
63654,0
63655,1
63656,1
63657,0
63658,0
63659,0
63660,1
63661,0
63662,1
63663,1
63664,0
63665,1
63666,0
63667,1
63668,1
63669,0
63670,0
63671,0
63672,0
63673,0
63674,0
63675,1
63676,1
63677,1
63678,1
63679,1
63680,1
63681,1
63682,0
63683,0
63684,1
63685,0
63686,0
63687,1
63688,1
63689,1
63690,0
63691,0
63692,1
63693,0
63694,1
63695,1
63696,1
63697,0
63698,1
63699,1
63700,1
63701,0
63702,1
63703,1
63704,1
63705,0
63706,0
63707,0
63708,0
63709,1
63710,0
63711,0
63712,1
63713,0
63714,0
63715,1
63716,1
63717,1
63718,1
63719,0
63720,1
63721,1
63722,1
63723,0
63724,1
63725,0
63726,1
63727,1
63728,1
63729,1
63730,1
63731,1
63732,1
63733,1
63734,1
63735,1
63736,1
63737,1
63738,0
63739,1
63740,1
63741,1
63742,1
63743,1
63744,1
63745,0
63746,1
63747,1
63748,1
63749,1
63750,0
63751,1
63752,1
63753,0
63754,0
63755,1
63756,1
63757,1
63758,1
63759,1
63760,1
63761,1
63762,1
63763,0
63764,1
63765,0
63766,0
63767,0
63768,1
63769,0
63770,1
63771,1
63772,1
63773,1
63774,1
63775,1
63776,1
63777,0
63778,1
63779,1
63780,0
63781,1
63782,1
63783,1
63784,1
63785,1
63786,1
63787,1
63788,1
63789,1
63790,1
63791,1
63792,1
63793,1
63794,1
63795,0
63796,1
63797,1
63798,1
63799,1
63800,1
63801,1
63802,0
63803,1
63804,1
63805,1
63806,0
63807,0
63808,1
63809,1
63810,1
63811,1
63812,0
63813,0
63814,1
63815,1
63816,0
63817,1
63818,1
63819,0
63820,1
63821,1
63822,1
63823,0
63824,0
63825,1
63826,1
63827,0
63828,0
63829,0
63830,1
63831,0
63832,1
63833,0
63834,0
63835,0
63836,0
63837,1
63838,1
63839,1
63840,0
63841,0
63842,0
63843,0
63844,1
63845,1
63846,1
63847,1
63848,1
63849,1
63850,1
63851,1
63852,0
63853,1
63854,0
63855,1
63856,1
63857,0
63858,0
63859,0
63860,0
63861,0
63862,1
63863,1
63864,0
63865,0
63866,1
63867,1
63868,1
63869,0
63870,1
63871,1
63872,1
63873,1
63874,1
63875,1
63876,0
63877,1
63878,0
63879,1
63880,0
63881,1
63882,1
63883,0
63884,0
63885,1
63886,1
63887,0
63888,1
63889,1
63890,1
63891,1
63892,0
63893,0
63894,0
63895,0
63896,1
63897,0
63898,0
63899,1
63900,0
63901,1
63902,1
63903,0
63904,1
63905,1
63906,1
63907,1
63908,0
63909,0
63910,1
63911,0
63912,1
63913,0
63914,0
63915,0
63916,0
63917,0
63918,0
63919,1
63920,1
63921,1
63922,1
63923,1
63924,1
63925,0
63926,1
63927,1
63928,1
63929,1
63930,0
63931,1
63932,1
63933,1
63934,1
63935,1
63936,1
63937,1
63938,0
63939,1
63940,0
63941,1
63942,1
63943,1
63944,1
63945,0
63946,1
63947,1
63948,1
63949,0
63950,0
63951,1
63952,0
63953,1
63954,1
63955,0
63956,1
63957,1
63958,0
63959,1
63960,1
63961,1
63962,1
63963,1
63964,1
63965,0
63966,1
63967,0
63968,1
63969,1
63970,1
63971,0
63972,1
63973,1
63974,1
63975,1
63976,1
63977,1
63978,1
63979,0
63980,1
63981,1
63982,0
63983,1
63984,1
63985,1
63986,1
63987,1
63988,1
63989,0
63990,1
63991,0
63992,1
63993,0
63994,0
63995,1
63996,1
63997,0
63998,1
63999,0
64000,1
64001,1
64002,1
64003,1
64004,1
64005,0
64006,0
64007,0
64008,0
64009,0
64010,0
64011,1
64012,0
64013,1
64014,0
64015,1
64016,1
64017,1
64018,1
64019,0
64020,1
64021,0
64022,1
64023,0
64024,0
64025,1
64026,0
64027,0
64028,0
64029,1
64030,1
64031,1
64032,1
64033,1
64034,1
64035,0
64036,1
64037,1
64038,1
64039,1
64040,1
64041,1
64042,1
64043,1
64044,1
64045,1
64046,0
64047,0
64048,0
64049,0
64050,1
64051,1
64052,1
64053,0
64054,1
64055,1
64056,1
64057,1
64058,1
64059,0
64060,0
64061,1
64062,1
64063,1
64064,1
64065,1
64066,1
64067,1
64068,0
64069,1
64070,1
64071,0
64072,1
64073,1
64074,0
64075,1
64076,1
64077,0
64078,0
64079,0
64080,1
64081,1
64082,0
64083,0
64084,1
64085,1
64086,1
64087,1
64088,1
64089,1
64090,0
64091,1
64092,1
64093,0
64094,0
64095,1
64096,1
64097,0
64098,1
64099,0
64100,1
64101,0
64102,0
64103,0
64104,0
64105,1
64106,1
64107,1
64108,1
64109,0
64110,1
64111,1
64112,1
64113,0
64114,1
64115,1
64116,1
64117,0
64118,0
64119,0
64120,1
64121,1
64122,0
64123,1
64124,1
64125,1
64126,0
64127,0
64128,1
64129,0
64130,0
64131,0
64132,1
64133,1
64134,0
64135,0
64136,0
64137,0
64138,1
64139,0
64140,0
64141,0
64142,1
64143,0
64144,0
64145,0
64146,0
64147,1
64148,1
64149,1
64150,0
64151,1
64152,1
64153,0
64154,0
64155,1
64156,1
64157,1
64158,0
64159,0
64160,1
64161,1
64162,1
64163,1
64164,1
64165,1
64166,1
64167,1
64168,0
64169,1
64170,1
64171,1
64172,1
64173,1
64174,1
64175,1
64176,0
64177,1
64178,1
64179,1
64180,0
64181,1
64182,1
64183,1
64184,0
64185,1
64186,1
64187,0
64188,1
64189,1
64190,0
64191,1
64192,0
64193,0
64194,1
64195,0
64196,1
64197,0
64198,1
64199,1
64200,0
64201,0
64202,1
64203,0
64204,0
64205,0
64206,1
64207,1
64208,0
64209,1
64210,1
64211,1
64212,1
64213,1
64214,0
64215,0
64216,1
64217,0
64218,0
64219,0
64220,1
64221,1
64222,1
64223,0
64224,1
64225,1
64226,1
64227,1
64228,0
64229,1
64230,0
64231,1
64232,1
64233,0
64234,0
64235,0
64236,1
64237,0
64238,0
64239,1
64240,0
64241,1
64242,0
64243,0
64244,0
64245,0
64246,1
64247,0
64248,0
64249,0
64250,0
64251,0
64252,1
64253,0
64254,0
64255,0
64256,1
64257,1
64258,0
64259,0
64260,0
64261,1
64262,0
64263,1
64264,1
64265,0
64266,1
64267,1
64268,0
64269,1
64270,0
64271,0
64272,1
64273,1
64274,1
64275,1
64276,1
64277,0
64278,0
64279,1
64280,0
64281,0
64282,1
64283,0
64284,1
64285,0
64286,0
64287,1
64288,1
64289,1
64290,1
64291,0
64292,0
64293,0
64294,1
64295,1
64296,0
64297,0
64298,0
64299,1
64300,0
64301,1
64302,0
64303,0
64304,0
64305,1
64306,0
64307,0
64308,1
64309,0
64310,1
64311,0
64312,1
64313,0
64314,1
64315,0
64316,1
64317,1
64318,0
64319,0
64320,1
64321,0
64322,1
64323,1
64324,1
64325,1
64326,1
64327,0
64328,1
64329,1
64330,0
64331,0
64332,1
64333,1
64334,0
64335,0
64336,1
64337,1
64338,0
64339,1
64340,1
64341,1
64342,1
64343,1
64344,0
64345,1
64346,1
64347,0
64348,0
64349,1
64350,1
64351,0
64352,0
64353,1
64354,1
64355,1
64356,1
64357,1
64358,0
64359,1
64360,0
64361,0
64362,0
64363,1
64364,1
64365,0
64366,0
64367,1
64368,0
64369,1
64370,0
64371,1
64372,1
64373,1
64374,0
64375,1
64376,1
64377,1
64378,1
64379,0
64380,1
64381,1
64382,0
64383,1
64384,1
64385,1
64386,1
64387,1
64388,1
64389,1
64390,1
64391,1
64392,1
64393,0
64394,1
64395,0
64396,1
64397,1
64398,0
64399,1
64400,0
64401,0
64402,1
64403,1
64404,0
64405,1
64406,1
64407,1
64408,0
64409,1
64410,1
64411,0
64412,0
64413,1
64414,1
64415,0
64416,1
64417,1
64418,1
64419,0
64420,0
64421,1
64422,1
64423,1
64424,0
64425,1
64426,1
64427,1
64428,0
64429,1
64430,1
64431,1
64432,0
64433,0
64434,1
64435,1
64436,0
64437,1
64438,1
64439,1
64440,1
64441,0
64442,1
64443,0
64444,0
64445,0
64446,0
64447,1
64448,1
64449,0
64450,1
64451,1
64452,1
64453,1
64454,1
64455,0
64456,0
64457,0
64458,1
64459,1
64460,1
64461,1
64462,0
64463,1
64464,1
64465,1
64466,1
64467,0
64468,0
64469,1
64470,0
64471,1
64472,0
64473,1
64474,1
64475,0
64476,1
64477,0
64478,0
64479,1
64480,1
64481,1
64482,0
64483,1
64484,1
64485,1
64486,1
64487,1
64488,0
64489,0
64490,1
64491,1
64492,1
64493,0
64494,0
64495,0
64496,1
64497,1
64498,0
64499,1
64500,1
64501,1
64502,1
64503,1
64504,1
64505,1
64506,1
64507,1
64508,1
64509,1
64510,0
64511,1
64512,1
64513,1
64514,1
64515,1
64516,1
64517,0
64518,0
64519,0
64520,0
64521,0
64522,0
64523,0
64524,1
64525,1
64526,0
64527,1
64528,1
64529,1
64530,0
64531,1
64532,1
64533,1
64534,0
64535,0
64536,0
64537,0
64538,1
64539,1
64540,0
64541,1
64542,1
64543,1
64544,1
64545,0
64546,1
64547,1
64548,1
64549,1
64550,0
64551,1
64552,1
64553,1
64554,1
64555,1
64556,1
64557,1
64558,1
64559,1
64560,1
64561,1
64562,1
64563,1
64564,1
64565,0
64566,1
64567,1
64568,0
64569,0
64570,1
64571,1
64572,1
64573,1
64574,1
64575,0
64576,1
64577,1
64578,1
64579,0
64580,1
64581,0
64582,1
64583,1
64584,1
64585,1
64586,0
64587,1
64588,1
64589,1
64590,1
64591,1
64592,1
64593,1
64594,1
64595,1
64596,1
64597,0
64598,1
64599,0
64600,0
64601,0
64602,1
64603,0
64604,1
64605,0
64606,1
64607,1
64608,1
64609,1
64610,0
64611,0
64612,1
64613,0
64614,1
64615,0
64616,1
64617,1
64618,0
64619,1
64620,1
64621,1
64622,1
64623,1
64624,0
64625,1
64626,1
64627,1
64628,0
64629,1
64630,1
64631,0
64632,0
64633,1
64634,0
64635,1
64636,0
64637,1
64638,0
64639,0
64640,0
64641,0
64642,0
64643,0
64644,1
64645,0
64646,1
64647,1
64648,1
64649,1
64650,0
64651,1
64652,0
64653,1
64654,1
64655,0
64656,0
64657,1
64658,1
64659,1
64660,1
64661,1
64662,1
64663,1
64664,1
64665,1
64666,1
64667,0
64668,0
64669,1
64670,1
64671,1
64672,0
64673,0
64674,1
64675,1
64676,0
64677,0
64678,1
64679,1
64680,1
64681,1
64682,0
64683,1
64684,1
64685,1
64686,1
64687,1
64688,0
64689,1
64690,1
64691,1
64692,1
64693,1
64694,0
64695,1
64696,1
64697,0
64698,1
64699,1
64700,0
64701,1
64702,1
64703,1
64704,1
64705,0
64706,0
64707,0
64708,1
64709,1
64710,1
64711,1
64712,1
64713,1
64714,0
64715,1
64716,1
64717,0
64718,0
64719,1
64720,1
64721,0
64722,1
64723,1
64724,1
64725,0
64726,1
64727,1
64728,1
64729,0
64730,0
64731,1
64732,1
64733,0
64734,1
64735,1
64736,0
64737,1
64738,0
64739,0
64740,0
64741,0
64742,1
64743,0
64744,1
64745,1
64746,1
64747,0
64748,0
64749,0
64750,0
64751,0
64752,1
64753,1
64754,1
64755,1
64756,0
64757,0
64758,0
64759,0
64760,1
64761,1
64762,0
64763,1
64764,1
64765,0
64766,1
64767,1
64768,1
64769,1
64770,1
64771,1
64772,1
64773,0
64774,0
64775,1
64776,0
64777,1
64778,1
64779,0
64780,0
64781,1
64782,0
64783,1
64784,0
64785,0
64786,1
64787,1
64788,1
64789,1
64790,1
64791,1
64792,1
64793,0
64794,0
64795,0
64796,1
64797,1
64798,0
64799,1
64800,1
64801,1
64802,1
64803,0
64804,1
64805,0
64806,0
64807,1
64808,1
64809,0
64810,1
64811,1
64812,1
64813,0
64814,1
64815,1
64816,1
64817,0
64818,1
64819,0
64820,0
64821,1
64822,0
64823,0
64824,0
64825,1
64826,0
64827,0
64828,0
64829,0
64830,1
64831,1
64832,1
64833,1
64834,1
64835,1
64836,1
64837,0
64838,0
64839,1
64840,1
64841,1
64842,1
64843,0
64844,1
64845,1
64846,1
64847,0
64848,1
64849,1
64850,0
64851,1
64852,1
64853,1
64854,0
64855,1
64856,1
64857,1
64858,1
64859,0
64860,1
64861,1
64862,1
64863,1
64864,0
64865,1
64866,1
64867,1
64868,0
64869,1
64870,1
64871,0
64872,0
64873,1
64874,0
64875,1
64876,0
64877,1
64878,0
64879,1
64880,1
64881,0
64882,1
64883,1
64884,0
64885,1
64886,0
64887,1
64888,0
64889,0
64890,1
64891,1
64892,0
64893,1
64894,1
64895,1
64896,1
64897,1
64898,1
64899,0
64900,1
64901,0
64902,0
64903,1
64904,1
64905,0
64906,1
64907,0
64908,0
64909,0
64910,0
64911,1
64912,1
64913,0
64914,1
64915,1
64916,1
64917,0
64918,1
64919,1
64920,1
64921,1
64922,1
64923,1
64924,1
64925,1
64926,1
64927,0
64928,0
64929,1
64930,1
64931,1
64932,1
64933,0
64934,0
64935,1
64936,0
64937,0
64938,1
64939,1
64940,1
64941,1
64942,1
64943,1
64944,1
64945,0
64946,1
64947,0
64948,1
64949,1
64950,1
64951,0
64952,0
64953,0
64954,0
64955,1
64956,0
64957,0
64958,1
64959,1
64960,1
64961,1
64962,0
64963,1
64964,1
64965,0
64966,1
64967,0
64968,0
64969,1
64970,0
64971,1
64972,0
64973,1
64974,1
64975,1
64976,1
64977,1
64978,0
64979,1
64980,1
64981,0
64982,1
64983,0
64984,1
64985,0
64986,1
64987,1
64988,1
64989,1
64990,0
64991,0
64992,0
64993,1
64994,0
64995,1
64996,0
64997,1
64998,0
64999,0
65000,1
65001,0
65002,1
65003,1
65004,0
65005,1
65006,1
65007,1
65008,0
65009,1
65010,1
65011,1
65012,0
65013,1
65014,1
65015,0
65016,1
65017,0
65018,1
65019,0
65020,1
65021,0
65022,1
65023,0
65024,1
65025,0
65026,1
65027,1
65028,1
65029,1
65030,1
65031,1
65032,1
65033,1
65034,1
65035,1
65036,1
65037,1
65038,0
65039,1
65040,0
65041,1
65042,1
65043,0
65044,1
65045,1
65046,1
65047,1
65048,1
65049,1
65050,1
65051,1
65052,0
65053,1
65054,1
65055,0
65056,0
65057,0
65058,1
65059,1
65060,0
65061,1
65062,0
65063,1
65064,1
65065,1
65066,0
65067,1
65068,1
65069,0
65070,1
65071,1
65072,1
65073,0
65074,0
65075,1
65076,1
65077,0
65078,1
65079,1
65080,1
65081,1
65082,0
65083,1
65084,0
65085,1
65086,1
65087,0
65088,1
65089,1
65090,1
65091,0
65092,0
65093,0
65094,1
65095,1
65096,1
65097,1
65098,1
65099,1
65100,0
65101,1
65102,1
65103,1
65104,1
65105,0
65106,1
65107,1
65108,0
65109,0
65110,0
65111,1
65112,1
65113,1
65114,1
65115,0
65116,1
65117,1
65118,1
65119,1
65120,0
65121,0
65122,0
65123,1
65124,0
65125,1
65126,0
65127,1
65128,0
65129,0
65130,0
65131,1
65132,0
65133,1
65134,0
65135,1
65136,1
65137,1
65138,0
65139,1
65140,1
65141,1
65142,1
65143,1
65144,0
65145,1
65146,0
65147,0
65148,1
65149,1
65150,0
65151,1
65152,1
65153,1
65154,1
65155,1
65156,0
65157,1
65158,0
65159,1
65160,0
65161,0
65162,0
65163,1
65164,1
65165,0
65166,0
65167,1
65168,0
65169,1
65170,1
65171,1
65172,0
65173,1
65174,0
65175,0
65176,1
65177,1
65178,0
65179,1
65180,0
65181,1
65182,0
65183,1
65184,0
65185,1
65186,1
65187,1
65188,0
65189,1
65190,0
65191,0
65192,1
65193,1
65194,1
65195,1
65196,1
65197,0
65198,1
65199,1
65200,1
65201,0
65202,1
65203,0
65204,1
65205,0
65206,1
65207,0
65208,0
65209,1
65210,0
65211,1
65212,1
65213,1
65214,1
65215,1
65216,0
65217,1
65218,0
65219,0
65220,1
65221,1
65222,1
65223,1
65224,0
65225,1
65226,1
65227,1
65228,0
65229,1
65230,1
65231,1
65232,1
65233,0
65234,1
65235,0
65236,0
65237,0
65238,0
65239,1
65240,0
65241,1
65242,1
65243,1
65244,0
65245,0
65246,0
65247,1
65248,1
65249,0
65250,0
65251,1
65252,1
65253,1
65254,1
65255,0
65256,0
65257,1
65258,0
65259,1
65260,1
65261,0
65262,0
65263,0
65264,1
65265,1
65266,0
65267,1
65268,1
65269,1
65270,0
65271,0
65272,1
65273,1
65274,0
65275,0
65276,0
65277,1
65278,0
65279,1
65280,0
65281,1
65282,1
65283,1
65284,1
65285,1
65286,0
65287,0
65288,1
65289,0
65290,1
65291,0
65292,0
65293,1
65294,0
65295,1
65296,1
65297,0
65298,0
65299,1
65300,1
65301,0
65302,1
65303,1
65304,1
65305,1
65306,1
65307,1
65308,0
65309,0
65310,0
65311,1
65312,0
65313,1
65314,1
65315,1
65316,0
65317,1
65318,1
65319,1
65320,1
65321,1
65322,0
65323,1
65324,1
65325,0
65326,1
65327,1
65328,0
65329,1
65330,1
65331,1
65332,1
65333,1
65334,0
65335,1
65336,1
65337,1
65338,0
65339,0
65340,1
65341,1
65342,1
65343,0
65344,1
65345,1
65346,1
65347,0
65348,0
65349,0
65350,0
65351,1
65352,1
65353,0
65354,1
65355,1
65356,1
65357,1
65358,0
65359,1
65360,1
65361,0
65362,0
65363,1
65364,1
65365,1
65366,0
65367,1
65368,0
65369,0
65370,1
65371,1
65372,0
65373,0
65374,1
65375,0
65376,1
65377,1
65378,1
65379,0
65380,0
65381,0
65382,1
65383,1
65384,0
65385,1
65386,1
65387,0
65388,1
65389,1
65390,0
65391,1
65392,0
65393,0
65394,1
65395,0
65396,1
65397,1
65398,1
65399,0
65400,0
65401,0
65402,1
65403,1
65404,0
65405,1
65406,1
65407,1
65408,1
65409,0
65410,1
65411,1
65412,0
65413,1
65414,0
65415,1
65416,0
65417,0
65418,1
65419,1
65420,1
65421,0
65422,0
65423,1
65424,1
65425,1
65426,1
65427,1
65428,1
65429,0
65430,1
65431,1
65432,1
65433,0
65434,1
65435,1
65436,0
65437,1
65438,1
65439,0
65440,0
65441,1
65442,1
65443,0
65444,1
65445,1
65446,1
65447,1
65448,1
65449,1
65450,1
65451,1
65452,1
65453,1
65454,0
65455,0
65456,1
65457,0
65458,1
65459,1
65460,0
65461,1
65462,1
65463,1
65464,1
65465,1
65466,1
65467,1
65468,0
65469,1
65470,0
65471,1
65472,0
65473,1
65474,0
65475,1
65476,1
65477,0
65478,1
65479,1
65480,1
65481,1
65482,1
65483,1
65484,1
65485,1
65486,1
65487,0
65488,0
65489,1
65490,0
65491,1
65492,0
65493,1
65494,1
65495,1
65496,0
65497,1
65498,1
65499,0
65500,0
65501,1
65502,1
65503,1
65504,1
65505,0
65506,0
65507,0
65508,0
65509,0
65510,1
65511,0
65512,1
65513,1
65514,0
65515,1
65516,1
65517,0
65518,1
65519,0
65520,0
65521,0
65522,0
65523,0
65524,0
65525,0
65526,1
65527,1
65528,1
65529,0
65530,1
65531,0
65532,0
65533,0
65534,0
65535,0
65536,1
65537,1
65538,0
65539,1
65540,0
65541,1
65542,1
65543,0
65544,0
65545,0
65546,1
65547,1
65548,1
65549,1
65550,1
65551,1
65552,0
65553,0
65554,1
65555,0
65556,1
65557,0
65558,0
65559,0
65560,1
65561,1
65562,1
65563,1
65564,0
65565,1
65566,1
65567,0
65568,1
65569,1
65570,0
65571,1
65572,1
65573,1
65574,1
65575,1
65576,0
65577,1
65578,1
65579,1
65580,0
65581,1
65582,1
65583,0
65584,1
65585,0
65586,1
65587,1
65588,1
65589,1
65590,1
65591,1
65592,0
65593,1
65594,0
65595,1
65596,1
65597,1
65598,0
65599,1
65600,0
65601,1
65602,1
65603,0
65604,1
65605,1
65606,0
65607,0
65608,1
65609,0
65610,1
65611,1
65612,1
65613,1
65614,1
65615,1
65616,0
65617,0
65618,1
65619,0
65620,1
65621,0
65622,0
65623,0
65624,0
65625,1
65626,1
65627,1
65628,1
65629,1
65630,0
65631,0
65632,1
65633,1
65634,1
65635,1
65636,1
65637,0
65638,1
65639,1
65640,1
65641,0
65642,1
65643,1
65644,1
65645,0
65646,0
65647,1
65648,0
65649,0
65650,1
65651,1
65652,0
65653,1
65654,0
65655,1
65656,0
65657,0
65658,1
65659,1
65660,0
65661,1
65662,1
65663,1
65664,1
65665,0
65666,0
65667,1
65668,1
65669,1
65670,1
65671,1
65672,0
65673,1
65674,1
65675,1
65676,0
65677,0
65678,1
65679,0
65680,1
65681,1
65682,1
65683,1
65684,1
65685,0
65686,0
65687,1
65688,1
65689,1
65690,1
65691,0
65692,1
65693,1
65694,0
65695,0
65696,0
65697,1
65698,1
65699,1
65700,1
65701,1
65702,1
65703,0
65704,0
65705,0
65706,1
65707,0
65708,1
65709,1
65710,1
65711,0
65712,0
65713,1
65714,0
65715,1
65716,0
65717,1
65718,0
65719,1
65720,1
65721,1
65722,1
65723,0
65724,1
65725,1
65726,1
65727,1
65728,1
65729,0
65730,0
65731,1
65732,1
65733,0
65734,1
65735,1
65736,1
65737,1
65738,0
65739,0
65740,1
65741,0
65742,0
65743,1
65744,1
65745,1
65746,0
65747,1
65748,1
65749,0
65750,1
65751,1
65752,0
65753,1
65754,0
65755,1
65756,0
65757,1
65758,0
65759,0
65760,1
65761,0
65762,1
65763,1
65764,1
65765,1
65766,1
65767,1
65768,1
65769,1
65770,1
65771,0
65772,1
65773,0
65774,1
65775,1
65776,0
65777,1
65778,0
65779,0
65780,1
65781,0
65782,1
65783,1
65784,1
65785,1
65786,1
65787,1
65788,1
65789,0
65790,1
65791,0
65792,1
65793,0
65794,0
65795,0
65796,1
65797,0
65798,1
65799,1
65800,1
65801,1
65802,1
65803,1
65804,1
65805,0
65806,0
65807,0
65808,0
65809,0
65810,0
65811,1
65812,0
65813,1
65814,1
65815,1
65816,1
65817,1
65818,1
65819,1
65820,0
65821,0
65822,1
65823,0
65824,1
65825,1
65826,1
65827,1
65828,1
65829,1
65830,1
65831,1
65832,0
65833,0
65834,1
65835,0
65836,1
65837,0
65838,1
65839,0
65840,1
65841,1
65842,1
65843,1
65844,0
65845,1
65846,1
65847,1
65848,0
65849,1
65850,1
65851,1
65852,0
65853,1
65854,1
65855,0
65856,0
65857,1
65858,1
65859,0
65860,0
65861,1
65862,0
65863,1
65864,1
65865,0
65866,1
65867,1
65868,0
65869,0
65870,1
65871,0
65872,1
65873,1
65874,1
65875,0
65876,1
65877,0
65878,0
65879,0
65880,1
65881,1
65882,1
65883,0
65884,0
65885,0
65886,0
65887,0
65888,1
65889,0
65890,0
65891,0
65892,1
65893,1
65894,1
65895,1
65896,1
65897,0
65898,1
65899,1
65900,0
65901,0
65902,1
65903,1
65904,0
65905,0
65906,0
65907,1
65908,1
65909,1
65910,1
65911,1
65912,1
65913,0
65914,1
65915,1
65916,1
65917,0
65918,0
65919,1
65920,1
65921,1
65922,1
65923,0
65924,0
65925,0
65926,0
65927,1
65928,1
65929,1
65930,0
65931,1
65932,0
65933,1
65934,0
65935,0
65936,1
65937,0
65938,0
65939,1
65940,1
65941,1
65942,1
65943,1
65944,1
65945,1
65946,1
65947,1
65948,1
65949,1
65950,1
65951,1
65952,0
65953,1
65954,1
65955,1
65956,1
65957,0
65958,0
65959,1
65960,0
65961,1
65962,1
65963,1
65964,1
65965,0
65966,1
65967,1
65968,1
65969,1
65970,1
65971,1
65972,1
65973,1
65974,1
65975,1
65976,1
65977,1
65978,0
65979,1
65980,1
65981,1
65982,1
65983,1
65984,1
65985,1
65986,0
65987,1
65988,0
65989,1
65990,1
65991,0
65992,0
65993,0
65994,0
65995,1
65996,1
65997,1
65998,1
65999,0
66000,0
66001,1
66002,1
66003,1
66004,0
66005,0
66006,0
66007,1
66008,1
66009,1
66010,1
66011,1
66012,1
66013,0
66014,1
66015,1
66016,0
66017,0
66018,0
66019,1
66020,0
66021,1
66022,0
66023,1
66024,1
66025,1
66026,1
66027,1
66028,1
66029,1
66030,1
66031,1
66032,1
66033,1
66034,1
66035,1
66036,0
66037,1
66038,0
66039,1
66040,1
66041,0
66042,0
66043,1
66044,1
66045,1
66046,1
66047,0
66048,1
66049,0
66050,1
66051,1
66052,1
66053,1
66054,0
66055,0
66056,1
66057,1
66058,1
66059,1
66060,0
66061,0
66062,0
66063,1
66064,1
66065,1
66066,0
66067,1
66068,1
66069,1
66070,1
66071,0
66072,1
66073,1
66074,1
66075,1
66076,0
66077,0
66078,1
66079,1
66080,1
66081,1
66082,1
66083,0
66084,1
66085,1
66086,0
66087,1
66088,1
66089,1
66090,1
66091,0
66092,0
66093,1
66094,1
66095,0
66096,1
66097,0
66098,1
66099,1
66100,0
66101,0
66102,1
66103,1
66104,1
66105,1
66106,1
66107,0
66108,0
66109,1
66110,1
66111,1
66112,0
66113,0
66114,1
66115,1
66116,0
66117,0
66118,1
66119,1
66120,1
66121,1
66122,0
66123,1
66124,1
66125,0
66126,1
66127,0
66128,1
66129,1
66130,0
66131,1
66132,1
66133,1
66134,1
66135,0
66136,0
66137,1
66138,1
66139,1
66140,0
66141,1
66142,1
66143,1
66144,1
66145,0
66146,1
66147,1
66148,1
66149,1
66150,0
66151,1
66152,1
66153,0
66154,1
66155,0
66156,1
66157,1
66158,1
66159,0
66160,1
66161,1
66162,1
66163,1
66164,1
66165,1
66166,1
66167,1
66168,1
66169,1
66170,0
66171,1
66172,0
66173,1
66174,0
66175,1
66176,1
66177,1
66178,0
66179,1
66180,1
66181,1
66182,1
66183,1
66184,1
66185,1
66186,1
66187,0
66188,1
66189,0
66190,0
66191,1
66192,1
66193,1
66194,1
66195,1
66196,1
66197,1
66198,0
66199,0
66200,0
66201,1
66202,1
66203,1
66204,0
66205,1
66206,1
66207,0
66208,1
66209,1
66210,0
66211,1
66212,0
66213,1
66214,1
66215,1
66216,1
66217,1
66218,0
66219,1
66220,1
66221,1
66222,1
66223,1
66224,1
66225,1
66226,1
66227,1
66228,1
66229,0
66230,0
66231,0
66232,1
66233,1
66234,1
66235,1
66236,1
66237,1
66238,1
66239,1
66240,0
66241,1
66242,1
66243,0
66244,0
66245,1
66246,1
66247,0
66248,1
66249,1
66250,1
66251,1
66252,1
66253,1
66254,1
66255,1
66256,1
66257,1
66258,0
66259,1
66260,0
66261,0
66262,1
66263,0
66264,0
66265,0
66266,0
66267,0
66268,0
66269,0
66270,0
66271,0
66272,1
66273,0
66274,1
66275,1
66276,1
66277,1
66278,0
66279,1
66280,1
66281,1
66282,1
66283,1
66284,0
66285,0
66286,1
66287,1
66288,1
66289,1
66290,1
66291,1
66292,0
66293,1
66294,1
66295,1
66296,1
66297,1
66298,0
66299,1
66300,1
66301,0
66302,0
66303,0
66304,0
66305,1
66306,1
66307,1
66308,0
66309,1
66310,1
66311,0
66312,0
66313,0
66314,0
66315,1
66316,1
66317,0
66318,0
66319,1
66320,1
66321,1
66322,1
66323,1
66324,1
66325,0
66326,0
66327,1
66328,1
66329,0
66330,1
66331,0
66332,1
66333,1
66334,1
66335,1
66336,0
66337,1
66338,1
66339,1
66340,0
66341,1
66342,0
66343,1
66344,1
66345,0
66346,0
66347,1
66348,1
66349,0
66350,1
66351,0
66352,0
66353,0
66354,1
66355,0
66356,0
66357,1
66358,1
66359,1
66360,0
66361,1
66362,0
66363,0
66364,1
66365,1
66366,0
66367,1
66368,0
66369,0
66370,0
66371,1
66372,1
66373,0
66374,0
66375,1
66376,0
66377,1
66378,0
66379,0
66380,1
66381,1
66382,0
66383,1
66384,1
66385,0
66386,0
66387,1
66388,0
66389,1
66390,0
66391,1
66392,1
66393,1
66394,1
66395,0
66396,0
66397,0
66398,1
66399,1
66400,1
66401,1
66402,0
66403,1
66404,1
66405,1
66406,1
66407,0
66408,1
66409,0
66410,1
66411,1
66412,1
66413,1
66414,1
66415,0
66416,0
66417,1
66418,0
66419,0
66420,1
66421,1
66422,1
66423,0
66424,1
66425,0
66426,1
66427,0
66428,1
66429,1
66430,0
66431,1
66432,1
66433,0
66434,0
66435,0
66436,0
66437,0
66438,1
66439,1
66440,1
66441,1
66442,1
66443,1
66444,0
66445,1
66446,1
66447,1
66448,0
66449,1
66450,0
66451,0
66452,1
66453,0
66454,1
66455,1
66456,1
66457,1
66458,1
66459,1
66460,0
66461,1
66462,0
66463,0
66464,0
66465,0
66466,1
66467,1
66468,1
66469,0
66470,0
66471,1
66472,1
66473,1
66474,1
66475,0
66476,1
66477,0
66478,0
66479,0
66480,0
66481,1
66482,1
66483,1
66484,1
66485,0
66486,1
66487,1
66488,1
66489,0
66490,0
66491,0
66492,1
66493,1
66494,1
66495,1
66496,1
66497,0
66498,1
66499,1
66500,1
66501,1
66502,1
66503,1
66504,1
66505,0
66506,1
66507,1
66508,1
66509,1
66510,1
66511,1
66512,0
66513,1
66514,1
66515,1
66516,0
66517,0
66518,1
66519,1
66520,0
66521,1
66522,0
66523,0
66524,1
66525,1
66526,1
66527,0
66528,1
66529,1
66530,0
66531,0
66532,0
66533,1
66534,1
66535,1
66536,0
66537,1
66538,1
66539,0
66540,1
66541,1
66542,1
66543,1
66544,1
66545,0
66546,1
66547,1
66548,0
66549,0
66550,0
66551,1
66552,0
66553,1
66554,1
66555,0
66556,1
66557,0
66558,0
66559,0
66560,1
66561,1
66562,0
66563,0
66564,1
66565,1
66566,0
66567,1
66568,1
66569,1
66570,1
66571,0
66572,0
66573,0
66574,1
66575,1
66576,1
66577,1
66578,1
66579,0
66580,1
66581,1
66582,1
66583,0
66584,1
66585,1
66586,0
66587,1
66588,1
66589,1
66590,0
66591,1
66592,1
66593,1
66594,1
66595,0
66596,1
66597,1
66598,1
66599,1
66600,1
66601,1
66602,1
66603,1
66604,1
66605,1
66606,0
66607,0
66608,1
66609,1
66610,0
66611,1
66612,1
66613,0
66614,1
66615,1
66616,0
66617,0
66618,1
66619,1
66620,1
66621,1
66622,1
66623,0
66624,1
66625,0
66626,1
66627,1
66628,0
66629,0
66630,0
66631,1
66632,1
66633,1
66634,1
66635,1
66636,0
66637,0
66638,1
66639,0
66640,1
66641,0
66642,1
66643,0
66644,1
66645,0
66646,1
66647,0
66648,1
66649,0
66650,1
66651,1
66652,1
66653,1
66654,1
66655,0
66656,1
66657,0
66658,1
66659,1
66660,0
66661,1
66662,0
66663,1
66664,1
66665,0
66666,0
66667,1
66668,0
66669,1
66670,0
66671,0
66672,1
66673,1
66674,0
66675,0
66676,1
66677,1
66678,0
66679,1
66680,0
66681,1
66682,0
66683,0
66684,0
66685,1
66686,1
66687,0
66688,1
66689,1
66690,0
66691,1
66692,1
66693,1
66694,0
66695,1
66696,0
66697,1
66698,1
66699,1
66700,1
66701,1
66702,1
66703,0
66704,1
66705,1
66706,1
66707,0
66708,0
66709,1
66710,0
66711,0
66712,0
66713,1
66714,0
66715,0
66716,1
66717,0
66718,1
66719,0
66720,1
66721,0
66722,1
66723,0
66724,1
66725,1
66726,1
66727,1
66728,1
66729,1
66730,1
66731,1
66732,0
66733,0
66734,1
66735,1
66736,1
66737,0
66738,0
66739,0
66740,1
66741,1
66742,0
66743,0
66744,1
66745,0
66746,0
66747,1
66748,1
66749,1
66750,1
66751,0
66752,0
66753,1
66754,1
66755,1
66756,1
66757,1
66758,1
66759,0
66760,0
66761,1
66762,1
66763,0
66764,1
66765,0
66766,1
66767,0
66768,1
66769,0
66770,0
66771,1
66772,1
66773,0
66774,0
66775,1
66776,0
66777,0
66778,1
66779,1
66780,0
66781,1
66782,0
66783,0
66784,1
66785,1
66786,1
66787,1
66788,1
66789,0
66790,0
66791,1
66792,1
66793,1
66794,0
66795,0
66796,1
66797,0
66798,1
66799,1
66800,1
66801,0
66802,1
66803,0
66804,1
66805,1
66806,1
66807,1
66808,1
66809,1
66810,1
66811,1
66812,0
66813,1
66814,0
66815,1
66816,1
66817,0
66818,1
66819,1
66820,1
66821,0
66822,0
66823,0
66824,1
66825,1
66826,1
66827,1
66828,0
66829,1
66830,1
66831,0
66832,1
66833,0
66834,1
66835,1
66836,1
66837,0
66838,0
66839,1
66840,1
66841,0
66842,1
66843,1
66844,1
66845,1
66846,1
66847,1
66848,1
66849,0
66850,1
66851,1
66852,1
66853,1
66854,0
66855,1
66856,0
66857,0
66858,1
66859,0
66860,1
66861,1
66862,1
66863,0
66864,1
66865,1
66866,1
66867,0
66868,1
66869,1
66870,1
66871,0
66872,1
66873,1
66874,1
66875,0
66876,1
66877,1
66878,0
66879,0
66880,1
66881,1
66882,0
66883,1
66884,1
66885,1
66886,0
66887,1
66888,1
66889,0
66890,0
66891,0
66892,0
66893,1
66894,1
66895,0
66896,1
66897,1
66898,0
66899,0
66900,0
66901,1
66902,1
66903,1
66904,0
66905,1
66906,1
66907,0
66908,0
66909,0
66910,0
66911,1
66912,1
66913,0
66914,1
66915,0
66916,1
66917,0
66918,1
66919,1
66920,1
66921,1
66922,1
66923,0
66924,0
66925,0
66926,0
66927,0
66928,0
66929,1
66930,1
66931,1
66932,1
66933,1
66934,1
66935,0
66936,1
66937,0
66938,1
66939,0
66940,1
66941,0
66942,1
66943,1
66944,1
66945,0
66946,0
66947,1
66948,1
66949,1
66950,0
66951,1
66952,1
66953,1
66954,1
66955,0
66956,0
66957,1
66958,0
66959,1
66960,1
66961,0
66962,0
66963,1
66964,1
66965,1
66966,0
66967,1
66968,1
66969,1
66970,1
66971,1
66972,0
66973,1
66974,1
66975,0
66976,0
66977,1
66978,0
66979,1
66980,1
66981,1
66982,0
66983,0
66984,1
66985,0
66986,1
66987,1
66988,1
66989,0
66990,0
66991,1
66992,1
66993,1
66994,0
66995,0
66996,0
66997,1
66998,1
66999,1
67000,1
67001,0
67002,0
67003,0
67004,0
67005,0
67006,1
67007,1
67008,0
67009,0
67010,0
67011,1
67012,0
67013,0
67014,1
67015,1
67016,1
67017,1
67018,1
67019,1
67020,1
67021,1
67022,1
67023,1
67024,1
67025,0
67026,1
67027,1
67028,1
67029,1
67030,0
67031,0
67032,0
67033,0
67034,0
67035,1
67036,1
67037,1
67038,0
67039,0
67040,1
67041,1
67042,1
67043,0
67044,1
67045,1
67046,0
67047,1
67048,1
67049,0
67050,1
67051,1
67052,1
67053,1
67054,1
67055,1
67056,0
67057,0
67058,1
67059,0
67060,0
67061,0
67062,1
67063,0
67064,1
67065,0
67066,0
67067,0
67068,0
67069,0
67070,0
67071,0
67072,1
67073,0
67074,1
67075,1
67076,0
67077,1
67078,0
67079,1
67080,0
67081,0
67082,0
67083,0
67084,1
67085,1
67086,1
67087,1
67088,1
67089,1
67090,1
67091,1
67092,1
67093,1
67094,0
67095,1
67096,1
67097,0
67098,0
67099,0
67100,1
67101,1
67102,0
67103,1
67104,1
67105,1
67106,1
67107,0
67108,1
67109,0
67110,0
67111,1
67112,1
67113,1
67114,1
67115,0
67116,1
67117,1
67118,1
67119,0
67120,0
67121,1
67122,0
67123,1
67124,0
67125,0
67126,1
67127,1
67128,1
67129,1
67130,0
67131,1
67132,0
67133,1
67134,1
67135,1
67136,1
67137,1
67138,1
67139,0
67140,1
67141,1
67142,1
67143,1
67144,1
67145,0
67146,0
67147,1
67148,1
67149,1
67150,1
67151,1
67152,1
67153,0
67154,0
67155,0
67156,0
67157,0
67158,1
67159,1
67160,0
67161,1
67162,0
67163,1
67164,0
67165,0
67166,1
67167,0
67168,1
67169,1
67170,1
67171,1
67172,1
67173,1
67174,1
67175,0
67176,1
67177,1
67178,1
67179,1
67180,1
67181,1
67182,0
67183,1
67184,0
67185,0
67186,0
67187,0
67188,0
67189,0
67190,1
67191,0
67192,1
67193,1
67194,0
67195,1
67196,1
67197,0
67198,0
67199,1
67200,1
67201,1
67202,1
67203,1
67204,1
67205,0
67206,1
67207,1
67208,1
67209,0
67210,1
67211,0
67212,1
67213,1
67214,1
67215,0
67216,1
67217,1
67218,1
67219,1
67220,1
67221,1
67222,0
67223,1
67224,0
67225,1
67226,1
67227,0
67228,1
67229,1
67230,1
67231,1
67232,1
67233,0
67234,1
67235,1
67236,1
67237,0
67238,0
67239,1
67240,1
67241,1
67242,0
67243,0
67244,1
67245,1
67246,1
67247,1
67248,0
67249,1
67250,0
67251,0
67252,1
67253,0
67254,1
67255,1
67256,0
67257,1
67258,1
67259,1
67260,1
67261,0
67262,0
67263,0
67264,0
67265,1
67266,1
67267,1
67268,1
67269,0
67270,0
67271,0
67272,1
67273,1
67274,1
67275,1
67276,1
67277,1
67278,1
67279,0
67280,1
67281,0
67282,0
67283,0
67284,1
67285,1
67286,1
67287,0
67288,1
67289,0
67290,1
67291,1
67292,1
67293,1
67294,1
67295,1
67296,0
67297,1
67298,1
67299,1
67300,0
67301,1
67302,1
67303,1
67304,1
67305,1
67306,0
67307,0
67308,0
67309,1
67310,1
67311,1
67312,0
67313,1
67314,0
67315,1
67316,1
67317,1
67318,1
67319,0
67320,1
67321,1
67322,1
67323,0
67324,1
67325,1
67326,1
67327,1
67328,1
67329,1
67330,1
67331,0
67332,0
67333,0
67334,0
67335,0
67336,1
67337,0
67338,1
67339,0
67340,1
67341,1
67342,1
67343,0
67344,0
67345,1
67346,1
67347,1
67348,1
67349,1
67350,1
67351,1
67352,1
67353,1
67354,0
67355,1
67356,1
67357,1
67358,0
67359,0
67360,1
67361,0
67362,0
67363,0
67364,1
67365,0
67366,1
67367,0
67368,1
67369,1
67370,0
67371,1
67372,1
67373,1
67374,0
67375,1
67376,1
67377,0
67378,0
67379,0
67380,1
67381,1
67382,1
67383,0
67384,1
67385,1
67386,0
67387,0
67388,1
67389,0
67390,0
67391,0
67392,0
67393,1
67394,0
67395,1
67396,1
67397,0
67398,1
67399,1
67400,1
67401,1
67402,0
67403,0
67404,1
67405,1
67406,1
67407,1
67408,1
67409,1
67410,1
67411,1
67412,1
67413,0
67414,1
67415,1
67416,0
67417,1
67418,0
67419,1
67420,1
67421,1
67422,1
67423,1
67424,1
67425,1
67426,1
67427,1
67428,1
67429,1
67430,1
67431,1
67432,1
67433,0
67434,1
67435,1
67436,1
67437,1
67438,0
67439,0
67440,1
67441,1
67442,1
67443,1
67444,1
67445,1
67446,0
67447,1
67448,0
67449,0
67450,1
67451,1
67452,1
67453,1
67454,1
67455,1
67456,1
67457,0
67458,0
67459,0
67460,1
67461,0
67462,1
67463,0
67464,1
67465,1
67466,1
67467,1
67468,1
67469,0
67470,0
67471,1
67472,1
67473,1
67474,1
67475,0
67476,1
67477,1
67478,1
67479,1
67480,1
67481,1
67482,1
67483,0
67484,1
67485,0
67486,0
67487,1
67488,0
67489,0
67490,0
67491,1
67492,1
67493,1
67494,1
67495,0
67496,1
67497,1
67498,1
67499,0
67500,1
67501,1
67502,1
67503,1
67504,1
67505,1
67506,1
67507,1
67508,0
67509,1
67510,1
67511,0
67512,0
67513,1
67514,1
67515,0
67516,1
67517,1
67518,1
67519,1
67520,0
67521,1
67522,0
67523,1
67524,1
67525,1
67526,1
67527,1
67528,1
67529,1
67530,0
67531,1
67532,1
67533,1
67534,0
67535,0
67536,1
67537,0
67538,0
67539,1
67540,1
67541,1
67542,0
67543,1
67544,1
67545,0
67546,0
67547,1
67548,1
67549,0
67550,0
67551,1
67552,1
67553,1
67554,1
67555,1
67556,1
67557,1
67558,1
67559,0
67560,1
67561,1
67562,1
67563,0
67564,1
67565,1
67566,0
67567,1
67568,0
67569,1
67570,0
67571,1
67572,1
67573,1
67574,0
67575,0
67576,0
67577,0
67578,1
67579,1
67580,1
67581,1
67582,1
67583,0
67584,1
67585,1
67586,1
67587,0
67588,0
67589,1
67590,0
67591,0
67592,1
67593,0
67594,1
67595,1
67596,0
67597,1
67598,0
67599,1
67600,1
67601,0
67602,1
67603,0
67604,1
67605,1
67606,0
67607,1
67608,1
67609,1
67610,1
67611,0
67612,1
67613,1
67614,0
67615,1
67616,0
67617,0
67618,0
67619,1
67620,1
67621,1
67622,1
67623,1
67624,0
67625,1
67626,1
67627,1
67628,1
67629,1
67630,0
67631,1
67632,0
67633,1
67634,0
67635,1
67636,1
67637,1
67638,1
67639,1
67640,1
67641,1
67642,1
67643,1
67644,1
67645,1
67646,0
67647,1
67648,1
67649,1
67650,0
67651,0
67652,1
67653,0
67654,0
67655,1
67656,1
67657,0
67658,1
67659,1
67660,1
67661,1
67662,1
67663,1
67664,0
67665,1
67666,1
67667,1
67668,1
67669,1
67670,1
67671,1
67672,1
67673,0
67674,1
67675,0
67676,0
67677,1
67678,1
67679,0
67680,1
67681,1
67682,0
67683,0
67684,1
67685,1
67686,1
67687,0
67688,1
67689,1
67690,1
67691,0
67692,1
67693,1
67694,0
67695,1
67696,1
67697,1
67698,1
67699,1
67700,1
67701,0
67702,1
67703,1
67704,1
67705,0
67706,1
67707,1
67708,1
67709,0
67710,0
67711,1
67712,0
67713,0
67714,1
67715,1
67716,1
67717,1
67718,1
67719,1
67720,1
67721,0
67722,0
67723,0
67724,1
67725,0
67726,1
67727,0
67728,0
67729,1
67730,1
67731,1
67732,1
67733,1
67734,0
67735,1
67736,0
67737,1
67738,1
67739,1
67740,0
67741,0
67742,0
67743,0
67744,1
67745,1
67746,1
67747,0
67748,0
67749,1
67750,0
67751,0
67752,1
67753,1
67754,1
67755,0
67756,0
67757,0
67758,1
67759,0
67760,0
67761,0
67762,0
67763,0
67764,1
67765,1
67766,1
67767,1
67768,1
67769,1
67770,1
67771,1
67772,1
67773,1
67774,0
67775,0
67776,1
67777,0
67778,1
67779,0
67780,0
67781,0
67782,1
67783,1
67784,1
67785,0
67786,1
67787,1
67788,1
67789,0
67790,1
67791,1
67792,1
67793,1
67794,1
67795,1
67796,1
67797,1
67798,1
67799,1
67800,1
67801,0
67802,0
67803,1
67804,1
67805,0
67806,0
67807,1
67808,0
67809,1
67810,1
67811,1
67812,1
67813,1
67814,1
67815,1
67816,1
67817,0
67818,1
67819,1
67820,0
67821,1
67822,0
67823,1
67824,1
67825,1
67826,0
67827,1
67828,0
67829,1
67830,1
67831,1
67832,0
67833,1
67834,1
67835,1
67836,1
67837,1
67838,0
67839,1
67840,1
67841,0
67842,1
67843,0
67844,1
67845,0
67846,1
67847,1
67848,1
67849,0
67850,0
67851,1
67852,0
67853,1
67854,1
67855,1
67856,0
67857,1
67858,1
67859,0
67860,1
67861,0
67862,1
67863,0
67864,1
67865,1
67866,1
67867,1
67868,1
67869,0
67870,0
67871,1
67872,1
67873,1
67874,0
67875,1
67876,1
67877,1
67878,0
67879,1
67880,1
67881,1
67882,1
67883,1
67884,0
67885,1
67886,1
67887,0
67888,1
67889,1
67890,0
67891,1
67892,1
67893,0
67894,0
67895,0
67896,1
67897,0
67898,1
67899,1
67900,1
67901,1
67902,1
67903,0
67904,0
67905,1
67906,1
67907,0
67908,1
67909,1
67910,1
67911,0
67912,1
67913,1
67914,1
67915,1
67916,1
67917,1
67918,1
67919,1
67920,1
67921,1
67922,1
67923,1
67924,1
67925,0
67926,1
67927,0
67928,1
67929,0
67930,0
67931,0
67932,1
67933,0
67934,1
67935,0
67936,0
67937,0
67938,0
67939,0
67940,0
67941,0
67942,1
67943,1
67944,0
67945,1
67946,0
67947,1
67948,1
67949,0
67950,1
67951,1
67952,1
67953,1
67954,0
67955,0
67956,1
67957,0
67958,1
67959,0
67960,1
67961,0
67962,1
67963,1
67964,1
67965,1
67966,0
67967,0
67968,1
67969,0
67970,0
67971,0
67972,1
67973,0
67974,1
67975,0
67976,0
67977,1
67978,1
67979,1
67980,1
67981,0
67982,1
67983,1
67984,1
67985,0
67986,0
67987,1
67988,1
67989,1
67990,0
67991,1
67992,0
67993,1
67994,1
67995,1
67996,0
67997,1
67998,0
67999,1
68000,1
68001,0
68002,0
68003,1
68004,0
68005,1
68006,1
68007,0
68008,0
68009,1
68010,0
68011,1
68012,0
68013,1
68014,0
68015,1
68016,1
68017,1
68018,1
68019,1
68020,0
68021,1
68022,1
68023,0
68024,1
68025,1
68026,1
68027,1
68028,1
68029,0
68030,1
68031,1
68032,1
68033,1
68034,1
68035,1
68036,1
68037,1
68038,0
68039,1
68040,1
68041,1
68042,1
68043,1
68044,0
68045,0
68046,1
68047,1
68048,1
68049,1
68050,1
68051,0
68052,1
68053,0
68054,0
68055,1
68056,1
68057,0
68058,1
68059,1
68060,0
68061,1
68062,1
68063,1
68064,1
68065,1
68066,1
68067,1
68068,0
68069,0
68070,0
68071,0
68072,1
68073,1
68074,1
68075,0
68076,0
68077,1
68078,1
68079,1
68080,1
68081,0
68082,1
68083,1
68084,1
68085,1
68086,1
68087,1
68088,1
68089,1
68090,0
68091,0
68092,1
68093,1
68094,1
68095,0
68096,0
68097,1
68098,1
68099,1
68100,1
68101,0
68102,0
68103,1
68104,1
68105,1
68106,0
68107,0
68108,1
68109,0
68110,0
68111,1
68112,1
68113,0
68114,1
68115,0
68116,1
68117,1
68118,1
68119,1
68120,1
68121,1
68122,0
68123,1
68124,1
68125,0
68126,0
68127,1
68128,1
68129,1
68130,0
68131,0
68132,0
68133,1
68134,0
68135,1
68136,1
68137,0
68138,0
68139,1
68140,0
68141,1
68142,1
68143,1
68144,0
68145,1
68146,1
68147,1
68148,1
68149,1
68150,1
68151,1
68152,0
68153,1
68154,1
68155,0
68156,0
68157,1
68158,0
68159,1
68160,0
68161,1
68162,0
68163,0
68164,0
68165,1
68166,1
68167,1
68168,0
68169,0
68170,0
68171,1
68172,1
68173,1
68174,0
68175,1
68176,1
68177,1
68178,1
68179,0
68180,0
68181,1
68182,1
68183,0
68184,0
68185,0
68186,0
68187,1
68188,0
68189,1
68190,0
68191,0
68192,0
68193,1
68194,1
68195,1
68196,1
68197,1
68198,0
68199,0
68200,0
68201,1
68202,0
68203,1
68204,1
68205,0
68206,1
68207,0
68208,1
68209,1
68210,0
68211,1
68212,0
68213,1
68214,1
68215,0
68216,0
68217,1
68218,1
68219,0
68220,1
68221,0
68222,1
68223,1
68224,1
68225,0
68226,1
68227,0
68228,0
68229,0
68230,1
68231,1
68232,1
68233,1
68234,1
68235,0
68236,1
68237,0
68238,1
68239,1
68240,1
68241,1
68242,0
68243,0
68244,1
68245,1
68246,1
68247,0
68248,0
68249,0
68250,0
68251,1
68252,0
68253,1
68254,1
68255,0
68256,0
68257,1
68258,1
68259,1
68260,1
68261,1
68262,1
68263,1
68264,0
68265,0
68266,1
68267,0
68268,0
68269,0
68270,1
68271,0
68272,1
68273,1
68274,1
68275,0
68276,0
68277,1
68278,0
68279,0
68280,1
68281,1
68282,1
68283,0
68284,1
68285,0
68286,1
68287,1
68288,0
68289,1
68290,1
68291,1
68292,0
68293,1
68294,1
68295,0
68296,0
68297,1
68298,1
68299,1
68300,1
68301,1
68302,1
68303,1
68304,0
68305,1
68306,0
68307,0
68308,0
68309,0
68310,0
68311,1
68312,1
68313,1
68314,0
68315,0
68316,1
68317,1
68318,1
68319,0
68320,1
68321,1
68322,0
68323,1
68324,0
68325,0
68326,1
68327,1
68328,1
68329,0
68330,0
68331,1
68332,0
68333,0
68334,0
68335,0
68336,0
68337,1
68338,1
68339,0
68340,0
68341,1
68342,1
68343,1
68344,0
68345,1
68346,1
68347,1
68348,0
68349,1
68350,1
68351,1
68352,1
68353,0
68354,1
68355,0
68356,1
68357,1
68358,0
68359,1
68360,0
68361,1
68362,1
68363,1
68364,1
68365,1
68366,1
68367,0
68368,1
68369,1
68370,1
68371,0
68372,1
68373,0
68374,1
68375,1
68376,0
68377,1
68378,1
68379,1
68380,1
68381,1
68382,0
68383,1
68384,1
68385,1
68386,1
68387,1
68388,0
68389,1
68390,1
68391,1
68392,1
68393,0
68394,1
68395,0
68396,1
68397,1
68398,1
68399,0
68400,1
68401,0
68402,1
68403,1
68404,0
68405,1
68406,1
68407,1
68408,1
68409,0
68410,1
68411,1
68412,1
68413,1
68414,0
68415,0
68416,1
68417,0
68418,0
68419,1
68420,1
68421,1
68422,0
68423,1
68424,1
68425,0
68426,1
68427,1
68428,1
68429,0
68430,0
68431,1
68432,1
68433,0
68434,1
68435,0
68436,1
68437,1
68438,1
68439,1
68440,1
68441,1
68442,0
68443,1
68444,0
68445,1
68446,0
68447,0
68448,1
68449,0
68450,0
68451,1
68452,0
68453,1
68454,1
68455,1
68456,1
68457,1
68458,1
68459,1
68460,1
68461,1
68462,1
68463,1
68464,0
68465,0
68466,1
68467,1
68468,0
68469,1
68470,1
68471,0
68472,1
68473,0
68474,1
68475,1
68476,1
68477,0
68478,1
68479,1
68480,0
68481,1
68482,1
68483,0
68484,1
68485,1
68486,1
68487,1
68488,1
68489,0
68490,1
68491,0
68492,1
68493,1
68494,1
68495,1
68496,1
68497,1
68498,1
68499,1
68500,1
68501,0
68502,0
68503,1
68504,0
68505,0
68506,1
68507,0
68508,1
68509,1
68510,1
68511,1
68512,1
68513,1
68514,0
68515,1
68516,1
68517,0
68518,0
68519,0
68520,1
68521,1
68522,0
68523,0
68524,1
68525,0
68526,0
68527,1
68528,1
68529,0
68530,0
68531,1
68532,0
68533,1
68534,1
68535,1
68536,1
68537,1
68538,0
68539,1
68540,1
68541,1
68542,1
68543,1
68544,1
68545,0
68546,0
68547,0
68548,0
68549,1
68550,0
68551,1
68552,1
68553,1
68554,1
68555,0
68556,1
68557,1
68558,1
68559,0
68560,1
68561,1
68562,0
68563,1
68564,0
68565,0
68566,1
68567,1
68568,0
68569,1
68570,1
68571,1
68572,0
68573,0
68574,1
68575,1
68576,0
68577,1
68578,0
68579,1
68580,1
68581,1
68582,0
68583,0
68584,0
68585,1
68586,0
68587,1
68588,0
68589,0
68590,1
68591,1
68592,1
68593,0
68594,1
68595,0
68596,1
68597,1
68598,1
68599,1
68600,1
68601,0
68602,1
68603,1
68604,1
68605,1
68606,1
68607,0
68608,0
68609,1
68610,0
68611,1
68612,1
68613,1
68614,0
68615,0
68616,0
68617,1
68618,1
68619,0
68620,1
68621,1
68622,1
68623,1
68624,1
68625,1
68626,1
68627,1
68628,1
68629,0
68630,0
68631,0
68632,0
68633,1
68634,1
68635,0
68636,0
68637,1
68638,1
68639,0
68640,1
68641,0
68642,1
68643,1
68644,1
68645,0
68646,1
68647,1
68648,0
68649,0
68650,0
68651,0
68652,1
68653,0
68654,1
68655,1
68656,0
68657,1
68658,1
68659,1
68660,1
68661,0
68662,1
68663,0
68664,0
68665,1
68666,1
68667,0
68668,1
68669,0
68670,1
68671,1
68672,0
68673,1
68674,0
68675,1
68676,1
68677,1
68678,1
68679,1
68680,1
68681,0
68682,1
68683,0
68684,0
68685,1
68686,1
68687,0
68688,1
68689,0
68690,1
68691,0
68692,1
68693,0
68694,0
68695,0
68696,0
68697,1
68698,0
68699,1
68700,1
68701,1
68702,0
68703,1
68704,0
68705,1
68706,0
68707,1
68708,1
68709,1
68710,1
68711,1
68712,0
68713,1
68714,1
68715,0
68716,0
68717,0
68718,0
68719,1
68720,1
68721,1
68722,1
68723,1
68724,1
68725,0
68726,1
68727,1
68728,1
68729,1
68730,1
68731,1
68732,1
68733,1
68734,1
68735,1
68736,1
68737,1
68738,0
68739,0
68740,1
68741,0
68742,1
68743,0
68744,0
68745,0
68746,1
68747,0
68748,1
68749,0
68750,0
68751,1
68752,0
68753,1
68754,1
68755,1
68756,1
68757,1
68758,1
68759,1
68760,0
68761,0
68762,0
68763,1
68764,0
68765,0
68766,1
68767,1
68768,0
68769,0
68770,1
68771,0
68772,1
68773,1
68774,1
68775,0
68776,1
68777,1
68778,1
68779,1
68780,1
68781,1
68782,1
68783,1
68784,0
68785,1
68786,0
68787,1
68788,1
68789,0
68790,0
68791,1
68792,0
68793,1
68794,0
68795,1
68796,0
68797,0
68798,0
68799,0
68800,0
68801,1
68802,0
68803,0
68804,1
68805,0
68806,1
68807,1
68808,1
68809,1
68810,0
68811,1
68812,0
68813,1
68814,1
68815,1
68816,1
68817,1
68818,1
68819,1
68820,1
68821,0
68822,1
68823,1
68824,0
68825,0
68826,1
68827,1
68828,1
68829,1
68830,1
68831,1
68832,0
68833,1
68834,0
68835,0
68836,1
68837,0
68838,0
68839,1
68840,1
68841,1
68842,0
68843,1
68844,0
68845,1
68846,0
68847,1
68848,1
68849,1
68850,0
68851,0
68852,1
68853,1
68854,1
68855,0
68856,1
68857,0
68858,1
68859,1
68860,0
68861,1
68862,0
68863,0
68864,1
68865,1
68866,1
68867,1
68868,0
68869,1
68870,1
68871,0
68872,0
68873,0
68874,0
68875,1
68876,0
68877,1
68878,1
68879,1
68880,0
68881,1
68882,0
68883,1
68884,0
68885,1
68886,0
68887,1
68888,1
68889,1
68890,1
68891,0
68892,1
68893,0
68894,1
68895,0
68896,1
68897,0
68898,1
68899,0
68900,1
68901,0
68902,0
68903,1
68904,1
68905,1
68906,1
68907,0
68908,1
68909,1
68910,0
68911,0
68912,0
68913,1
68914,1
68915,1
68916,1
68917,1
68918,0
68919,0
68920,1
68921,1
68922,1
68923,1
68924,1
68925,0
68926,1
68927,0
68928,1
68929,1
68930,1
68931,1
68932,1
68933,1
68934,1
68935,1
68936,1
68937,0
68938,1
68939,1
68940,1
68941,0
68942,1
68943,1
68944,1
68945,0
68946,1
68947,1
68948,1
68949,1
68950,0
68951,0
68952,1
68953,1
68954,1
68955,0
68956,1
68957,0
68958,1
68959,0
68960,0
68961,0
68962,1
68963,0
68964,0
68965,1
68966,0
68967,1
68968,0
68969,1
68970,0
68971,1
68972,1
68973,0
68974,0
68975,1
68976,1
68977,1
68978,1
68979,1
68980,0
68981,1
68982,0
68983,0
68984,0
68985,1
68986,0
68987,0
68988,1
68989,0
68990,0
68991,1
68992,1
68993,0
68994,0
68995,0
68996,1
68997,1
68998,0
68999,0
69000,0
69001,1
69002,1
69003,1
69004,1
69005,1
69006,0
69007,0
69008,1
69009,1
69010,0
69011,0
69012,0
69013,1
69014,0
69015,0
69016,1
69017,1
69018,1
69019,0
69020,0
69021,1
69022,0
69023,1
69024,0
69025,1
69026,1
69027,0
69028,1
69029,1
69030,1
69031,0
69032,0
69033,0
69034,0
69035,1
69036,1
69037,0
69038,1
69039,1
69040,0
69041,0
69042,1
69043,0
69044,0
69045,1
69046,1
69047,1
69048,1
69049,1
69050,1
69051,1
69052,0
69053,1
69054,0
69055,1
69056,0
69057,1
69058,1
69059,0
69060,1
69061,1
69062,0
69063,1
69064,0
69065,1
69066,1
69067,0
69068,1
69069,1
69070,1
69071,1
69072,1
69073,1
69074,0
69075,1
69076,1
69077,1
69078,1
69079,0
69080,1
69081,1
69082,0
69083,1
69084,1
69085,0
69086,0
69087,0
69088,0
69089,1
69090,1
69091,0
69092,0
69093,1
69094,0
69095,0
69096,1
69097,0
69098,1
69099,0
69100,1
69101,1
69102,0
69103,1
69104,0
69105,1
69106,1
69107,0
69108,1
69109,0
69110,1
69111,0
69112,0
69113,1
69114,1
69115,1
69116,0
69117,1
69118,0
69119,1
69120,0
69121,1
69122,0
69123,0
69124,1
69125,0
69126,1
69127,0
69128,0
69129,0
69130,0
69131,0
69132,0
69133,0
69134,1
69135,1
69136,0
69137,0
69138,1
69139,1
69140,0
69141,1
69142,1
69143,1
69144,1
69145,1
69146,0
69147,0
69148,0
69149,0
69150,1
69151,1
69152,0
69153,0
69154,1
69155,1
69156,1
69157,0
69158,1
69159,0
69160,0
69161,0
69162,0
69163,1
69164,1
69165,1
69166,1
69167,1
69168,1
69169,1
69170,1
69171,1
69172,1
69173,1
69174,0
69175,1
69176,1
69177,1
69178,0
69179,1
69180,1
69181,1
69182,1
69183,1
69184,0
69185,0
69186,1
69187,0
69188,0
69189,1
69190,1
69191,1
69192,1
69193,0
69194,1
69195,1
69196,1
69197,1
69198,0
69199,1
69200,0
69201,1
69202,0
69203,0
69204,1
69205,0
69206,1
69207,0
69208,0
69209,1
69210,1
69211,1
69212,0
69213,1
69214,1
69215,0
69216,0
69217,0
69218,1
69219,1
69220,1
69221,0
69222,1
69223,1
69224,0
69225,0
69226,0
69227,0
69228,1
69229,1
69230,0
69231,0
69232,1
69233,1
69234,1
69235,1
69236,1
69237,0
69238,0
69239,1
69240,1
69241,1
69242,0
69243,1
69244,1
69245,1
69246,1
69247,1
69248,1
69249,0
69250,1
69251,0
69252,1
69253,0
69254,1
69255,0
69256,1
69257,0
69258,1
69259,0
69260,1
69261,1
69262,1
69263,1
69264,0
69265,0
69266,0
69267,1
69268,0
69269,1
69270,0
69271,1
69272,1
69273,1
69274,1
69275,1
69276,1
69277,0
69278,0
69279,1
69280,1
69281,0
69282,1
69283,0
69284,1
69285,0
69286,1
69287,1
69288,1
69289,1
69290,0
69291,0
69292,1
69293,0
69294,1
69295,1
69296,0
69297,0
69298,0
69299,1
69300,1
69301,1
69302,1
69303,0
69304,0
69305,0
69306,0
69307,1
69308,0
69309,1
69310,1
69311,0
69312,0
69313,1
69314,0
69315,1
69316,0
69317,1
69318,0
69319,1
69320,0
69321,1
69322,0
69323,1
69324,0
69325,1
69326,0
69327,1
69328,0
69329,1
69330,0
69331,0
69332,0
69333,0
69334,1
69335,1
69336,1
69337,0
69338,1
69339,1
69340,1
69341,1
69342,1
69343,1
69344,0
69345,1
69346,1
69347,1
69348,0
69349,1
69350,0
69351,1
69352,0
69353,1
69354,1
69355,0
69356,1
69357,0
69358,0
69359,1
69360,1
69361,1
69362,0
69363,1
69364,1
69365,1
69366,1
69367,1
69368,0
69369,1
69370,1
69371,1
69372,1
69373,1
69374,1
69375,1
69376,1
69377,1
69378,1
69379,0
69380,1
69381,1
69382,1
69383,0
69384,1
69385,1
69386,0
69387,1
69388,1
69389,1
69390,1
69391,1
69392,1
69393,0
69394,1
69395,1
69396,0
69397,1
69398,0
69399,1
69400,0
69401,1
69402,0
69403,0
69404,1
69405,1
69406,1
69407,0
69408,1
69409,1
69410,0
69411,0
69412,0
69413,1
69414,1
69415,0
69416,1
69417,0
69418,0
69419,1
69420,1
69421,1
69422,1
69423,1
69424,1
69425,1
69426,1
69427,0
69428,1
69429,0
69430,0
69431,1
69432,0
69433,0
69434,0
69435,0
69436,1
69437,1
69438,1
69439,1
69440,1
69441,1
69442,1
69443,0
69444,1
69445,1
69446,1
69447,1
69448,1
69449,1
69450,0
69451,0
69452,0
69453,0
69454,1
69455,0
69456,1
69457,0
69458,1
69459,1
69460,1
69461,1
69462,1
69463,1
69464,1
69465,1
69466,0
69467,1
69468,1
69469,1
69470,1
69471,1
69472,0
69473,0
69474,0
69475,0
69476,1
69477,0
69478,0
69479,1
69480,1
69481,1
69482,0
69483,1
69484,0
69485,1
69486,0
69487,1
69488,1
69489,0
69490,1
69491,0
69492,1
69493,1
69494,1
69495,1
69496,1
69497,0
69498,1
69499,1
69500,1
69501,1
69502,1
69503,1
69504,0
69505,1
69506,1
69507,1
69508,0
69509,1
69510,0
69511,0
69512,1
69513,1
69514,1
69515,0
69516,1
69517,1
69518,0
69519,1
69520,0
69521,1
69522,0
69523,1
69524,1
69525,1
69526,0
69527,0
69528,0
69529,1
69530,0
69531,1
69532,1
69533,1
69534,1
69535,1
69536,0
69537,1
69538,0
69539,0
69540,1
69541,1
69542,1
69543,0
69544,0
69545,1
69546,1
69547,0
69548,0
69549,1
69550,1
69551,1
69552,1
69553,1
69554,1
69555,0
69556,1
69557,1
69558,0
69559,1
69560,1
69561,0
69562,0
69563,1
69564,1
69565,0
69566,1
69567,1
69568,1
69569,1
69570,0
69571,0
69572,1
69573,1
69574,1
69575,0
69576,0
69577,0
69578,0
69579,0
69580,0
69581,1
69582,0
69583,1
69584,0
69585,0
69586,1
69587,1
69588,0
69589,0
69590,1
69591,1
69592,1
69593,1
69594,0
69595,1
69596,0
69597,1
69598,0
69599,1
69600,1
69601,0
69602,1
69603,1
69604,1
69605,1
69606,0
69607,0
69608,1
69609,1
69610,1
69611,1
69612,1
69613,1
69614,1
69615,0
69616,0
69617,0
69618,1
69619,0
69620,0
69621,0
69622,1
69623,1
69624,0
69625,1
69626,1
69627,1
69628,1
69629,1
69630,1
69631,1
69632,0
69633,1
69634,1
69635,1
69636,1
69637,1
69638,1
69639,1
69640,0
69641,0
69642,1
69643,0
69644,0
69645,1
69646,0
69647,1
69648,1
69649,0
69650,0
69651,1
69652,1
69653,1
69654,1
69655,1
69656,1
69657,1
69658,1
69659,1
69660,1
69661,1
69662,0
69663,0
69664,1
69665,1
69666,1
69667,0
69668,1
69669,1
69670,1
69671,1
69672,1
69673,0
69674,1
69675,0
69676,0
69677,0
69678,0
69679,1
69680,0
69681,0
69682,1
69683,0
69684,1
69685,1
69686,1
69687,1
69688,1
69689,0
69690,0
69691,1
69692,0
69693,1
69694,1
69695,1
69696,0
69697,0
69698,1
69699,0
69700,1
69701,0
69702,1
69703,1
69704,1
69705,1
69706,1
69707,0
69708,0
69709,1
69710,1
69711,1
69712,1
69713,0
69714,0
69715,1
69716,0
69717,1
69718,1
69719,0
69720,0
69721,1
69722,1
69723,1
69724,1
69725,1
69726,0
69727,1
69728,0
69729,1
69730,1
69731,1
69732,1
69733,0
69734,0
69735,1
69736,1
69737,1
69738,1
69739,1
69740,1
69741,1
69742,1
69743,1
69744,1
69745,0
69746,1
69747,0
69748,0
69749,1
69750,1
69751,0
69752,1
69753,1
69754,0
69755,1
69756,1
69757,1
69758,1
69759,1
69760,0
69761,1
69762,0
69763,1
69764,0
69765,1
69766,1
69767,1
69768,0
69769,1
69770,1
69771,0
69772,0
69773,1
69774,1
69775,1
69776,1
69777,1
69778,0
69779,1
69780,0
69781,0
69782,1
69783,1
69784,1
69785,0
69786,0
69787,0
69788,1
69789,1
69790,1
69791,1
69792,0
69793,0
69794,1
69795,1
69796,1
69797,1
69798,1
69799,0
69800,1
69801,1
69802,1
69803,1
69804,1
69805,1
69806,1
69807,0
69808,1
69809,1
69810,0
69811,1
69812,1
69813,0
69814,1
69815,0
69816,1
69817,1
69818,1
69819,1
69820,0
69821,0
69822,0
69823,1
69824,1
69825,0
69826,0
69827,1
69828,1
69829,0
69830,0
69831,0
69832,0
69833,1
69834,1
69835,0
69836,1
69837,0
69838,1
69839,1
69840,1
69841,0
69842,1
69843,1
69844,1
69845,0
69846,1
69847,1
69848,1
69849,0
69850,1
69851,0
69852,0
69853,1
69854,0
69855,0
69856,1
69857,1
69858,0
69859,0
69860,1
69861,0
69862,0
69863,0
69864,1
69865,1
69866,0
69867,0
69868,1
69869,0
69870,1
69871,1
69872,0
69873,1
69874,1
69875,1
69876,1
69877,1
69878,1
69879,1
69880,0
69881,1
69882,1
69883,1
69884,0
69885,1
69886,1
69887,0
69888,1
69889,1
69890,1
69891,1
69892,1
69893,0
69894,0
69895,1
69896,0
69897,1
69898,1
69899,0
69900,0
69901,1
69902,1
69903,1
69904,1
69905,1
69906,1
69907,1
69908,0
69909,0
69910,0
69911,0
69912,1
69913,1
69914,0
69915,1
69916,1
69917,1
69918,1
69919,0
69920,1
69921,0
69922,1
69923,1
69924,0
69925,0
69926,0
69927,0
69928,1
69929,0
69930,0
69931,0
69932,1
69933,1
69934,1
69935,0
69936,0
69937,0
69938,0
69939,1
69940,1
69941,1
69942,0
69943,0
69944,0
69945,1
69946,0
69947,0
69948,1
69949,1
69950,1
69951,1
69952,0
69953,1
69954,1
69955,1
69956,1
69957,1
69958,1
69959,0
69960,0
69961,1
69962,1
69963,1
69964,0
69965,1
69966,1
69967,1
69968,1
69969,1
69970,0
69971,1
69972,1
69973,1
69974,1
69975,1
69976,0
69977,1
69978,1
69979,1
69980,1
69981,0
69982,1
69983,0
69984,0
69985,1
69986,1
69987,1
69988,1
69989,0
69990,1
69991,1
69992,1
69993,1
69994,0
69995,1
69996,1
69997,1
69998,0
69999,1
70000,0
70001,0
70002,1
70003,1
70004,1
70005,1
70006,1
70007,1
70008,0
70009,0
70010,1
70011,0
70012,0
70013,1
70014,0
70015,1
70016,0
70017,0
70018,0
70019,1
70020,1
70021,1
70022,1
70023,1
70024,1
70025,1
70026,0
70027,0
70028,0
70029,0
70030,1
70031,0
70032,1
70033,0
70034,0
70035,1
70036,1
70037,1
70038,1
70039,0
70040,1
70041,1
70042,0
70043,0
70044,0
70045,1
70046,1
70047,1
70048,0
70049,0
70050,1
70051,1
70052,1
70053,1
70054,1
70055,0
70056,0
70057,0
70058,1
70059,1
70060,0
70061,0
70062,0
70063,0
70064,0
70065,1
70066,1
70067,1
70068,0
70069,0
70070,1
70071,1
70072,0
70073,1
70074,1
70075,1
70076,0
70077,1
70078,0
70079,1
70080,1
70081,1
70082,1
70083,0
70084,1
70085,1
70086,1
70087,0
70088,1
70089,0
70090,1
70091,1
70092,1
70093,0
70094,1
70095,0
70096,0
70097,1
70098,1
70099,0
70100,0
70101,0
70102,1
70103,1
70104,1
70105,1
70106,1
70107,0
70108,1
70109,1
70110,1
70111,1
70112,0
70113,1
70114,1
70115,0
70116,1
70117,1
70118,1
70119,1
70120,0
70121,1
70122,0
70123,1
70124,1
70125,1
70126,1
70127,0
70128,1
70129,0
70130,1
70131,1
70132,0
70133,1
70134,1
70135,1
70136,0
70137,1
70138,0
70139,0
70140,1
70141,1
70142,0
70143,0
70144,1
70145,1
70146,1
70147,1
70148,1
70149,0
70150,1
70151,1
70152,1
70153,1
70154,0
70155,1
70156,1
70157,1
70158,0
70159,1
70160,1
70161,1
70162,1
70163,1
70164,1
70165,1
70166,1
70167,1
70168,0
70169,0
70170,1
70171,1
70172,1
70173,1
70174,0
70175,1
70176,1
70177,1
70178,0
70179,1
70180,1
70181,0
70182,1
70183,1
70184,1
70185,1
70186,1
70187,0
70188,0
70189,1
70190,0
70191,1
70192,1
70193,0
70194,0
70195,0
70196,0
70197,1
70198,1
70199,0
70200,0
70201,1
70202,1
70203,0
70204,1
70205,1
70206,0
70207,0
70208,0
70209,1
70210,1
70211,0
70212,1
70213,1
70214,1
70215,1
70216,1
70217,1
70218,0
70219,1
70220,1
70221,1
70222,1
70223,1
70224,1
70225,1
70226,0
70227,1
70228,1
70229,1
70230,1
70231,1
70232,0
70233,0
70234,1
70235,0
70236,1
70237,1
70238,1
70239,1
70240,0
70241,1
70242,1
70243,1
70244,1
70245,1
70246,1
70247,0
70248,1
70249,1
70250,0
70251,0
70252,1
70253,1
70254,1
70255,1
70256,1
70257,1
70258,0
70259,1
70260,1
70261,1
70262,1
70263,1
70264,0
70265,1
70266,1
70267,1
70268,0
70269,1
70270,1
70271,1
70272,0
70273,1
70274,1
70275,1
70276,0
70277,1
70278,1
70279,1
70280,1
70281,1
70282,0
70283,1
70284,0
70285,0
70286,1
70287,1
70288,1
70289,0
70290,1
70291,0
70292,1
70293,0
70294,1
70295,0
70296,1
70297,0
70298,1
70299,1
70300,1
70301,1
70302,1
70303,0
70304,1
70305,1
70306,1
70307,0
70308,1
70309,0
70310,0
70311,1
70312,1
70313,0
70314,1
70315,1
70316,1
70317,1
70318,0
70319,0
70320,1
70321,1
70322,1
70323,1
70324,0
70325,0
70326,0
70327,1
70328,0
70329,1
70330,1
70331,0
70332,1
70333,0
70334,1
70335,1
70336,1
70337,1
70338,1
70339,0
70340,1
70341,1
70342,1
70343,0
70344,1
70345,0
70346,0
70347,1
70348,0
70349,1
70350,1
70351,0
70352,0
70353,1
70354,1
70355,0
70356,0
70357,1
70358,1
70359,1
70360,1
70361,0
70362,1
70363,1
70364,1
70365,1
70366,1
70367,0
70368,1
70369,1
70370,0
70371,0
70372,1
70373,1
70374,1
70375,0
70376,0
70377,0
70378,1
70379,0
70380,1
70381,1
70382,0
70383,1
70384,0
70385,1
70386,1
70387,1
70388,1
70389,0
70390,0
70391,1
70392,1
70393,1
70394,1
70395,1
70396,0
70397,1
70398,1
70399,0
70400,0
70401,1
70402,0
70403,0
70404,1
70405,1
70406,0
70407,1
70408,0
70409,1
70410,1
70411,1
70412,1
70413,0
70414,0
70415,1
70416,1
70417,0
70418,1
70419,1
70420,1
70421,0
70422,1
70423,1
70424,1
70425,0
70426,1
70427,1
70428,0
70429,1
70430,1
70431,0
70432,1
70433,1
70434,1
70435,1
70436,0
70437,1
70438,1
70439,1
70440,1
70441,1
70442,1
70443,0
70444,1
70445,1
70446,1
70447,0
70448,1
70449,1
70450,1
70451,1
70452,1
70453,0
70454,1
70455,1
70456,1
70457,0
70458,0
70459,0
70460,1
70461,1
70462,1
70463,1
70464,1
70465,0
70466,0
70467,0
70468,1
70469,1
70470,0
70471,1
70472,1
70473,0
70474,1
70475,0
70476,0
70477,0
70478,1
70479,1
70480,1
70481,1
70482,0
70483,1
70484,1
70485,1
70486,1
70487,1
70488,1
70489,1
70490,1
70491,1
70492,0
70493,1
70494,1
70495,0
70496,1
70497,1
70498,0
70499,1
70500,1
70501,0
70502,1
70503,1
70504,0
70505,1
70506,1
70507,1
70508,1
70509,1
70510,1
70511,1
70512,1
70513,0
70514,0
70515,1
70516,1
70517,0
70518,0
70519,1
70520,0
70521,1
70522,1
70523,1
70524,1
70525,1
70526,0
70527,1
70528,1
70529,1
70530,1
70531,1
70532,0
70533,0
70534,1
70535,1
70536,0
70537,1
70538,1
70539,1
70540,0
70541,0
70542,1
70543,0
70544,1
70545,1
70546,1
70547,1
70548,0
70549,0
70550,1
70551,1
70552,1
70553,1
70554,1
70555,1
70556,1
70557,1
70558,0
70559,1
70560,0
70561,1
70562,1
70563,0
70564,1
70565,1
70566,1
70567,1
70568,0
70569,1
70570,0
70571,0
70572,1
70573,1
70574,1
70575,0
70576,1
70577,1
70578,1
70579,1
70580,0
70581,1
70582,1
70583,1
70584,1
70585,0
70586,1
70587,1
70588,0
70589,1
70590,0
70591,1
70592,1
70593,1
70594,1
70595,0
70596,1
70597,0
70598,0
70599,1
70600,0
70601,0
70602,0
70603,1
70604,0
70605,1
70606,1
70607,1
70608,1
70609,0
70610,0
70611,0
70612,1
70613,0
70614,1
70615,0
70616,1
70617,1
70618,1
70619,1
70620,1
70621,1
70622,1
70623,1
70624,1
70625,1
70626,1
70627,0
70628,1
70629,1
70630,1
70631,1
70632,0
70633,1
70634,0
70635,0
70636,0
70637,1
70638,1
70639,1
70640,1
70641,0
70642,0
70643,1
70644,1
70645,1
70646,0
70647,0
70648,1
70649,0
70650,1
70651,1
70652,0
70653,0
70654,1
70655,0
70656,1
70657,1
70658,0
70659,1
70660,0
70661,0
70662,1
70663,1
70664,0
70665,1
70666,1
70667,0
70668,0
70669,1
70670,0
70671,1
70672,1
70673,1
70674,0
70675,1
70676,0
70677,0
70678,1
70679,1
70680,1
70681,1
70682,1
70683,1
70684,0
70685,0
70686,1
70687,1
70688,0
70689,0
70690,0
70691,1
70692,1
70693,0
70694,1
70695,1
70696,0
70697,1
70698,1
70699,1
70700,1
70701,1
70702,1
70703,0
70704,1
70705,0
70706,1
70707,0
70708,1
70709,1
70710,0
70711,1
70712,1
70713,1
70714,1
70715,1
70716,1
70717,1
70718,0
70719,1
70720,0
70721,0
70722,1
70723,0
70724,1
70725,0
70726,1
70727,1
70728,0
70729,0
70730,0
70731,1
70732,0
70733,0
70734,1
70735,1
70736,0
70737,0
70738,0
70739,1
70740,0
70741,1
70742,0
70743,1
70744,1
70745,0
70746,1
70747,1
70748,1
70749,1
70750,1
70751,1
70752,1
70753,1
70754,0
70755,1
70756,0
70757,0
70758,1
70759,1
70760,1
70761,1
70762,1
70763,1
70764,0
70765,1
70766,1
70767,1
70768,1
70769,1
70770,1
70771,1
70772,1
70773,1
70774,1
70775,0
70776,0
70777,1
70778,1
70779,0
70780,1
70781,0
70782,1
70783,1
70784,1
70785,1
70786,1
70787,1
70788,1
70789,1
70790,0
70791,1
70792,1
70793,1
70794,0
70795,1
70796,1
70797,0
70798,1
70799,1
70800,1
70801,1
70802,0
70803,1
70804,1
70805,1
70806,1
70807,1
70808,0
70809,1
70810,1
70811,0
70812,1
70813,1
70814,0
70815,0
70816,0
70817,1
70818,0
70819,1
70820,0
70821,0
70822,0
70823,1
70824,1
70825,1
70826,0
70827,1
70828,1
70829,0
70830,0
70831,1
70832,1
70833,1
70834,1
70835,0
70836,1
70837,0
70838,1
70839,0
70840,1
70841,1
70842,0
70843,1
70844,1
70845,1
70846,0
70847,0
70848,0
70849,0
70850,0
70851,1
70852,1
70853,1
70854,0
70855,1
70856,1
70857,1
70858,1
70859,1
70860,1
70861,1
70862,0
70863,1
70864,0
70865,1
70866,1
70867,1
70868,1
70869,0
70870,1
70871,1
70872,1
70873,1
70874,1
70875,1
70876,0
70877,0
70878,0
70879,0
70880,0
70881,0
70882,1
70883,1
70884,0
70885,0
70886,1
70887,1
70888,0
70889,1
70890,1
70891,1
70892,0
70893,1
70894,1
70895,1
70896,0
70897,1
70898,1
70899,1
70900,1
70901,1
70902,0
70903,0
70904,1
70905,1
70906,1
70907,0
70908,1
70909,1
70910,1
70911,1
70912,1
70913,1
70914,0
70915,1
70916,0
70917,1
70918,1
70919,1
70920,1
70921,1
70922,1
70923,0
70924,0
70925,0
70926,1
70927,1
70928,0
70929,0
70930,1
70931,0
70932,1
70933,1
70934,1
70935,1
70936,0
70937,0
70938,0
70939,0
70940,1
70941,1
70942,1
70943,0
70944,1
70945,1
70946,0
70947,1
70948,0
70949,1
70950,0
70951,0
70952,0
70953,0
70954,1
70955,0
70956,0
70957,1
70958,0
70959,0
70960,0
70961,0
70962,0
70963,0
70964,0
70965,1
70966,1
70967,0
70968,1
70969,0
70970,1
70971,1
70972,1
70973,1
70974,1
70975,1
70976,1
70977,1
70978,0
70979,1
70980,1
70981,1
70982,0
70983,1
70984,1
70985,1
70986,1
70987,1
70988,0
70989,1
70990,0
70991,0
70992,1
70993,0
70994,1
70995,1
70996,1
70997,1
70998,1
70999,1
71000,1
71001,1
71002,1
71003,0
71004,1
71005,1
71006,0
71007,1
71008,0
71009,1
71010,0
71011,0
71012,1
71013,1
71014,1
71015,0
71016,1
71017,1
71018,0
71019,0
71020,0
71021,0
71022,1
71023,1
71024,1
71025,0
71026,1
71027,1
71028,1
71029,1
71030,1
71031,0
71032,1
71033,1
71034,0
71035,1
71036,0
71037,0
71038,1
71039,0
71040,0
71041,1
71042,1
71043,0
71044,1
71045,0
71046,1
71047,0
71048,1
71049,0
71050,0
71051,1
71052,1
71053,1
71054,1
71055,0
71056,0
71057,1
71058,0
71059,0
71060,1
71061,0
71062,1
71063,0
71064,1
71065,1
71066,1
71067,0
71068,1
71069,1
71070,1
71071,1
71072,0
71073,1
71074,1
71075,1
71076,0
71077,1
71078,1
71079,0
71080,0
71081,0
71082,0
71083,0
71084,0
71085,1
71086,0
71087,0
71088,1
71089,1
71090,1
71091,1
71092,1
71093,0
71094,0
71095,1
71096,1
71097,0
71098,1
71099,0
71100,1
71101,0
71102,1
71103,0
71104,1
71105,1
71106,0
71107,1
71108,0
71109,1
71110,1
71111,1
71112,1
71113,0
71114,1
71115,0
71116,0
71117,0
71118,1
71119,1
71120,1
71121,1
71122,1
71123,0
71124,1
71125,1
71126,1
71127,0
71128,1
71129,0
71130,1
71131,0
71132,1
71133,0
71134,0
71135,0
71136,1
71137,1
71138,1
71139,0
71140,1
71141,1
71142,0
71143,1
71144,1
71145,1
71146,0
71147,1
71148,1
71149,0
71150,0
71151,1
71152,0
71153,0
71154,0
71155,0
71156,1
71157,1
71158,0
71159,0
71160,0
71161,1
71162,0
71163,1
71164,0
71165,1
71166,0
71167,0
71168,0
71169,1
71170,0
71171,0
71172,1
71173,0
71174,1
71175,1
71176,1
71177,0
71178,0
71179,0
71180,1
71181,1
71182,1
71183,1
71184,1
71185,1
71186,0
71187,1
71188,1
71189,0
71190,1
71191,1
71192,0
71193,0
71194,1
71195,0
71196,1
71197,1
71198,1
71199,0
71200,1
71201,0
71202,0
71203,1
71204,1
71205,0
71206,0
71207,1
71208,1
71209,0
71210,1
71211,0
71212,0
71213,0
71214,1
71215,0
71216,1
71217,0
71218,1
71219,1
71220,1
71221,1
71222,1
71223,0
71224,1
71225,0
71226,1
71227,1
71228,1
71229,0
71230,0
71231,1
71232,0
71233,0
71234,1
71235,0
71236,0
71237,0
71238,1
71239,1
71240,1
71241,1
71242,1
71243,0
71244,1
71245,1
71246,1
71247,0
71248,1
71249,1
71250,0
71251,0
71252,1
71253,1
71254,0
71255,1
71256,1
71257,1
71258,0
71259,1
71260,1
71261,1
71262,0
71263,1
71264,0
71265,1
71266,1
71267,1
71268,0
71269,1
71270,0
71271,1
71272,0
71273,1
71274,0
71275,1
71276,1
71277,0
71278,1
71279,1
71280,0
71281,1
71282,1
71283,1
71284,0
71285,0
71286,1
71287,1
71288,1
71289,0
71290,1
71291,1
71292,0
71293,1
71294,1
71295,1
71296,0
71297,0
71298,1
71299,1
71300,0
71301,1
71302,0
71303,0
71304,1
71305,1
71306,1
71307,0
71308,1
71309,1
71310,1
71311,0
71312,1
71313,1
71314,1
71315,1
71316,1
71317,1
71318,1
71319,1
71320,0
71321,1
71322,1
71323,1
71324,0
71325,1
71326,1
71327,0
71328,1
71329,0
71330,1
71331,1
71332,1
71333,1
71334,0
71335,1
71336,1
71337,1
71338,0
71339,0
71340,1
71341,0
71342,1
71343,0
71344,1
71345,0
71346,0
71347,1
71348,0
71349,1
71350,1
71351,0
71352,0
71353,0
71354,1
71355,1
71356,1
71357,1
71358,1
71359,1
71360,1
71361,0
71362,0
71363,1
71364,1
71365,0
71366,0
71367,1
71368,0
71369,1
71370,1
71371,1
71372,1
71373,1
71374,1
71375,1
71376,1
71377,1
71378,1
71379,0
71380,1
71381,0
71382,1
71383,1
71384,1
71385,0
71386,0
71387,1
71388,0
71389,1
71390,1
71391,0
71392,1
71393,0
71394,1
71395,1
71396,1
71397,1
71398,1
71399,1
71400,0
71401,1
71402,1
71403,0
71404,0
71405,1
71406,0
71407,1
71408,1
71409,0
71410,0
71411,1
71412,1
71413,1
71414,1
71415,1
71416,1
71417,1
71418,1
71419,0
71420,1
71421,1
71422,1
71423,0
71424,1
71425,1
71426,1
71427,1
71428,1
71429,0
71430,1
71431,1
71432,0
71433,1
71434,1
71435,1
71436,0
71437,1
71438,1
71439,1
71440,0
71441,1
71442,0
71443,1
71444,1
71445,1
71446,1
71447,1
71448,0
71449,0
71450,0
71451,1
71452,1
71453,1
71454,0
71455,1
71456,0
71457,0
71458,0
71459,0
71460,1
71461,1
71462,1
71463,1
71464,1
71465,1
71466,1
71467,0
71468,1
71469,0
71470,1
71471,1
71472,1
71473,1
71474,1
71475,1
71476,1
71477,0
71478,1
71479,1
71480,1
71481,1
71482,0
71483,1
71484,0
71485,0
71486,1
71487,1
71488,0
71489,0
71490,0
71491,1
71492,1
71493,0
71494,1
71495,1
71496,0
71497,1
71498,1
71499,0
71500,1
71501,1
71502,0
71503,1
71504,1
71505,0
71506,1
71507,1
71508,0
71509,1
71510,0
71511,1
71512,0
71513,1
71514,1
71515,1
71516,1
71517,0
71518,1
71519,1
71520,1
71521,1
71522,1
71523,1
71524,0
71525,1
71526,1
71527,0
71528,1
71529,1
71530,0
71531,1
71532,1
71533,0
71534,0
71535,1
71536,0
71537,1
71538,1
71539,1
71540,0
71541,1
71542,1
71543,0
71544,1
71545,1
71546,0
71547,0
71548,1
71549,1
71550,0
71551,1
71552,1
71553,1
71554,1
71555,0
71556,1
71557,1
71558,1
71559,1
71560,1
71561,1
71562,1
71563,1
71564,0
71565,1
71566,1
71567,1
71568,1
71569,0
71570,0
71571,1
71572,0
71573,1
71574,1
71575,1
71576,1
71577,0
71578,0
71579,1
71580,1
71581,1
71582,1
71583,0
71584,0
71585,1
71586,0
71587,1
71588,0
71589,1
71590,1
71591,0
71592,0
71593,1
71594,1
71595,0
71596,1
71597,1
71598,1
71599,0
71600,1
71601,0
71602,1
71603,1
71604,1
71605,0
71606,1
71607,0
71608,0
71609,0
71610,1
71611,0
71612,1
71613,1
71614,1
71615,0
71616,1
71617,0
71618,0
71619,1
71620,1
71621,1
71622,0
71623,1
71624,1
71625,0
71626,1
71627,1
71628,1
71629,1
71630,1
71631,0
71632,1
71633,1
71634,0
71635,0
71636,1
71637,0
71638,1
71639,1
71640,1
71641,1
71642,1
71643,0
71644,1
71645,1
71646,1
71647,0
71648,0
71649,1
71650,1
71651,1
71652,1
71653,1
71654,1
71655,1
71656,1
71657,1
71658,0
71659,1
71660,0
71661,0
71662,0
71663,1
71664,1
71665,1
71666,1
71667,1
71668,1
71669,0
71670,1
71671,0
71672,1
71673,1
71674,1
71675,1
71676,1
71677,1
71678,1
71679,1
71680,1
71681,1
71682,1
71683,1
71684,0
71685,0
71686,1
71687,1
71688,0
71689,1
71690,1
71691,1
71692,1
71693,1
71694,0
71695,1
71696,1
71697,1
71698,1
71699,0
71700,0
71701,0
71702,1
71703,0
71704,1
71705,0
71706,1
71707,1
71708,1
71709,1
71710,1
71711,1
71712,1
71713,0
71714,0
71715,1
71716,0
71717,0
71718,1
71719,1
71720,0
71721,1
71722,1
71723,1
71724,0
71725,0
71726,1
71727,0
71728,1
71729,1
71730,1
71731,1
71732,1
71733,0
71734,1
71735,1
71736,1
71737,1
71738,1
71739,1
71740,1
71741,0
71742,1
71743,1
71744,1
71745,1
71746,0
71747,0
71748,1
71749,1
71750,1
71751,1
71752,0
71753,1
71754,0
71755,0
71756,1
71757,1
71758,1
71759,1
71760,0
71761,0
71762,0
71763,0
71764,1
71765,1
71766,0
71767,1
71768,1
71769,1
71770,1
71771,1
71772,1
71773,1
71774,0
71775,1
71776,1
71777,1
71778,1
71779,1
71780,1
71781,1
71782,0
71783,0
71784,1
71785,1
71786,1
71787,1
71788,0
71789,1
71790,0
71791,0
71792,1
71793,1
71794,1
71795,1
71796,1
71797,1
71798,1
71799,1
71800,1
71801,1
71802,0
71803,1
71804,1
71805,1
71806,1
71807,1
71808,0
71809,0
71810,0
71811,1
71812,1
71813,1
71814,1
71815,1
71816,1
71817,1
71818,1
71819,1
71820,1
71821,0
71822,0
71823,1
71824,1
71825,1
71826,0
71827,0
71828,1
71829,1
71830,1
71831,1
71832,1
71833,1
71834,1
71835,1
71836,1
71837,0
71838,0
71839,0
71840,0
71841,0
71842,1
71843,0
71844,1
71845,1
71846,0
71847,0
71848,0
71849,0
71850,0
71851,0
71852,1
71853,1
71854,1
71855,0
71856,1
71857,0
71858,0
71859,1
71860,1
71861,1
71862,1
71863,1
71864,1
71865,1
71866,0
71867,0
71868,1
71869,0
71870,0
71871,1
71872,1
71873,0
71874,1
71875,0
71876,1
71877,1
71878,1
71879,0
71880,1
71881,1
71882,1
71883,1
71884,1
71885,1
71886,1
71887,0
71888,0
71889,0
71890,1
71891,1
71892,0
71893,0
71894,1
71895,1
71896,1
71897,0
71898,1
71899,0
71900,0
71901,0
71902,0
71903,0
71904,1
71905,1
71906,0
71907,0
71908,0
71909,1
71910,1
71911,0
71912,1
71913,1
71914,1
71915,0
71916,1
71917,1
71918,1
71919,1
71920,1
71921,1
71922,1
71923,1
71924,1
71925,1
71926,1
71927,1
71928,1
71929,0
71930,1
71931,0
71932,1
71933,0
71934,1
71935,1
71936,1
71937,1
71938,1
71939,0
71940,0
71941,0
71942,1
71943,0
71944,1
71945,0
71946,1
71947,0
71948,0
71949,0
71950,0
71951,1
71952,1
71953,1
71954,1
71955,1
71956,0
71957,0
71958,1
71959,1
71960,0
71961,1
71962,1
71963,1
71964,0
71965,1
71966,1
71967,1
71968,0
71969,1
71970,0
71971,1
71972,1
71973,1
71974,1
71975,0
71976,1
71977,0
71978,0
71979,0
71980,0
71981,0
71982,0
71983,1
71984,1
71985,1
71986,0
71987,1
71988,0
71989,1
71990,1
71991,1
71992,1
71993,0
71994,1
71995,1
71996,0
71997,1
71998,1
71999,0
72000,1
72001,1
72002,0
72003,0
72004,0
72005,1
72006,1
72007,1
72008,0
72009,0
72010,0
72011,1
72012,1
72013,1
72014,0
72015,1
72016,0
72017,1
72018,0
72019,0
72020,1
72021,1
72022,0
72023,1
72024,0
72025,0
72026,1
72027,1
72028,1
72029,0
72030,1
72031,1
72032,0
72033,0
72034,1
72035,1
72036,1
72037,1
72038,1
72039,1
72040,1
72041,1
72042,1
72043,1
72044,1
72045,1
72046,1
72047,1
72048,1
72049,1
72050,0
72051,1
72052,1
72053,1
72054,1
72055,1
72056,1
72057,0
72058,1
72059,0
72060,1
72061,0
72062,1
72063,0
72064,1
72065,1
72066,1
72067,0
72068,0
72069,0
72070,1
72071,0
72072,1
72073,1
72074,1
72075,1
72076,1
72077,0
72078,0
72079,1
72080,0
72081,1
72082,1
72083,1
72084,0
72085,1
72086,0
72087,1
72088,1
72089,0
72090,1
72091,0
72092,0
72093,1
72094,0
72095,0
72096,1
72097,1
72098,1
72099,1
72100,1
72101,1
72102,0
72103,1
72104,1
72105,0
72106,1
72107,0
72108,1
72109,0
72110,1
72111,1
72112,0
72113,1
72114,0
72115,0
72116,1
72117,0
72118,1
72119,0
72120,1
72121,1
72122,1
72123,0
72124,0
72125,0
72126,1
72127,1
72128,1
72129,1
72130,1
72131,0
72132,1
72133,0
72134,0
72135,1
72136,0
72137,1
72138,1
72139,1
72140,1
72141,0
72142,0
72143,1
72144,1
72145,1
72146,1
72147,1
72148,1
72149,1
72150,0
72151,1
72152,1
72153,0
72154,0
72155,0
72156,1
72157,1
72158,1
72159,1
72160,0
72161,1
72162,1
72163,0
72164,1
72165,1
72166,1
72167,1
72168,0
72169,0
72170,0
72171,1
72172,1
72173,0
72174,1
72175,1
72176,0
72177,1
72178,0
72179,1
72180,1
72181,1
72182,0
72183,0
72184,1
72185,1
72186,1
72187,0
72188,1
72189,1
72190,1
72191,1
72192,1
72193,1
72194,1
72195,1
72196,1
72197,1
72198,0
72199,1
72200,1
72201,1
72202,1
72203,1
72204,1
72205,1
72206,1
72207,1
72208,1
72209,1
72210,0
72211,1
72212,1
72213,1
72214,1
72215,1
72216,0
72217,1
72218,1
72219,0
72220,1
72221,1
72222,1
72223,1
72224,1
72225,1
72226,1
72227,1
72228,0
72229,1
72230,1
72231,0
72232,1
72233,1
72234,0
72235,0
72236,1
72237,1
72238,0
72239,1
72240,1
72241,1
72242,1
72243,0
72244,1
72245,1
72246,0
72247,0
72248,1
72249,1
72250,1
72251,1
72252,0
72253,1
72254,1
72255,1
72256,1
72257,1
72258,1
72259,0
72260,1
72261,1
72262,1
72263,1
72264,1
72265,1
72266,0
72267,1
72268,0
72269,1
72270,1
72271,1
72272,1
72273,1
72274,0
72275,1
72276,0
72277,0
72278,0
72279,0
72280,1
72281,1
72282,1
72283,1
72284,0
72285,1
72286,0
72287,0
72288,0
72289,1
72290,1
72291,0
72292,1
72293,1
72294,1
72295,1
72296,1
72297,1
72298,1
72299,1
72300,0
72301,1
72302,0
72303,1
72304,1
72305,1
72306,1
72307,1
72308,1
72309,1
72310,0
72311,1
72312,0
72313,0
72314,1
72315,1
72316,1
72317,1
72318,1
72319,0
72320,0
72321,1
72322,0
72323,1
72324,1
72325,0
72326,1
72327,1
72328,1
72329,0
72330,0
72331,0
72332,1
72333,1
72334,1
72335,1
72336,1
72337,1
72338,1
72339,1
72340,0
72341,0
72342,1
72343,1
72344,0
72345,1
72346,1
72347,1
72348,1
72349,0
72350,0
72351,1
72352,1
72353,0
72354,0
72355,0
72356,0
72357,1
72358,1
72359,0
72360,1
72361,0
72362,0
72363,1
72364,1
72365,1
72366,1
72367,0
72368,1
72369,1
72370,1
72371,1
72372,1
72373,0
72374,0
72375,0
72376,1
72377,1
72378,0
72379,0
72380,1
72381,1
72382,1
72383,0
72384,1
72385,1
72386,1
72387,0
72388,0
72389,0
72390,1
72391,1
72392,0
72393,0
72394,1
72395,1
72396,1
72397,0
72398,1
72399,0
72400,1
72401,1
72402,1
72403,1
72404,0
72405,0
72406,1
72407,1
72408,0
72409,0
72410,1
72411,1
72412,0
72413,1
72414,0
72415,1
72416,1
72417,1
72418,1
72419,0
72420,1
72421,0
72422,0
72423,1
72424,0
72425,1
72426,1
72427,0
72428,0
72429,1
72430,1
72431,1
72432,1
72433,1
72434,0
72435,1
72436,0
72437,1
72438,1
72439,1
72440,0
72441,1
72442,0
72443,1
72444,1
72445,1
72446,1
72447,1
72448,1
72449,1
72450,1
72451,1
72452,0
72453,0
72454,0
72455,0
72456,1
72457,0
72458,1
72459,1
72460,1
72461,0
72462,1
72463,1
72464,1
72465,1
72466,0
72467,1
72468,1
72469,1
72470,0
72471,1
72472,0
72473,0
72474,0
72475,1
72476,1
72477,1
72478,1
72479,0
72480,0
72481,1
72482,1
72483,0
72484,0
72485,0
72486,1
72487,1
72488,0
72489,0
72490,1
72491,1
72492,0
72493,0
72494,0
72495,1
72496,1
72497,0
72498,1
72499,1
72500,1
72501,1
72502,1
72503,1
72504,0
72505,1
72506,0
72507,0
72508,1
72509,1
72510,1
72511,1
72512,1
72513,0
72514,1
72515,0
72516,1
72517,1
72518,1
72519,0
72520,0
72521,1
72522,0
72523,1
72524,1
72525,0
72526,0
72527,1
72528,1
72529,1
72530,0
72531,1
72532,0
72533,0
72534,0
72535,1
72536,1
72537,1
72538,1
72539,1
72540,1
72541,1
72542,0
72543,1
72544,0
72545,1
72546,0
72547,1
72548,1
72549,1
72550,0
72551,0
72552,1
72553,0
72554,1
72555,0
72556,0
72557,1
72558,1
72559,0
72560,0
72561,1
72562,1
72563,1
72564,0
72565,1
72566,1
72567,0
72568,0
72569,1
72570,1
72571,1
72572,1
72573,1
72574,1
72575,0
72576,1
72577,1
72578,0
72579,1
72580,0
72581,1
72582,1
72583,1
72584,1
72585,1
72586,1
72587,1
72588,1
72589,0
72590,1
72591,1
72592,1
72593,1
72594,0
72595,0
72596,1
72597,1
72598,1
72599,1
72600,1
72601,1
72602,1
72603,1
72604,1
72605,0
72606,1
72607,0
72608,1
72609,1
72610,1
72611,1
72612,0
72613,0
72614,0
72615,0
72616,0
72617,1
72618,0
72619,0
72620,1
72621,0
72622,1
72623,1
72624,1
72625,1
72626,0
72627,1
72628,1
72629,1
72630,1
72631,1
72632,0
72633,1
72634,1
72635,1
72636,0
72637,0
72638,1
72639,1
72640,0
72641,1
72642,1
72643,0
72644,1
72645,1
72646,0
72647,1
72648,1
72649,1
72650,1
72651,1
72652,1
72653,1
72654,0
72655,1
72656,1
72657,0
72658,1
72659,1
72660,1
72661,1
72662,0
72663,1
72664,1
72665,1
72666,1
72667,0
72668,1
72669,1
72670,1
72671,0
72672,0
72673,1
72674,1
72675,1
72676,0
72677,0
72678,0
72679,0
72680,1
72681,1
72682,1
72683,1
72684,0
72685,1
72686,1
72687,0
72688,1
72689,0
72690,1
72691,0
72692,0
72693,1
72694,1
72695,1
72696,0
72697,0
72698,1
72699,1
72700,0
72701,0
72702,0
72703,0
72704,0
72705,1
72706,1
72707,1
72708,1
72709,1
72710,1
72711,1
72712,1
72713,1
72714,1
72715,1
72716,1
72717,1
72718,0
72719,0
72720,1
72721,1
72722,1
72723,1
72724,1
72725,1
72726,0
72727,1
72728,1
72729,1
72730,0
72731,0
72732,1
72733,0
72734,0
72735,1
72736,0
72737,1
72738,1
72739,1
72740,1
72741,1
72742,1
72743,0
72744,1
72745,1
72746,1
72747,1
72748,0
72749,1
72750,0
72751,1
72752,1
72753,0
72754,1
72755,1
72756,1
72757,0
72758,1
72759,1
72760,1
72761,1
72762,0
72763,1
72764,0
72765,1
72766,1
72767,1
72768,0
72769,1
72770,1
72771,1
72772,1
72773,1
72774,0
72775,0
72776,1
72777,1
72778,0
72779,0
72780,1
72781,0
72782,1
72783,1
72784,0
72785,1
72786,1
72787,1
72788,1
72789,0
72790,1
72791,1
72792,0
72793,1
72794,1
72795,0
72796,1
72797,0
72798,0
72799,1
72800,1
72801,0
72802,0
72803,0
72804,1
72805,1
72806,1
72807,1
72808,1
72809,1
72810,1
72811,0
72812,1
72813,1
72814,1
72815,0
72816,0
72817,1
72818,0
72819,1
72820,0
72821,0
72822,0
72823,0
72824,1
72825,0
72826,0
72827,1
72828,1
72829,0
72830,1
72831,0
72832,0
72833,1
72834,0
72835,0
72836,0
72837,1
72838,1
72839,1
72840,0
72841,1
72842,1
72843,1
72844,0
72845,0
72846,1
72847,1
72848,1
72849,0
72850,1
72851,1
72852,0
72853,0
72854,1
72855,0
72856,0
72857,0
72858,0
72859,0
72860,0
72861,1
72862,1
72863,1
72864,1
72865,1
72866,1
72867,1
72868,1
72869,1
72870,0
72871,1
72872,1
72873,1
72874,0
72875,0
72876,1
72877,1
72878,1
72879,0
72880,1
72881,1
72882,1
72883,1
72884,0
72885,1
72886,1
72887,1
72888,0
72889,0
72890,0
72891,1
72892,1
72893,1
72894,1
72895,0
72896,1
72897,0
72898,1
72899,1
72900,0
72901,0
72902,0
72903,1
72904,1
72905,1
72906,0
72907,1
72908,1
72909,1
72910,1
72911,1
72912,1
72913,1
72914,1
72915,1
72916,0
72917,1
72918,0
72919,1
72920,0
72921,0
72922,1
72923,0
72924,0
72925,0
72926,0
72927,0
72928,1
72929,1
72930,0
72931,0
72932,1
72933,1
72934,0
72935,1
72936,0
72937,1
72938,0
72939,1
72940,1
72941,0
72942,0
72943,1
72944,0
72945,1
72946,0
72947,1
72948,1
72949,0
72950,1
72951,1
72952,1
72953,0
72954,1
72955,1
72956,1
72957,1
72958,1
72959,1
72960,1
72961,1
72962,1
72963,0
72964,0
72965,0
72966,1
72967,1
72968,0
72969,1
72970,0
72971,0
72972,1
72973,1
72974,1
72975,1
72976,1
72977,1
72978,1
72979,1
72980,1
72981,1
72982,1
72983,1
72984,0
72985,1
72986,1
72987,1
72988,1
72989,0
72990,1
72991,1
72992,1
72993,0
72994,1
72995,1
72996,0
72997,1
72998,1
72999,1
73000,0
73001,1
73002,1
73003,0
73004,1
73005,0
73006,1
73007,1
73008,0
73009,0
73010,0
73011,1
73012,1
73013,1
73014,0
73015,0
73016,0
73017,0
73018,0
73019,1
73020,1
73021,1
73022,1
73023,0
73024,1
73025,1
73026,1
73027,1
73028,1
73029,1
73030,1
73031,0
73032,0
73033,0
73034,1
73035,1
73036,0
73037,1
73038,1
73039,1
73040,1
73041,1
73042,1
73043,1
73044,1
73045,1
73046,1
73047,0
73048,0
73049,0
73050,0
73051,1
73052,0
73053,1
73054,1
73055,0
73056,0
73057,1
73058,0
73059,1
73060,0
73061,0
73062,1
73063,0
73064,0
73065,1
73066,1
73067,1
73068,1
73069,0
73070,1
73071,1
73072,1
73073,1
73074,0
73075,1
73076,1
73077,1
73078,1
73079,1
73080,1
73081,1
73082,1
73083,0
73084,0
73085,1
73086,1
73087,1
73088,0
73089,1
73090,0
73091,0
73092,1
73093,1
73094,0
73095,1
73096,1
73097,1
73098,0
73099,0
73100,1
73101,0
73102,1
73103,0
73104,1
73105,0
73106,0
73107,1
73108,1
73109,0
73110,0
73111,1
73112,1
73113,1
73114,0
73115,0
73116,0
73117,1
73118,1
73119,0
73120,1
73121,1
73122,1
73123,0
73124,1
73125,1
73126,0
73127,0
73128,1
73129,0
73130,1
73131,1
73132,1
73133,0
73134,1
73135,1
73136,0
73137,1
73138,1
73139,0
73140,1
73141,1
73142,1
73143,0
73144,1
73145,1
73146,0
73147,1
73148,1
73149,1
73150,0
73151,1
73152,0
73153,1
73154,1
73155,1
73156,0
73157,1
73158,0
73159,1
73160,1
73161,1
73162,0
73163,1
73164,1
73165,0
73166,0
73167,0
73168,0
73169,1
73170,1
73171,1
73172,1
73173,1
73174,1
73175,1
73176,1
73177,0
73178,0
73179,0
73180,0
73181,0
73182,1
73183,0
73184,1
73185,1
73186,0
73187,1
73188,0
73189,0
73190,0
73191,1
73192,1
73193,0
73194,1
73195,1
73196,1
73197,0
73198,1
73199,1
73200,0
73201,1
73202,1
73203,1
73204,0
73205,1
73206,0
73207,0
73208,1
73209,0
73210,1
73211,0
73212,1
73213,1
73214,0
73215,1
73216,1
73217,0
73218,0
73219,0
73220,0
73221,0
73222,0
73223,0
73224,1
73225,0
73226,1
73227,1
73228,0
73229,0
73230,1
73231,0
73232,0
73233,0
73234,0
73235,1
73236,1
73237,1
73238,1
73239,1
73240,1
73241,0
73242,1
73243,1
73244,1
73245,1
73246,0
73247,1
73248,1
73249,0
73250,1
73251,1
73252,1
73253,1
73254,1
73255,1
73256,0
73257,1
73258,0
73259,0
73260,0
73261,1
73262,1
73263,0
73264,1
73265,0
73266,1
73267,0
73268,0
73269,1
73270,0
73271,1
73272,0
73273,0
73274,0
73275,0
73276,1
73277,0
73278,0
73279,1
73280,1
73281,1
73282,1
73283,1
73284,1
73285,1
73286,0
73287,1
73288,0
73289,0
73290,0
73291,0
73292,1
73293,1
73294,1
73295,0
73296,1
73297,1
73298,0
73299,0
73300,0
73301,0
73302,1
73303,0
73304,0
73305,0
73306,1
73307,1
73308,0
73309,1
73310,1
73311,1
73312,0
73313,0
73314,0
73315,1
73316,1
73317,1
73318,0
73319,1
73320,0
73321,1
73322,1
73323,0
73324,1
73325,1
73326,0
73327,1
73328,1
73329,1
73330,0
73331,1
73332,0
73333,1
73334,0
73335,1
73336,0
73337,1
73338,1
73339,0
73340,1
73341,1
73342,1
73343,1
73344,0
73345,1
73346,1
73347,0
73348,1
73349,0
73350,0
73351,0
73352,0
73353,1
73354,1
73355,0
73356,0
73357,1
73358,0
73359,0
73360,1
73361,1
73362,0
73363,1
73364,1
73365,1
73366,1
73367,0
73368,1
73369,1
73370,1
73371,0
73372,1
73373,1
73374,0
73375,1
73376,1
73377,1
73378,0
73379,0
73380,0
73381,0
73382,1
73383,0
73384,0
73385,1
73386,1
73387,1
73388,1
73389,1
73390,1
73391,0
73392,1
73393,0
73394,1
73395,0
73396,0
73397,1
73398,1
73399,0
73400,1
73401,1
73402,1
73403,1
73404,1
73405,1
73406,0
73407,0
73408,1
73409,1
73410,1
73411,0
73412,1
73413,1
73414,1
73415,1
73416,1
73417,1
73418,1
73419,0
73420,0
73421,1
73422,1
73423,1
73424,0
73425,1
73426,1
73427,1
73428,1
73429,0
73430,0
73431,1
73432,0
73433,1
73434,1
73435,1
73436,1
73437,1
73438,0
73439,1
73440,1
73441,1
73442,0
73443,0
73444,1
73445,1
73446,1
73447,1
73448,0
73449,1
73450,1
73451,1
73452,1
73453,1
73454,1
73455,1
73456,1
73457,1
73458,1
73459,1
73460,0
73461,1
73462,1
73463,0
73464,0
73465,1
73466,1
73467,0
73468,1
73469,1
73470,1
73471,1
73472,0
73473,1
73474,1
73475,1
73476,0
73477,1
73478,0
73479,0
73480,1
73481,1
73482,1
73483,1
73484,1
73485,1
73486,1
73487,1
73488,1
73489,0
73490,1
73491,1
73492,1
73493,1
73494,1
73495,0
73496,1
73497,0
73498,0
73499,1
73500,0
73501,0
73502,0
73503,0
73504,1
73505,0
73506,1
73507,1
73508,0
73509,0
73510,1
73511,0
73512,0
73513,0
73514,0
73515,0
73516,0
73517,0
73518,1
73519,1
73520,0
73521,1
73522,1
73523,1
73524,1
73525,1
73526,0
73527,1
73528,1
73529,0
73530,1
73531,0
73532,1
73533,1
73534,0
73535,0
73536,1
73537,0
73538,0
73539,1
73540,0
73541,1
73542,1
73543,0
73544,1
73545,1
73546,1
73547,0
73548,1
73549,0
73550,1
73551,1
73552,1
73553,1
73554,0
73555,1
73556,1
73557,1
73558,1
73559,1
73560,0
73561,1
73562,0
73563,0
73564,1
73565,1
73566,1
73567,0
73568,1
73569,1
73570,0
73571,0
73572,1
73573,1
73574,0
73575,0
73576,0
73577,0
73578,0
73579,1
73580,1
73581,1
73582,1
73583,1
73584,0
73585,1
73586,1
73587,1
73588,0
73589,1
73590,1
73591,1
73592,0
73593,1
73594,1
73595,0
73596,0
73597,1
73598,1
73599,0
73600,1
73601,0
73602,1
73603,0
73604,0
73605,0
73606,0
73607,1
73608,1
73609,0
73610,1
73611,1
73612,1
73613,1
73614,1
73615,1
73616,0
73617,1
73618,1
73619,1
73620,0
73621,0
73622,1
73623,0
73624,0
73625,0
73626,1
73627,1
73628,1
73629,0
73630,1
73631,1
73632,1
73633,1
73634,1
73635,1
73636,1
73637,1
73638,0
73639,0
73640,0
73641,1
73642,0
73643,1
73644,0
73645,0
73646,1
73647,1
73648,0
73649,1
73650,0
73651,1
73652,1
73653,0
73654,1
73655,0
73656,1
73657,0
73658,0
73659,0
73660,1
73661,1
73662,1
73663,1
73664,1
73665,0
73666,1
73667,1
73668,1
73669,1
73670,0
73671,0
73672,1
73673,1
73674,0
73675,1
73676,0
73677,1
73678,0
73679,1
73680,1
73681,1
73682,1
73683,0
73684,1
73685,1
73686,1
73687,1
73688,1
73689,1
73690,1
73691,0
73692,1
73693,1
73694,1
73695,0
73696,1
73697,1
73698,1
73699,0
73700,1
73701,0
73702,1
73703,1
73704,1
73705,1
73706,1
73707,1
73708,1
73709,1
73710,1
73711,0
73712,1
73713,0
73714,1
73715,0
73716,1
73717,1
73718,0
73719,0
73720,1
73721,1
73722,0
73723,0
73724,1
73725,1
73726,0
73727,0
73728,0
73729,1
73730,0
73731,1
73732,1
73733,1
73734,1
73735,0
73736,1
73737,1
73738,1
73739,1
73740,1
73741,0
73742,1
73743,1
73744,1
73745,1
73746,0
73747,0
73748,1
73749,1
73750,1
73751,1
73752,0
73753,1
73754,1
73755,1
73756,1
73757,1
73758,1
73759,1
73760,1
73761,0
73762,0
73763,1
73764,1
73765,1
73766,1
73767,1
73768,0
73769,0
73770,0
73771,1
73772,1
73773,1
73774,0
73775,1
73776,1
73777,1
73778,1
73779,0
73780,1
73781,0
73782,1
73783,1
73784,1
73785,1
73786,1
73787,1
73788,1
73789,1
73790,1
73791,0
73792,1
73793,1
73794,1
73795,1
73796,0
73797,0
73798,1
73799,1
73800,1
73801,1
73802,1
73803,0
73804,0
73805,1
73806,0
73807,1
73808,1
73809,1
73810,1
73811,0
73812,1
73813,0
73814,1
73815,1
73816,1
73817,1
73818,1
73819,0
73820,1
73821,0
73822,0
73823,1
73824,0
73825,0
73826,0
73827,1
73828,0
73829,1
73830,1
73831,0
73832,0
73833,0
73834,0
73835,1
73836,0
73837,1
73838,1
73839,0
73840,1
73841,1
73842,0
73843,1
73844,0
73845,1
73846,1
73847,0
73848,0
73849,1
73850,1
73851,0
73852,0
73853,0
73854,1
73855,1
73856,1
73857,0
73858,1
73859,0
73860,1
73861,1
73862,1
73863,1
73864,0
73865,0
73866,1
73867,1
73868,1
73869,1
73870,1
73871,0
73872,1
73873,1
73874,1
73875,0
73876,0
73877,1
73878,1
73879,0
73880,0
73881,1
73882,0
73883,0
73884,0
73885,0
73886,0
73887,1
73888,1
73889,1
73890,0
73891,0
73892,1
73893,1
73894,1
73895,1
73896,0
73897,0
73898,1
73899,1
73900,0
73901,1
73902,1
73903,1
73904,0
73905,1
73906,0
73907,0
73908,1
73909,0
73910,0
73911,0
73912,1
73913,1
73914,0
73915,1
73916,1
73917,1
73918,1
73919,0
73920,0
73921,1
73922,1
73923,1
73924,1
73925,1
73926,1
73927,0
73928,1
73929,1
73930,1
73931,1
73932,1
73933,0
73934,1
73935,1
73936,0
73937,0
73938,1
73939,0
73940,1
73941,0
73942,1
73943,1
73944,0
73945,0
73946,0
73947,1
73948,1
73949,0
73950,0
73951,1
73952,1
73953,1
73954,1
73955,1
73956,0
73957,1
73958,1
73959,1
73960,1
73961,1
73962,1
73963,1
73964,0
73965,0
73966,0
73967,0
73968,1
73969,0
73970,0
73971,1
73972,1
73973,1
73974,1
73975,0
73976,0
73977,1
73978,0
73979,0
73980,1
73981,1
73982,1
73983,1
73984,1
73985,1
73986,0
73987,1
73988,1
73989,1
73990,1
73991,1
73992,0
73993,1
73994,0
73995,0
73996,1
73997,1
73998,0
73999,1
74000,0
74001,0
74002,1
74003,1
74004,1
74005,1
74006,1
74007,1
74008,0
74009,1
74010,1
74011,1
74012,0
74013,0
74014,0
74015,1
74016,0
74017,1
74018,1
74019,1
74020,0
74021,1
74022,0
74023,0
74024,0
74025,1
74026,0
74027,0
74028,1
74029,1
74030,1
74031,1
74032,1
74033,1
74034,1
74035,0
74036,0
74037,0
74038,1
74039,1
74040,0
74041,0
74042,0
74043,0
74044,0
74045,0
74046,0
74047,1
74048,0
74049,1
74050,1
74051,1
74052,1
74053,1
74054,0
74055,1
74056,1
74057,1
74058,1
74059,1
74060,1
74061,0
74062,1
74063,0
74064,1
74065,1
74066,0
74067,1
74068,1
74069,1
74070,0
74071,0
74072,0
74073,1
74074,0
74075,1
74076,0
74077,0
74078,0
74079,1
74080,1
74081,0
74082,0
74083,1
74084,0
74085,0
74086,0
74087,0
74088,0
74089,0
74090,1
74091,1
74092,0
74093,1
74094,0
74095,1
74096,1
74097,1
74098,0
74099,0
74100,1
74101,1
74102,1
74103,0
74104,0
74105,1
74106,1
74107,1
74108,1
74109,1
74110,1
74111,1
74112,0
74113,1
74114,1
74115,1
74116,1
74117,1
74118,1
74119,1
74120,1
74121,1
74122,0
74123,1
74124,1
74125,0
74126,0
74127,0
74128,1
74129,1
74130,1
74131,1
74132,0
74133,0
74134,0
74135,1
74136,1
74137,0
74138,0
74139,1
74140,1
74141,0
74142,1
74143,1
74144,0
74145,1
74146,0
74147,0
74148,1
74149,0
74150,1
74151,0
74152,0
74153,1
74154,0
74155,1
74156,1
74157,1
74158,1
74159,1
74160,1
74161,1
74162,1
74163,1
74164,1
74165,1
74166,1
74167,1
74168,1
74169,1
74170,0
74171,1
74172,1
74173,1
74174,1
74175,1
74176,0
74177,0
74178,0
74179,1
74180,1
74181,0
74182,0
74183,1
74184,1
74185,0
74186,1
74187,1
74188,0
74189,1
74190,0
74191,0
74192,1
74193,1
74194,1
74195,0
74196,1
74197,1
74198,1
74199,1
74200,1
74201,1
74202,1
74203,0
74204,0
74205,0
74206,1
74207,0
74208,1
74209,0
74210,1
74211,1
74212,1
74213,0
74214,1
74215,0
74216,1
74217,1
74218,0
74219,1
74220,1
74221,1
74222,1
74223,0
74224,0
74225,1
74226,0
74227,0
74228,1
74229,0
74230,1
74231,1
74232,1
74233,1
74234,1
74235,0
74236,1
74237,0
74238,1
74239,1
74240,0
74241,0
74242,1
74243,1
74244,1
74245,0
74246,0
74247,0
74248,1
74249,1
74250,0
74251,1
74252,1
74253,1
74254,1
74255,0
74256,0
74257,1
74258,1
74259,0
74260,0
74261,1
74262,0
74263,0
74264,0
74265,1
74266,0
74267,0
74268,1
74269,0
74270,1
74271,0
74272,0
74273,0
74274,0
74275,0
74276,0
74277,0
74278,0
74279,1
74280,1
74281,1
74282,0
74283,1
74284,1
74285,1
74286,0
74287,1
74288,1
74289,1
74290,1
74291,1
74292,0
74293,0
74294,1
74295,0
74296,1
74297,0
74298,0
74299,1
74300,0
74301,1
74302,1
74303,1
74304,0
74305,1
74306,0
74307,1
74308,0
74309,1
74310,1
74311,1
74312,1
74313,1
74314,0
74315,0
74316,1
74317,0
74318,0
74319,1
74320,1
74321,0
74322,1
74323,0
74324,1
74325,0
74326,1
74327,1
74328,1
74329,1
74330,0
74331,0
74332,0
74333,1
74334,1
74335,1
74336,1
74337,0
74338,0
74339,1
74340,0
74341,1
74342,1
74343,0
74344,1
74345,1
74346,1
74347,1
74348,1
74349,1
74350,1
74351,1
74352,1
74353,0
74354,1
74355,0
74356,0
74357,1
74358,1
74359,1
74360,1
74361,0
74362,1
74363,1
74364,1
74365,0
74366,0
74367,0
74368,1
74369,0
74370,1
74371,1
74372,0
74373,1
74374,0
74375,1
74376,1
74377,1
74378,0
74379,0
74380,1
74381,1
74382,1
74383,0
74384,1
74385,1
74386,1
74387,1
74388,1
74389,1
74390,0
74391,1
74392,1
74393,0
74394,0
74395,0
74396,1
74397,1
74398,1
74399,1
74400,1
74401,0
74402,0
74403,1
74404,1
74405,1
74406,1
74407,1
74408,0
74409,0
74410,0
74411,1
74412,0
74413,1
74414,1
74415,0
74416,1
74417,1
74418,0
74419,0
74420,0
74421,1
74422,0
74423,1
74424,0
74425,0
74426,1
74427,1
74428,1
74429,0
74430,0
74431,0
74432,1
74433,0
74434,1
74435,1
74436,1
74437,0
74438,1
74439,0
74440,1
74441,1
74442,1
74443,0
74444,0
74445,0
74446,1
74447,1
74448,1
74449,1
74450,0
74451,1
74452,0
74453,1
74454,1
74455,1
74456,1
74457,1
74458,1
74459,1
74460,1
74461,0
74462,0
74463,1
74464,0
74465,0
74466,0
74467,1
74468,1
74469,1
74470,1
74471,1
74472,1
74473,1
74474,0
74475,1
74476,0
74477,0
74478,0
74479,1
74480,1
74481,1
74482,1
74483,1
74484,1
74485,1
74486,0
74487,1
74488,1
74489,1
74490,0
74491,1
74492,1
74493,1
74494,1
74495,0
74496,1
74497,1
74498,1
74499,0
74500,1
74501,1
74502,1
74503,1
74504,1
74505,1
74506,1
74507,1
74508,0
74509,1
74510,1
74511,0
74512,1
74513,1
74514,0
74515,0
74516,1
74517,1
74518,0
74519,0
74520,0
74521,1
74522,0
74523,1
74524,0
74525,1
74526,0
74527,1
74528,0
74529,1
74530,1
74531,0
74532,1
74533,1
74534,1
74535,1
74536,0
74537,0
74538,0
74539,0
74540,1
74541,1
74542,1
74543,0
74544,1
74545,1
74546,1
74547,1
74548,0
74549,1
74550,1
74551,1
74552,1
74553,0
74554,0
74555,0
74556,1
74557,1
74558,1
74559,0
74560,1
74561,1
74562,1
74563,1
74564,0
74565,0
74566,1
74567,1
74568,0
74569,1
74570,1
74571,0
74572,1
74573,0
74574,1
74575,1
74576,1
74577,1
74578,1
74579,0
74580,0
74581,1
74582,1
74583,1
74584,1
74585,1
74586,0
74587,1
74588,0
74589,1
74590,1
74591,1
74592,1
74593,1
74594,0
74595,0
74596,1
74597,1
74598,0
74599,0
74600,1
74601,0
74602,1
74603,1
74604,0
74605,1
74606,1
74607,0
74608,0
74609,1
74610,0
74611,0
74612,0
74613,0
74614,1
74615,0
74616,0
74617,1
74618,1
74619,0
74620,1
74621,0
74622,1
74623,0
74624,0
74625,1
74626,0
74627,1
74628,1
74629,0
74630,0
74631,1
74632,1
74633,0
74634,0
74635,0
74636,1
74637,0
74638,1
74639,0
74640,1
74641,1
74642,1
74643,1
74644,1
74645,1
74646,1
74647,1
74648,0
74649,0
74650,1
74651,1
74652,0
74653,1
74654,1
74655,1
74656,1
74657,0
74658,1
74659,1
74660,0
74661,0
74662,1
74663,0
74664,1
74665,0
74666,1
74667,0
74668,1
74669,1
74670,1
74671,1
74672,1
74673,1
74674,1
74675,0
74676,0
74677,0
74678,1
74679,1
74680,1
74681,1
74682,0
74683,0
74684,0
74685,1
74686,0
74687,1
74688,1
74689,1
74690,1
74691,0
74692,1
74693,0
74694,1
74695,1
74696,0
74697,0
74698,1
74699,0
74700,1
74701,1
74702,1
74703,1
74704,0
74705,1
74706,0
74707,1
74708,0
74709,1
74710,1
74711,1
74712,1
74713,0
74714,1
74715,1
74716,1
74717,0
74718,0
74719,0
74720,0
74721,1
74722,1
74723,0
74724,1
74725,1
74726,1
74727,1
74728,1
74729,0
74730,1
74731,1
74732,1
74733,1
74734,1
74735,1
74736,0
74737,1
74738,0
74739,1
74740,1
74741,1
74742,1
74743,0
74744,1
74745,1
74746,1
74747,0
74748,1
74749,1
74750,1
74751,1
74752,0
74753,0
74754,1
74755,1
74756,0
74757,1
74758,1
74759,0
74760,1
74761,1
74762,1
74763,1
74764,1
74765,0
74766,0
74767,0
74768,1
74769,1
74770,0
74771,1
74772,1
74773,1
74774,1
74775,1
74776,1
74777,1
74778,1
74779,1
74780,0
74781,1
74782,1
74783,1
74784,1
74785,1
74786,0
74787,1
74788,1
74789,0
74790,0
74791,0
74792,0
74793,0
74794,1
74795,1
74796,1
74797,1
74798,0
74799,1
74800,0
74801,1
74802,0
74803,0
74804,0
74805,1
74806,1
74807,1
74808,0
74809,0
74810,1
74811,0
74812,1
74813,1
74814,1
74815,1
74816,0
74817,0
74818,1
74819,1
74820,0
74821,1
74822,1
74823,1
74824,1
74825,1
74826,1
74827,1
74828,1
74829,0
74830,0
74831,1
74832,0
74833,1
74834,0
74835,1
74836,0
74837,1
74838,0
74839,1
74840,1
74841,1
74842,1
74843,0
74844,1
74845,1
74846,1
74847,1
74848,0
74849,1
74850,1
74851,1
74852,1
74853,1
74854,1
74855,0
74856,0
74857,0
74858,1
74859,0
74860,1
74861,0
74862,0
74863,0
74864,1
74865,1
74866,1
74867,1
74868,1
74869,1
74870,0
74871,0
74872,1
74873,0
74874,1
74875,1
74876,1
74877,0
74878,1
74879,0
74880,0
74881,1
74882,0
74883,0
74884,1
74885,1
74886,1
74887,0
74888,1
74889,1
74890,0
74891,1
74892,1
74893,1
74894,0
74895,1
74896,1
74897,1
74898,1
74899,0
74900,0
74901,1
74902,1
74903,0
74904,0
74905,0
74906,1
74907,1
74908,1
74909,1
74910,1
74911,0
74912,1
74913,0
74914,1
74915,1
74916,1
74917,1
74918,0
74919,1
74920,1
74921,1
74922,1
74923,0
74924,0
74925,0
74926,1
74927,1
74928,1
74929,1
74930,0
74931,1
74932,1
74933,0
74934,1
74935,1
74936,1
74937,1
74938,1
74939,1
74940,0
74941,0
74942,0
74943,0
74944,0
74945,0
74946,1
74947,0
74948,0
74949,1
74950,1
74951,1
74952,0
74953,0
74954,0
74955,1
74956,0
74957,1
74958,0
74959,1
74960,0
74961,0
74962,1
74963,0
74964,0
74965,1
74966,0
74967,0
74968,1
74969,1
74970,1
74971,0
74972,0
74973,0
74974,1
74975,1
74976,0
74977,0
74978,0
74979,1
74980,1
74981,1
74982,1
74983,1
74984,1
74985,1
74986,1
74987,0
74988,1
74989,0
74990,1
74991,1
74992,1
74993,0
74994,1
74995,0
74996,0
74997,1
74998,1
74999,0
75000,1
75001,0
75002,1
75003,1
75004,1
75005,1
75006,0
75007,1
75008,1
75009,1
75010,1
75011,0
75012,1
75013,1
75014,1
75015,0
75016,1
75017,1
75018,1
75019,0
75020,1
75021,1
75022,1
75023,0
75024,1
75025,0
75026,1
75027,1
75028,1
75029,1
75030,0
75031,0
75032,0
75033,0
75034,0
75035,0
75036,0
75037,0
75038,1
75039,0
75040,1
75041,0
75042,1
75043,1
75044,0
75045,0
75046,0
75047,0
75048,1
75049,1
75050,0
75051,1
75052,0
75053,1
75054,0
75055,0
75056,1
75057,1
75058,1
75059,1
75060,1
75061,1
75062,1
75063,1
75064,0
75065,0
75066,1
75067,0
75068,0
75069,0
75070,1
75071,0
75072,1
75073,0
75074,0
75075,0
75076,0
75077,1
75078,0
75079,0
75080,1
75081,1
75082,1
75083,1
75084,1
75085,1
75086,0
75087,0
75088,1
75089,0
75090,1
75091,0
75092,0
75093,1
75094,0
75095,1
75096,1
75097,1
75098,0
75099,0
75100,1
75101,1
75102,1
75103,1
75104,1
75105,1
75106,1
75107,0
75108,1
75109,1
75110,1
75111,1
75112,0
75113,1
75114,1
75115,1
75116,0
75117,1
75118,1
75119,1
75120,1
75121,0
75122,0
75123,0
75124,1
75125,0
75126,1
75127,1
75128,1
75129,0
75130,1
75131,1
75132,1
75133,1
75134,0
75135,1
75136,1
75137,1
75138,1
75139,1
75140,1
75141,0
75142,1
75143,1
75144,1
75145,1
75146,1
75147,0
75148,0
75149,1
75150,0
75151,0
75152,1
75153,1
75154,1
75155,0
75156,0
75157,1
75158,1
75159,1
75160,1
75161,1
75162,1
75163,1
75164,1
75165,0
75166,1
75167,0
75168,1
75169,0
75170,1
75171,1
75172,0
75173,1
75174,1
75175,1
75176,1
75177,1
75178,1
75179,1
75180,1
75181,0
75182,1
75183,0
75184,1
75185,1
75186,1
75187,1
75188,0
75189,1
75190,0
75191,1
75192,1
75193,0
75194,1
75195,0
75196,1
75197,0
75198,1
75199,0
75200,1
75201,1
75202,1
75203,1
75204,1
75205,1
75206,1
75207,1
75208,1
75209,1
75210,1
75211,1
75212,0
75213,1
75214,1
75215,1
75216,1
75217,0
75218,1
75219,0
75220,1
75221,1
75222,1
75223,0
75224,0
75225,0
75226,0
75227,1
75228,1
75229,0
75230,1
75231,0
75232,1
75233,0
75234,1
75235,1
75236,0
75237,1
75238,1
75239,0
75240,1
75241,1
75242,1
75243,0
75244,1
75245,0
75246,1
75247,0
75248,0
75249,0
75250,1
75251,0
75252,1
75253,0
75254,0
75255,1
75256,1
75257,1
75258,0
75259,0
75260,1
75261,0
75262,0
75263,1
75264,0
75265,1
75266,0
75267,0
75268,1
75269,1
75270,1
75271,0
75272,1
75273,1
75274,0
75275,0
75276,1
75277,0
75278,1
75279,0
75280,0
75281,1
75282,0
75283,1
75284,1
75285,1
75286,1
75287,1
75288,0
75289,0
75290,0
75291,1
75292,1
75293,1
75294,1
75295,0
75296,1
75297,1
75298,0
75299,1
75300,1
75301,0
75302,1
75303,0
75304,1
75305,0
75306,0
75307,1
75308,1
75309,1
75310,1
75311,1
75312,0
75313,0
75314,0
75315,1
75316,1
75317,1
75318,0
75319,0
75320,0
75321,0
75322,1
75323,1
75324,0
75325,1
75326,1
75327,1
75328,1
75329,0
75330,1
75331,0
75332,1
75333,1
75334,0
75335,0
75336,0
75337,1
75338,0
75339,0
75340,1
75341,0
75342,1
75343,0
75344,1
75345,0
75346,1
75347,1
75348,1
75349,1
75350,1
75351,0
75352,0
75353,1
75354,1
75355,0
75356,1
75357,0
75358,1
75359,1
75360,0
75361,1
75362,0
75363,0
75364,0
75365,1
75366,1
75367,0
75368,1
75369,0
75370,1
75371,1
75372,0
75373,0
75374,0
75375,1
75376,0
75377,0
75378,1
75379,1
75380,1
75381,1
75382,1
75383,1
75384,1
75385,1
75386,1
75387,1
75388,1
75389,1
75390,0
75391,0
75392,1
75393,0
75394,0
75395,0
75396,1
75397,1
75398,1
75399,1
75400,0
75401,0
75402,0
75403,0
75404,1
75405,0
75406,0
75407,1
75408,1
75409,0
75410,1
75411,1
75412,1
75413,1
75414,1
75415,0
75416,0
75417,1
75418,0
75419,1
75420,1
75421,1
75422,1
75423,0
75424,1
75425,1
75426,1
75427,0
75428,1
75429,1
75430,0
75431,0
75432,1
75433,1
75434,0
75435,0
75436,1
75437,0
75438,0
75439,1
75440,1
75441,1
75442,0
75443,0
75444,0
75445,1
75446,0
75447,1
75448,0
75449,1
75450,1
75451,1
75452,1
75453,1
75454,1
75455,0
75456,0
75457,0
75458,1
75459,0
75460,1
75461,1
75462,1
75463,1
75464,0
75465,1
75466,1
75467,1
75468,1
75469,1
75470,1
75471,0
75472,1
75473,1
75474,1
75475,0
75476,0
75477,0
75478,1
75479,0
75480,1
75481,0
75482,0
75483,1
75484,0
75485,1
75486,1
75487,1
75488,1
75489,1
75490,0
75491,1
75492,0
75493,1
75494,0
75495,1
75496,0
75497,1
75498,1
75499,0
75500,1
75501,0
75502,1
75503,1
75504,1
75505,0
75506,1
75507,0
75508,1
75509,0
75510,0
75511,0
75512,1
75513,1
75514,0
75515,1
75516,1
75517,1
75518,0
75519,0
75520,1
75521,1
75522,1
75523,1
75524,1
75525,1
75526,0
75527,1
75528,1
75529,0
75530,1
75531,0
75532,0
75533,0
75534,0
75535,1
75536,1
75537,1
75538,1
75539,1
75540,1
75541,0
75542,0
75543,0
75544,0
75545,1
75546,0
75547,1
75548,1
75549,1
75550,1
75551,0
75552,1
75553,1
75554,1
75555,0
75556,0
75557,0
75558,1
75559,0
75560,1
75561,0
75562,0
75563,1
75564,0
75565,0
75566,0
75567,1
75568,1
75569,1
75570,1
75571,1
75572,1
75573,1
75574,1
75575,1
75576,1
75577,1
75578,1
75579,1
75580,1
75581,0
75582,1
75583,0
75584,0
75585,1
75586,0
75587,1
75588,1
75589,0
75590,1
75591,0
75592,0
75593,1
75594,1
75595,1
75596,1
75597,1
75598,1
75599,0
75600,1
75601,1
75602,1
75603,1
75604,1
75605,1
75606,1
75607,1
75608,0
75609,1
75610,1
75611,0
75612,0
75613,0
75614,1
75615,1
75616,1
75617,1
75618,0
75619,1
75620,1
75621,1
75622,1
75623,0
75624,0
75625,1
75626,0
75627,0
75628,1
75629,0
75630,0
75631,0
75632,0
75633,1
75634,0
75635,1
75636,0
75637,1
75638,1
75639,1
75640,0
75641,1
75642,0
75643,0
75644,0
75645,1
75646,0
75647,0
75648,1
75649,1
75650,1
75651,1
75652,1
75653,0
75654,1
75655,1
75656,1
75657,1
75658,1
75659,1
75660,0
75661,1
75662,0
75663,1
75664,1
75665,0
75666,1
75667,1
75668,0
75669,1
75670,1
75671,0
75672,1
75673,0
75674,0
75675,0
75676,0
75677,0
75678,1
75679,0
75680,1
75681,1
75682,1
75683,0
75684,1
75685,1
75686,0
75687,1
75688,1
75689,1
75690,0
75691,0
75692,1
75693,1
75694,1
75695,0
75696,1
75697,1
75698,1
75699,1
75700,1
75701,1
75702,1
75703,1
75704,1
75705,1
75706,1
75707,1
75708,0
75709,0
75710,1
75711,0
75712,1
75713,0
75714,0
75715,1
75716,1
75717,1
75718,1
75719,1
75720,1
75721,0
75722,1
75723,0
75724,1
75725,0
75726,0
75727,0
75728,1
75729,1
75730,1
75731,1
75732,1
75733,1
75734,1
75735,0
75736,1
75737,0
75738,1
75739,1
75740,0
75741,0
75742,1
75743,1
75744,1
75745,1
75746,0
75747,0
75748,1
75749,0
75750,1
75751,0
75752,1
75753,1
75754,1
75755,1
75756,0
75757,1
75758,1
75759,0
75760,0
75761,0
75762,1
75763,1
75764,1
75765,1
75766,1
75767,1
75768,1
75769,0
75770,1
75771,1
75772,0
75773,1
75774,1
75775,1
75776,1
75777,1
75778,1
75779,1
75780,0
75781,0
75782,1
75783,0
75784,0
75785,1
75786,1
75787,1
75788,0
75789,0
75790,1
75791,0
75792,1
75793,1
75794,1
75795,1
75796,0
75797,1
75798,1
75799,1
75800,1
75801,0
75802,1
75803,0
75804,1
75805,1
75806,1
75807,1
75808,1
75809,1
75810,1
75811,1
75812,0
75813,1
75814,1
75815,1
75816,1
75817,0
75818,1
75819,0
75820,0
75821,0
75822,1
75823,1
75824,0
75825,0
75826,1
75827,0
75828,0
75829,1
75830,0
75831,1
75832,1
75833,1
75834,0
75835,1
75836,1
75837,1
75838,1
75839,0
75840,1
75841,1
75842,0
75843,1
75844,0
75845,1
75846,0
75847,1
75848,1
75849,0
75850,0
75851,1
75852,1
75853,1
75854,1
75855,1
75856,1
75857,0
75858,0
75859,1
75860,0
75861,0
75862,1
75863,1
75864,1
75865,1
75866,0
75867,1
75868,1
75869,1
75870,1
75871,1
75872,1
75873,0
75874,0
75875,0
75876,0
75877,1
75878,0
75879,1
75880,0
75881,1
75882,1
75883,1
75884,1
75885,1
75886,0
75887,1
75888,1
75889,0
75890,1
75891,0
75892,0
75893,1
75894,1
75895,1
75896,0
75897,1
75898,1
75899,0
75900,1
75901,0
75902,0
75903,1
75904,1
75905,1
75906,1
75907,0
75908,1
75909,1
75910,0
75911,1
75912,0
75913,1
75914,1
75915,1
75916,1
75917,0
75918,0
75919,1
75920,1
75921,1
75922,0
75923,1
75924,1
75925,0
75926,0
75927,1
75928,1
75929,0
75930,0
75931,1
75932,0
75933,1
75934,1
75935,1
75936,1
75937,0
75938,0
75939,1
75940,1
75941,0
75942,0
75943,0
75944,0
75945,1
75946,1
75947,1
75948,0
75949,0
75950,1
75951,0
75952,1
75953,1
75954,1
75955,1
75956,0
75957,1
75958,1
75959,1
75960,0
75961,0
75962,1
75963,1
75964,1
75965,1
75966,1
75967,1
75968,0
75969,1
75970,1
75971,1
75972,1
75973,0
75974,1
75975,0
75976,1
75977,1
75978,1
75979,1
75980,0
75981,1
75982,1
75983,1
75984,0
75985,1
75986,0
75987,1
75988,1
75989,1
75990,0
75991,0
75992,1
75993,1
75994,1
75995,0
75996,1
75997,1
75998,1
75999,0
76000,1
76001,1
76002,1
76003,0
76004,0
76005,0
76006,0
76007,1
76008,1
76009,0
76010,1
76011,1
76012,1
76013,1
76014,1
76015,1
76016,0
76017,1
76018,0
76019,0
76020,1
76021,1
76022,1
76023,1
76024,1
76025,1
76026,0
76027,0
76028,0
76029,1
76030,1
76031,1
76032,1
76033,1
76034,0
76035,1
76036,1
76037,1
76038,0
76039,1
76040,1
76041,1
76042,1
76043,0
76044,0
76045,1
76046,0
76047,1
76048,1
76049,1
76050,1
76051,0
76052,1
76053,1
76054,0
76055,0
76056,1
76057,1
76058,1
76059,1
76060,1
76061,0
76062,1
76063,1
76064,1
76065,1
76066,0
76067,0
76068,0
76069,1
76070,0
76071,1
76072,1
76073,1
76074,1
76075,1
76076,1
76077,0
76078,1
76079,1
76080,1
76081,1
76082,1
76083,0
76084,0
76085,1
76086,1
76087,0
76088,0
76089,1
76090,1
76091,1
76092,0
76093,1
76094,0
76095,1
76096,1
76097,1
76098,1
76099,0
76100,0
76101,0
76102,1
76103,1
76104,1
76105,0
76106,0
76107,1
76108,1
76109,1
76110,1
76111,0
76112,1
76113,1
76114,1
76115,1
76116,0
76117,1
76118,1
76119,0
76120,1
76121,1
76122,1
76123,1
76124,1
76125,1
76126,1
76127,0
76128,0
76129,1
76130,1
76131,1
76132,0
76133,1
76134,1
76135,0
76136,0
76137,0
76138,1
76139,1
76140,0
76141,0
76142,0
76143,1
76144,1
76145,0
76146,0
76147,1
76148,1
76149,0
76150,0
76151,1
76152,0
76153,1
76154,1
76155,1
76156,0
76157,1
76158,0
76159,1
76160,0
76161,0
76162,1
76163,1
76164,0
76165,1
76166,1
76167,1
76168,1
76169,1
76170,1
76171,1
76172,1
76173,0
76174,1
76175,1
76176,1
76177,1
76178,0
76179,0
76180,1
76181,1
76182,1
76183,1
76184,1
76185,0
76186,1
76187,1
76188,1
76189,1
76190,1
76191,0
76192,1
76193,0
76194,1
76195,1
76196,1
76197,0
76198,1
76199,1
76200,0
76201,1
76202,0
76203,1
76204,1
76205,1
76206,1
76207,1
76208,1
76209,1
76210,0
76211,0
76212,0
76213,0
76214,1
76215,1
76216,0
76217,1
76218,1
76219,1
76220,1
76221,0
76222,1
76223,0
76224,1
76225,1
76226,0
76227,0
76228,1
76229,0
76230,0
76231,1
76232,0
76233,1
76234,1
76235,1
76236,1
76237,0
76238,1
76239,0
76240,0
76241,1
76242,1
76243,1
76244,1
76245,1
76246,0
76247,0
76248,1
76249,1
76250,1
76251,1
76252,0
76253,0
76254,1
76255,1
76256,1
76257,1
76258,1
76259,0
76260,1
76261,1
76262,0
76263,1
76264,1
76265,1
76266,1
76267,0
76268,1
76269,1
76270,0
76271,1
76272,1
76273,1
76274,1
76275,1
76276,1
76277,0
76278,0
76279,0
76280,1
76281,0
76282,1
76283,0
76284,1
76285,1
76286,0
76287,0
76288,1
76289,1
76290,1
76291,1
76292,1
76293,0
76294,1
76295,1
76296,0
76297,1
76298,1
76299,1
76300,1
76301,1
76302,0
76303,1
76304,1
76305,1
76306,0
76307,1
76308,0
76309,0
76310,1
76311,1
76312,1
76313,1
76314,1
76315,0
76316,0
76317,0
76318,1
76319,1
76320,0
76321,1
76322,0
76323,0
76324,1
76325,1
76326,1
76327,1
76328,0
76329,1
76330,1
76331,1
76332,0
76333,0
76334,1
76335,0
76336,0
76337,1
76338,1
76339,1
76340,1
76341,0
76342,1
76343,0
76344,0
76345,0
76346,1
76347,0
76348,1
76349,0
76350,1
76351,0
76352,1
76353,0
76354,1
76355,0
76356,1
76357,0
76358,1
76359,1
76360,0
76361,1
76362,1
76363,0
76364,1
76365,1
76366,1
76367,0
76368,1
76369,0
76370,0
76371,0
76372,1
76373,0
76374,0
76375,0
76376,0
76377,1
76378,1
76379,1
76380,1
76381,1
76382,1
76383,1
76384,1
76385,1
76386,1
76387,0
76388,0
76389,0
76390,0
76391,1
76392,1
76393,1
76394,1
76395,1
76396,1
76397,0
76398,1
76399,0
76400,0
76401,0
76402,1
76403,0
76404,0
76405,0
76406,0
76407,1
76408,1
76409,1
76410,1
76411,0
76412,1
76413,0
76414,0
76415,1
76416,0
76417,1
76418,1
76419,0
76420,0
76421,1
76422,1
76423,1
76424,0
76425,1
76426,0
76427,1
76428,1
76429,0
76430,0
76431,0
76432,1
76433,1
76434,0
76435,1
76436,1
76437,1
76438,1
76439,1
76440,1
76441,1
76442,1
76443,1
76444,1
76445,1
76446,1
76447,1
76448,1
76449,0
76450,1
76451,0
76452,1
76453,1
76454,1
76455,1
76456,1
76457,1
76458,1
76459,0
76460,0
76461,1
76462,1
76463,1
76464,0
76465,1
76466,1
76467,1
76468,1
76469,0
76470,1
76471,1
76472,1
76473,0
76474,1
76475,1
76476,1
76477,1
76478,0
76479,0
76480,1
76481,1
76482,1
76483,0
76484,1
76485,0
76486,1
76487,0
76488,1
76489,1
76490,0
76491,0
76492,1
76493,1
76494,0
76495,1
76496,1
76497,1
76498,1
76499,1
76500,1
76501,1
76502,1
76503,1
76504,0
76505,1
76506,1
76507,1
76508,1
76509,1
76510,0
76511,1
76512,0
76513,1
76514,1
76515,1
76516,1
76517,1
76518,1
76519,1
76520,1
76521,1
76522,1
76523,1
76524,0
76525,1
76526,1
76527,1
76528,0
76529,1
76530,0
76531,1
76532,1
76533,0
76534,1
76535,0
76536,1
76537,0
76538,1
76539,1
76540,1
76541,0
76542,1
76543,1
76544,1
76545,1
76546,1
76547,1
76548,1
76549,0
76550,0
76551,1
76552,1
76553,0
76554,1
76555,1
76556,0
76557,1
76558,1
76559,0
76560,0
76561,1
76562,1
76563,1
76564,1
76565,1
76566,1
76567,1
76568,0
76569,0
76570,1
76571,0
76572,1
76573,1
76574,0
76575,1
76576,0
76577,1
76578,0
76579,1
76580,1
76581,1
76582,1
76583,1
76584,0
76585,1
76586,0
76587,1
76588,1
76589,1
76590,1
76591,1
76592,0
76593,1
76594,0
76595,0
76596,0
76597,1
76598,0
76599,1
76600,1
76601,0
76602,1
76603,1
76604,1
76605,1
76606,0
76607,1
76608,1
76609,1
76610,0
76611,0
76612,0
76613,0
76614,1
76615,1
76616,1
76617,1
76618,1
76619,0
76620,1
76621,1
76622,0
76623,1
76624,0
76625,1
76626,1
76627,1
76628,1
76629,1
76630,1
76631,1
76632,1
76633,0
76634,1
76635,1
76636,1
76637,1
76638,1
76639,1
76640,1
76641,0
76642,0
76643,1
76644,1
76645,0
76646,0
76647,0
76648,0
76649,0
76650,1
76651,1
76652,1
76653,0
76654,1
76655,0
76656,0
76657,0
76658,0
76659,1
76660,1
76661,0
76662,1
76663,1
76664,0
76665,1
76666,0
76667,1
76668,0
76669,0
76670,1
76671,0
76672,1
76673,0
76674,0
76675,0
76676,0
76677,1
76678,1
76679,0
76680,1
76681,1
76682,0
76683,1
76684,1
76685,1
76686,0
76687,1
76688,0
76689,0
76690,0
76691,0
76692,1
76693,1
76694,0
76695,1
76696,0
76697,1
76698,1
76699,1
76700,0
76701,1
76702,1
76703,0
76704,1
76705,0
76706,0
76707,1
76708,0
76709,0
76710,0
76711,1
76712,1
76713,1
76714,1
76715,1
76716,1
76717,1
76718,1
76719,1
76720,1
76721,0
76722,1
76723,1
76724,1
76725,1
76726,1
76727,1
76728,1
76729,1
76730,1
76731,1
76732,1
76733,1
76734,0
76735,1
76736,1
76737,0
76738,0
76739,0
76740,1
76741,0
76742,1
76743,1
76744,1
76745,1
76746,1
76747,0
76748,1
76749,1
76750,0
76751,1
76752,1
76753,1
76754,1
76755,1
76756,1
76757,1
76758,0
76759,0
76760,0
76761,1
76762,0
76763,1
76764,1
76765,0
76766,1
76767,0
76768,1
76769,0
76770,0
76771,1
76772,1
76773,0
76774,0
76775,1
76776,1
76777,0
76778,0
76779,1
76780,1
76781,1
76782,1
76783,0
76784,0
76785,1
76786,0
76787,1
76788,1
76789,0
76790,1
76791,0
76792,0
76793,0
76794,0
76795,1
76796,1
76797,0
76798,1
76799,0
76800,1
76801,1
76802,1
76803,0
76804,1
76805,1
76806,1
76807,0
76808,1
76809,1
76810,1
76811,0
76812,1
76813,1
76814,1
76815,1
76816,1
76817,0
76818,0
76819,1
76820,1
76821,1
76822,1
76823,1
76824,0
76825,1
76826,0
76827,0
76828,1
76829,1
76830,0
76831,0
76832,0
76833,1
76834,0
76835,1
76836,1
76837,0
76838,1
76839,1
76840,0
76841,0
76842,0
76843,1
76844,0
76845,1
76846,0
76847,0
76848,0
76849,1
76850,1
76851,1
76852,0
76853,0
76854,0
76855,1
76856,1
76857,1
76858,1
76859,1
76860,1
76861,1
76862,1
76863,0
76864,1
76865,0
76866,1
76867,1
76868,0
76869,0
76870,1
76871,1
76872,1
76873,0
76874,1
76875,0
76876,1
76877,1
76878,1
76879,1
76880,0
76881,0
76882,0
76883,0
76884,0
76885,1
76886,1
76887,1
76888,1
76889,0
76890,1
76891,1
76892,0
76893,1
76894,1
76895,0
76896,0
76897,0
76898,0
76899,1
76900,0
76901,0
76902,1
76903,1
76904,1
76905,0
76906,1
76907,1
76908,0
76909,1
76910,0
76911,1
76912,1
76913,0
76914,1
76915,1
76916,1
76917,1
76918,1
76919,0
76920,1
76921,0
76922,1
76923,1
76924,1
76925,1
76926,1
76927,1
76928,1
76929,0
76930,0
76931,1
76932,1
76933,1
76934,0
76935,0
76936,1
76937,0
76938,1
76939,0
76940,1
76941,1
76942,1
76943,1
76944,1
76945,1
76946,1
76947,1
76948,0
76949,0
76950,0
76951,1
76952,0
76953,0
76954,1
76955,1
76956,1
76957,1
76958,1
76959,1
76960,1
76961,0
76962,1
76963,0
76964,1
76965,1
76966,1
76967,1
76968,1
76969,1
76970,1
76971,1
76972,1
76973,0
76974,0
76975,1
76976,1
76977,1
76978,1
76979,1
76980,1
76981,0
76982,1
76983,0
76984,1
76985,1
76986,1
76987,0
76988,1
76989,1
76990,1
76991,1
76992,0
76993,1
76994,1
76995,1
76996,1
76997,1
76998,1
76999,1
77000,1
77001,0
77002,1
77003,0
77004,1
77005,1
77006,0
77007,1
77008,1
77009,0
77010,1
77011,1
77012,0
77013,1
77014,1
77015,0
77016,0
77017,1
77018,1
77019,1
77020,1
77021,0
77022,1
77023,1
77024,1
77025,1
77026,0
77027,1
77028,0
77029,1
77030,0
77031,1
77032,0
77033,0
77034,1
77035,1
77036,0
77037,0
77038,1
77039,0
77040,1
77041,1
77042,0
77043,0
77044,0
77045,0
77046,0
77047,1
77048,0
77049,1
77050,1
77051,0
77052,1
77053,1
77054,0
77055,1
77056,0
77057,0
77058,0
77059,1
77060,1
77061,1
77062,1
77063,1
77064,1
77065,1
77066,1
77067,1
77068,0
77069,1
77070,1
77071,0
77072,1
77073,1
77074,0
77075,1
77076,1
77077,1
77078,1
77079,1
77080,0
77081,0
77082,0
77083,1
77084,1
77085,0
77086,1
77087,1
77088,1
77089,1
77090,0
77091,1
77092,1
77093,0
77094,1
77095,1
77096,0
77097,1
77098,1
77099,0
77100,1
77101,0
77102,1
77103,1
77104,0
77105,1
77106,1
77107,1
77108,1
77109,0
77110,1
77111,1
77112,1
77113,1
77114,0
77115,0
77116,0
77117,1
77118,1
77119,1
77120,1
77121,1
77122,0
77123,0
77124,1
77125,0
77126,1
77127,1
77128,0
77129,1
77130,1
77131,1
77132,0
77133,1
77134,1
77135,1
77136,0
77137,0
77138,1
77139,0
77140,1
77141,1
77142,1
77143,1
77144,0
77145,0
77146,1
77147,0
77148,0
77149,1
77150,1
77151,1
77152,1
77153,1
77154,0
77155,1
77156,1
77157,1
77158,1
77159,1
77160,1
77161,1
77162,1
77163,1
77164,1
77165,1
77166,1
77167,1
77168,1
77169,0
77170,0
77171,0
77172,0
77173,1
77174,1
77175,1
77176,0
77177,1
77178,1
77179,0
77180,1
77181,1
77182,1
77183,1
77184,0
77185,1
77186,0
77187,1
77188,0
77189,1
77190,1
77191,1
77192,1
77193,1
77194,0
77195,0
77196,1
77197,1
77198,1
77199,0
77200,0
77201,0
77202,1
77203,1
77204,1
77205,1
77206,1
77207,1
77208,1
77209,0
77210,0
77211,1
77212,1
77213,1
77214,1
77215,1
77216,1
77217,0
77218,1
77219,0
77220,0
77221,0
77222,0
77223,1
77224,1
77225,0
77226,0
77227,1
77228,1
77229,1
77230,0
77231,0
77232,0
77233,1
77234,1
77235,0
77236,1
77237,1
77238,1
77239,0
77240,0
77241,1
77242,1
77243,1
77244,0
77245,1
77246,1
77247,0
77248,0
77249,0
77250,1
77251,1
77252,0
77253,1
77254,1
77255,1
77256,0
77257,1
77258,1
77259,1
77260,1
77261,1
77262,1
77263,1
77264,1
77265,1
77266,0
77267,1
77268,1
77269,1
77270,1
77271,0
77272,0
77273,1
77274,0
77275,0
77276,1
77277,1
77278,1
77279,0
77280,1
77281,1
77282,1
77283,0
77284,1
77285,1
77286,0
77287,0
77288,1
77289,0
77290,0
77291,1
77292,1
77293,0
77294,1
77295,1
77296,1
77297,0
77298,1
77299,1
77300,1
77301,1
77302,1
77303,1
77304,0
77305,0
77306,1
77307,0
77308,1
77309,0
77310,1
77311,0
77312,1
77313,0
77314,1
77315,1
77316,1
77317,1
77318,0
77319,1
77320,1
77321,1
77322,1
77323,0
77324,1
77325,1
77326,1
77327,0
77328,1
77329,0
77330,1
77331,0
77332,1
77333,1
77334,1
77335,1
77336,1
77337,1
77338,1
77339,1
77340,1
77341,1
77342,1
77343,1
77344,1
77345,1
77346,0
77347,0
77348,1
77349,1
77350,1
77351,1
77352,1
77353,1
77354,1
77355,1
77356,0
77357,0
77358,1
77359,0
77360,1
77361,0
77362,1
77363,1
77364,0
77365,1
77366,0
77367,1
77368,1
77369,1
77370,1
77371,1
77372,1
77373,1
77374,0
77375,1
77376,0
77377,1
77378,0
77379,0
77380,0
77381,1
77382,1
77383,0
77384,0
77385,1
77386,1
77387,1
77388,1
77389,0
77390,0
77391,0
77392,0
77393,1
77394,1
77395,1
77396,1
77397,1
77398,0
77399,1
77400,1
77401,1
77402,0
77403,1
77404,1
77405,1
77406,0
77407,1
77408,1
77409,1
77410,1
77411,1
77412,0
77413,1
77414,0
77415,0
77416,1
77417,1
77418,0
77419,1
77420,1
77421,1
77422,1
77423,1
77424,1
77425,1
77426,0
77427,0
77428,1
77429,0
77430,1
77431,1
77432,1
77433,0
77434,0
77435,1
77436,1
77437,1
77438,0
77439,0
77440,0
77441,1
77442,0
77443,1
77444,1
77445,1
77446,0
77447,1
77448,1
77449,1
77450,1
77451,1
77452,0
77453,1
77454,0
77455,1
77456,0
77457,1
77458,0
77459,0
77460,1
77461,0
77462,1
77463,1
77464,1
77465,1
77466,1
77467,1
77468,0
77469,0
77470,0
77471,1
77472,1
77473,0
77474,1
77475,0
77476,0
77477,1
77478,1
77479,0
77480,1
77481,0
77482,1
77483,1
77484,1
77485,1
77486,0
77487,0
77488,0
77489,1
77490,1
77491,0
77492,1
77493,1
77494,1
77495,0
77496,1
77497,0
77498,0
77499,1
77500,1
77501,1
77502,0
77503,0
77504,1
77505,0
77506,0
77507,0
77508,0
77509,1
77510,0
77511,1
77512,0
77513,0
77514,1
77515,0
77516,1
77517,1
77518,1
77519,0
77520,1
77521,0
77522,1
77523,1
77524,1
77525,0
77526,1
77527,0
77528,0
77529,0
77530,0
77531,0
77532,1
77533,1
77534,1
77535,0
77536,1
77537,1
77538,0
77539,1
77540,0
77541,1
77542,0
77543,0
77544,1
77545,1
77546,1
77547,1
77548,1
77549,1
77550,1
77551,0
77552,1
77553,0
77554,0
77555,0
77556,1
77557,1
77558,0
77559,1
77560,1
77561,1
77562,1
77563,0
77564,1
77565,1
77566,1
77567,1
77568,0
77569,1
77570,1
77571,1
77572,1
77573,1
77574,1
77575,0
77576,1
77577,1
77578,1
77579,1
77580,1
77581,1
77582,0
77583,1
77584,1
77585,1
77586,0
77587,0
77588,0
77589,1
77590,0
77591,1
77592,1
77593,0
77594,1
77595,1
77596,0
77597,1
77598,1
77599,1
77600,1
77601,1
77602,0
77603,1
77604,1
77605,1
77606,0
77607,1
77608,1
77609,1
77610,1
77611,1
77612,0
77613,1
77614,0
77615,0
77616,1
77617,1
77618,0
77619,1
77620,1
77621,1
77622,1
77623,1
77624,1
77625,1
77626,1
77627,1
77628,1
77629,1
77630,1
77631,0
77632,0
77633,0
77634,1
77635,1
77636,1
77637,1
77638,0
77639,0
77640,0
77641,0
77642,1
77643,0
77644,1
77645,1
77646,0
77647,0
77648,1
77649,0
77650,1
77651,1
77652,1
77653,1
77654,1
77655,0
77656,0
77657,0
77658,1
77659,1
77660,0
77661,1
77662,1
77663,1
77664,0
77665,1
77666,1
77667,1
77668,0
77669,1
77670,1
77671,1
77672,0
77673,1
77674,0
77675,1
77676,1
77677,1
77678,0
77679,1
77680,1
77681,1
77682,1
77683,1
77684,0
77685,0
77686,1
77687,1
77688,0
77689,0
77690,1
77691,0
77692,1
77693,0
77694,0
77695,1
77696,1
77697,1
77698,1
77699,1
77700,0
77701,1
77702,1
77703,1
77704,1
77705,0
77706,1
77707,1
77708,1
77709,0
77710,0
77711,1
77712,1
77713,1
77714,1
77715,1
77716,1
77717,1
77718,1
77719,0
77720,1
77721,0
77722,0
77723,1
77724,0
77725,0
77726,0
77727,0
77728,1
77729,1
77730,0
77731,1
77732,0
77733,1
77734,0
77735,1
77736,0
77737,0
77738,1
77739,1
77740,1
77741,1
77742,1
77743,0
77744,1
77745,0
77746,1
77747,1
77748,0
77749,1
77750,1
77751,1
77752,0
77753,0
77754,1
77755,0
77756,1
77757,1
77758,1
77759,0
77760,1
77761,1
77762,1
77763,0
77764,1
77765,1
77766,1
77767,1
77768,1
77769,1
77770,1
77771,0
77772,1
77773,0
77774,1
77775,1
77776,1
77777,0
77778,0
77779,1
77780,1
77781,0
77782,1
77783,1
77784,0
77785,1
77786,1
77787,1
77788,0
77789,0
77790,0
77791,1
77792,0
77793,0
77794,1
77795,1
77796,1
77797,0
77798,0
77799,1
77800,1
77801,1
77802,0
77803,1
77804,1
77805,0
77806,1
77807,1
77808,1
77809,1
77810,0
77811,0
77812,0
77813,0
77814,1
77815,0
77816,1
77817,1
77818,1
77819,1
77820,0
77821,1
77822,1
77823,1
77824,1
77825,0
77826,1
77827,1
77828,1
77829,0
77830,1
77831,1
77832,0
77833,1
77834,1
77835,1
77836,1
77837,1
77838,1
77839,0
77840,1
77841,0
77842,1
77843,1
77844,1
77845,1
77846,1
77847,0
77848,0
77849,0
77850,1
77851,1
77852,1
77853,1
77854,0
77855,1
77856,0
77857,1
77858,1
77859,1
77860,1
77861,1
77862,1
77863,1
77864,0
77865,1
77866,1
77867,1
77868,1
77869,0
77870,1
77871,1
77872,0
77873,0
77874,1
77875,1
77876,1
77877,1
77878,1
77879,0
77880,1
77881,1
77882,1
77883,0
77884,1
77885,0
77886,1
77887,1
77888,1
77889,1
77890,1
77891,0
77892,1
77893,1
77894,1
77895,0
77896,0
77897,1
77898,1
77899,0
77900,0
77901,1
77902,1
77903,0
77904,1
77905,1
77906,1
77907,0
77908,0
77909,0
77910,0
77911,1
77912,1
77913,1
77914,0
77915,1
77916,1
77917,1
77918,0
77919,0
77920,1
77921,1
77922,1
77923,1
77924,0
77925,0
77926,1
77927,1
77928,0
77929,1
77930,1
77931,0
77932,1
77933,1
77934,0
77935,1
77936,0
77937,1
77938,0
77939,1
77940,1
77941,1
77942,1
77943,1
77944,1
77945,1
77946,0
77947,0
77948,0
77949,1
77950,1
77951,0
77952,1
77953,1
77954,1
77955,1
77956,1
77957,0
77958,0
77959,0
77960,1
77961,1
77962,1
77963,0
77964,1
77965,1
77966,1
77967,1
77968,0
77969,0
77970,0
77971,1
77972,0
77973,1
77974,1
77975,0
77976,1
77977,1
77978,0
77979,1
77980,0
77981,1
77982,1
77983,1
77984,1
77985,1
77986,1
77987,1
77988,1
77989,1
77990,0
77991,1
77992,1
77993,1
77994,0
77995,1
77996,0
77997,0
77998,0
77999,1
78000,0
78001,1
78002,1
78003,1
78004,0
78005,0
78006,1
78007,0
78008,1
78009,0
78010,1
78011,1
78012,1
78013,0
78014,1
78015,1
78016,1
78017,0
78018,1
78019,0
78020,1
78021,1
78022,1
78023,1
78024,1
78025,1
78026,1
78027,0
78028,0
78029,0
78030,0
78031,1
78032,1
78033,1
78034,1
78035,1
78036,1
78037,1
78038,1
78039,0
78040,1
78041,1
78042,1
78043,1
78044,0
78045,1
78046,1
78047,1
78048,1
78049,0
78050,0
78051,1
78052,1
78053,0
78054,1
78055,1
78056,1
78057,1
78058,1
78059,0
78060,0
78061,1
78062,1
78063,0
78064,1
78065,0
78066,1
78067,1
78068,1
78069,0
78070,1
78071,1
78072,1
78073,0
78074,1
78075,0
78076,1
78077,1
78078,1
78079,1
78080,1
78081,1
78082,0
78083,0
78084,1
78085,1
78086,1
78087,1
78088,1
78089,0
78090,0
78091,0
78092,1
78093,0
78094,1
78095,1
78096,1
78097,1
78098,1
78099,1
78100,0
78101,1
78102,1
78103,0
78104,1
78105,0
78106,1
78107,1
78108,1
78109,1
78110,0
78111,1
78112,1
78113,1
78114,1
78115,1
78116,1
78117,1
78118,0
78119,0
78120,0
78121,1
78122,0
78123,1
78124,1
78125,1
78126,1
78127,0
78128,0
78129,1
78130,0
78131,1
78132,1
78133,1
78134,1
78135,0
78136,0
78137,0
78138,1
78139,1
78140,0
78141,0
78142,1
78143,1
78144,1
78145,1
78146,0
78147,1
78148,1
78149,1
78150,0
78151,1
78152,1
78153,1
78154,1
78155,1
78156,1
78157,0
78158,1
78159,1
78160,1
78161,1
78162,1
78163,1
78164,0
78165,1
78166,1
78167,1
78168,0
78169,0
78170,0
78171,1
78172,0
78173,1
78174,1
78175,0
78176,0
78177,1
78178,1
78179,0
78180,1
78181,1
78182,1
78183,1
78184,1
78185,1
78186,1
78187,0
78188,0
78189,1
78190,1
78191,1
78192,1
78193,1
78194,1
78195,1
78196,0
78197,1
78198,1
78199,1
78200,1
78201,1
78202,1
78203,1
78204,1
78205,1
78206,0
78207,1
78208,1
78209,1
78210,1
78211,0
78212,1
78213,0
78214,1
78215,0
78216,1
78217,0
78218,1
78219,0
78220,0
78221,1
78222,1
78223,1
78224,0
78225,1
78226,0
78227,0
78228,0
78229,1
78230,1
78231,1
78232,1
78233,0
78234,1
78235,1
78236,1
78237,1
78238,0
78239,0
78240,1
78241,0
78242,1
78243,1
78244,0
78245,0
78246,1
78247,0
78248,0
78249,0
78250,0
78251,1
78252,0
78253,0
78254,1
78255,1
78256,0
78257,1
78258,0
78259,1
78260,0
78261,1
78262,1
78263,1
78264,0
78265,1
78266,0
78267,1
78268,1
78269,1
78270,0
78271,1
78272,1
78273,0
78274,0
78275,1
78276,1
78277,1
78278,1
78279,0
78280,1
78281,1
78282,1
78283,0
78284,1
78285,0
78286,1
78287,1
78288,0
78289,1
78290,0
78291,1
78292,0
78293,1
78294,1
78295,0
78296,0
78297,0
78298,0
78299,1
78300,1
78301,1
78302,1
78303,0
78304,1
78305,1
78306,0
78307,1
78308,1
78309,1
78310,1
78311,0
78312,1
78313,0
78314,1
78315,1
78316,0
78317,1
78318,1
78319,0
78320,1
78321,1
78322,1
78323,1
78324,0
78325,1
78326,1
78327,0
78328,1
78329,0
78330,0
78331,1
78332,1
78333,1
78334,1
78335,1
78336,1
78337,1
78338,1
78339,1
78340,0
78341,0
78342,0
78343,1
78344,0
78345,0
78346,1
78347,0
78348,1
78349,1
78350,0
78351,0
78352,1
78353,0
78354,1
78355,1
78356,1
78357,0
78358,0
78359,1
78360,1
78361,1
78362,1
78363,0
78364,1
78365,0
78366,1
78367,1
78368,0
78369,1
78370,0
78371,1
78372,1
78373,1
78374,1
78375,0
78376,1
78377,1
78378,0
78379,1
78380,1
78381,0
78382,1
78383,0
78384,1
78385,1
78386,0
78387,1
78388,0
78389,1
78390,1
78391,1
78392,0
78393,1
78394,0
78395,0
78396,1
78397,1
78398,1
78399,0
78400,1
78401,0
78402,1
78403,1
78404,1
78405,0
78406,1
78407,1
78408,0
78409,1
78410,0
78411,1
78412,1
78413,0
78414,1
78415,0
78416,1
78417,0
78418,0
78419,0
78420,1
78421,1
78422,1
78423,1
78424,1
78425,1
78426,1
78427,0
78428,1
78429,1
78430,0
78431,0
78432,0
78433,0
78434,1
78435,1
78436,0
78437,1
78438,1
78439,1
78440,0
78441,1
78442,1
78443,1
78444,1
78445,1
78446,0
78447,0
78448,1
78449,1
78450,1
78451,0
78452,0
78453,1
78454,0
78455,1
78456,1
78457,0
78458,1
78459,1
78460,0
78461,1
78462,1
78463,0
78464,1
78465,0
78466,1
78467,0
78468,1
78469,0
78470,0
78471,1
78472,1
78473,0
78474,1
78475,0
78476,0
78477,1
78478,1
78479,1
78480,1
78481,1
78482,1
78483,1
78484,0
78485,1
78486,0
78487,1
78488,1
78489,1
78490,1
78491,1
78492,0
78493,1
78494,1
78495,1
78496,1
78497,0
78498,0
78499,1
78500,1
78501,1
78502,1
78503,1
78504,1
78505,1
78506,1
78507,0
78508,0
78509,0
78510,1
78511,1
78512,1
78513,1
78514,0
78515,1
78516,1
78517,1
78518,1
78519,0
78520,1
78521,0
78522,1
78523,0
78524,1
78525,1
78526,1
78527,1
78528,1
78529,1
78530,1
78531,1
78532,1
78533,1
78534,1
78535,1
78536,1
78537,1
78538,1
78539,1
78540,1
78541,1
78542,1
78543,1
78544,1
78545,1
78546,1
78547,1
78548,1
78549,1
78550,0
78551,0
78552,0
78553,1
78554,0
78555,1
78556,0
78557,1
78558,0
78559,0
78560,0
78561,1
78562,1
78563,1
78564,1
78565,1
78566,0
78567,1
78568,0
78569,0
78570,1
78571,1
78572,0
78573,0
78574,0
78575,1
78576,1
78577,1
78578,1
78579,1
78580,0
78581,0
78582,1
78583,1
78584,0
78585,1
78586,1
78587,0
78588,0
78589,1
78590,1
78591,1
78592,0
78593,0
78594,0
78595,0
78596,0
78597,0
78598,1
78599,0
78600,0
78601,1
78602,1
78603,1
78604,1
78605,0
78606,1
78607,1
78608,0
78609,0
78610,1
78611,1
78612,1
78613,1
78614,0
78615,1
78616,1
78617,0
78618,0
78619,0
78620,0
78621,1
78622,1
78623,1
78624,1
78625,0
78626,1
78627,1
78628,0
78629,1
78630,0
78631,0
78632,1
78633,1
78634,1
78635,1
78636,1
78637,0
78638,0
78639,1
78640,1
78641,1
78642,1
78643,1
78644,1
78645,1
78646,0
78647,1
78648,0
78649,0
78650,1
78651,0
78652,1
78653,0
78654,0
78655,0
78656,1
78657,0
78658,0
78659,1
78660,1
78661,0
78662,1
78663,0
78664,1
78665,1
78666,1
78667,0
78668,0
78669,1
78670,1
78671,1
78672,1
78673,1
78674,1
78675,1
78676,1
78677,1
78678,0
78679,1
78680,1
78681,0
78682,1
78683,1
78684,1
78685,0
78686,0
78687,1
78688,0
78689,1
78690,1
78691,1
78692,1
78693,1
78694,1
78695,1
78696,0
78697,0
78698,1
78699,1
78700,1
78701,0
78702,1
78703,1
78704,1
78705,0
78706,0
78707,0
78708,0
78709,0
78710,1
78711,1
78712,1
78713,1
78714,1
78715,0
78716,1
78717,1
78718,1
78719,1
78720,1
78721,1
78722,1
78723,1
78724,0
78725,1
78726,1
78727,1
78728,0
78729,1
78730,0
78731,0
78732,0
78733,1
78734,0
78735,1
78736,1
78737,0
78738,1
78739,0
78740,1
78741,0
78742,1
78743,0
78744,1
78745,0
78746,0
78747,1
78748,1
78749,1
78750,0
78751,0
78752,1
78753,0
78754,0
78755,1
78756,1
78757,1
78758,0
78759,0
78760,0
78761,0
78762,0
78763,1
78764,0
78765,1
78766,0
78767,1
78768,1
78769,1
78770,1
78771,1
78772,1
78773,1
78774,0
78775,0
78776,1
78777,0
78778,0
78779,1
78780,1
78781,1
78782,0
78783,1
78784,1
78785,1
78786,1
78787,1
78788,0
78789,1
78790,1
78791,1
78792,1
78793,1
78794,1
78795,1
78796,0
78797,1
78798,0
78799,1
78800,0
78801,1
78802,1
78803,0
78804,0
78805,1
78806,0
78807,1
78808,0
78809,1
78810,1
78811,0
78812,0
78813,0
78814,0
78815,1
78816,0
78817,1
78818,1
78819,0
78820,1
78821,0
78822,1
78823,1
78824,1
78825,1
78826,0
78827,1
78828,0
78829,1
78830,1
78831,1
78832,1
78833,0
78834,0
78835,0
78836,1
78837,0
78838,1
78839,1
78840,0
78841,1
78842,1
78843,0
78844,0
78845,1
78846,1
78847,1
78848,1
78849,1
78850,0
78851,1
78852,0
78853,1
78854,0
78855,1
78856,1
78857,0
78858,1
78859,1
78860,1
78861,0
78862,0
78863,1
78864,1
78865,0
78866,1
78867,0
78868,0
78869,1
78870,1
78871,0
78872,1
78873,1
78874,0
78875,1
78876,1
78877,0
78878,1
78879,0
78880,1
78881,0
78882,0
78883,0
78884,1
78885,1
78886,0
78887,0
78888,0
78889,1
78890,0
78891,1
78892,1
78893,0
78894,1
78895,0
78896,1
78897,1
78898,0
78899,0
78900,1
78901,1
78902,1
78903,1
78904,0
78905,1
78906,1
78907,1
78908,1
78909,0
78910,1
78911,1
78912,1
78913,1
78914,1
78915,1
78916,0
78917,0
78918,1
78919,1
78920,0
78921,1
78922,1
78923,1
78924,1
78925,1
78926,1
78927,1
78928,1
78929,1
78930,1
78931,1
78932,1
78933,0
78934,1
78935,1
78936,0
78937,1
78938,1
78939,1
78940,1
78941,1
78942,1
78943,1
78944,1
78945,1
78946,1
78947,1
78948,0
78949,0
78950,1
78951,1
78952,1
78953,0
78954,1
78955,1
78956,1
78957,1
78958,1
78959,0
78960,0
78961,0
78962,1
78963,1
78964,1
78965,1
78966,0
78967,0
78968,1
78969,1
78970,1
78971,0
78972,1
78973,0
78974,0
78975,0
78976,1
78977,1
78978,1
78979,0
78980,1
78981,0
78982,1
78983,1
78984,0
78985,1
78986,0
78987,0
78988,1
78989,0
78990,1
78991,1
78992,1
78993,1
78994,1
78995,0
78996,1
78997,1
78998,0
78999,1
79000,0
79001,1
79002,1
79003,1
79004,0
79005,0
79006,1
79007,1
79008,0
79009,0
79010,1
79011,1
79012,1
79013,1
79014,1
79015,0
79016,0
79017,1
79018,1
79019,1
79020,0
79021,1
79022,1
79023,0
79024,1
79025,1
79026,1
79027,0
79028,1
79029,0
79030,0
79031,0
79032,0
79033,0
79034,1
79035,1
79036,1
79037,1
79038,1
79039,1
79040,1
79041,1
79042,1
79043,0
79044,1
79045,1
79046,0
79047,0
79048,0
79049,1
79050,1
79051,0
79052,0
79053,1
79054,1
79055,0
79056,1
79057,1
79058,1
79059,0
79060,1
79061,1
79062,1
79063,1
79064,1
79065,0
79066,0
79067,0
79068,1
79069,0
79070,1
79071,1
79072,1
79073,1
79074,1
79075,1
79076,1
79077,1
79078,1
79079,0
79080,1
79081,0
79082,0
79083,1
79084,1
79085,0
79086,1
79087,1
79088,1
79089,1
79090,1
79091,0
79092,1
79093,0
79094,1
79095,1
79096,1
79097,1
79098,0
79099,0
79100,1
79101,1
79102,1
79103,1
79104,1
79105,1
79106,1
79107,1
79108,1
79109,1
79110,1
79111,0
79112,0
79113,1
79114,1
79115,0
79116,0
79117,1
79118,0
79119,1
79120,0
79121,0
79122,1
79123,1
79124,0
79125,1
79126,1
79127,1
79128,0
79129,1
79130,1
79131,0
79132,0
79133,0
79134,1
79135,1
79136,1
79137,1
79138,1
79139,1
79140,0
79141,0
79142,1
79143,1
79144,1
79145,0
79146,0
79147,1
79148,1
79149,0
79150,1
79151,1
79152,0
79153,1
79154,1
79155,0
79156,1
79157,1
79158,1
79159,1
79160,1
79161,1
79162,0
79163,0
79164,1
79165,0
79166,1
79167,1
79168,1
79169,0
79170,1
79171,1
79172,1
79173,0
79174,1
79175,1
79176,0
79177,1
79178,1
79179,1
79180,0
79181,1
79182,1
79183,1
79184,1
79185,0
79186,1
79187,1
79188,0
79189,1
79190,0
79191,0
79192,1
79193,1
79194,1
79195,1
79196,1
79197,1
79198,0
79199,0
79200,1
79201,1
79202,1
79203,0
79204,1
79205,0
79206,1
79207,1
79208,1
79209,1
79210,1
79211,0
79212,1
79213,1
79214,0
79215,0
79216,1
79217,0
79218,1
79219,1
79220,1
79221,1
79222,1
79223,1
79224,1
79225,0
79226,0
79227,1
79228,0
79229,1
79230,0
79231,0
79232,1
79233,0
79234,1
79235,1
79236,1
79237,0
79238,1
79239,0
79240,1
79241,1
79242,1
79243,1
79244,1
79245,1
79246,0
79247,0
79248,0
79249,1
79250,0
79251,0
79252,0
79253,1
79254,0
79255,0
79256,0
79257,1
79258,1
79259,1
79260,1
79261,1
79262,0
79263,0
79264,0
79265,0
79266,1
79267,0
79268,0
79269,0
79270,1
79271,1
79272,1
79273,0
79274,1
79275,1
79276,0
79277,1
79278,0
79279,1
79280,1
79281,1
79282,1
79283,1
79284,1
79285,1
79286,0
79287,1
79288,0
79289,1
79290,0
79291,0
79292,0
79293,1
79294,1
79295,0
79296,0
79297,1
79298,0
79299,0
79300,1
79301,1
79302,1
79303,1
79304,1
79305,1
79306,1
79307,0
79308,0
79309,1
79310,0
79311,1
79312,0
79313,1
79314,0
79315,1
79316,1
79317,1
79318,0
79319,1
79320,1
79321,1
79322,1
79323,1
79324,1
79325,0
79326,1
79327,1
79328,0
79329,1
79330,1
79331,1
79332,1
79333,1
79334,0
79335,1
79336,0
79337,1
79338,0
79339,1
79340,1
79341,1
79342,0
79343,1
79344,1
79345,1
79346,0
79347,1
79348,0
79349,1
79350,0
79351,1
79352,0
79353,0
79354,0
79355,1
79356,0
79357,1
79358,1
79359,1
79360,1
79361,1
79362,1
79363,0
79364,1
79365,1
79366,1
79367,1
79368,1
79369,1
79370,1
79371,1
79372,1
79373,0
79374,1
79375,1
79376,0
79377,0
79378,1
79379,0
79380,1
79381,1
79382,1
79383,1
79384,1
79385,1
79386,1
79387,1
79388,1
79389,1
79390,0
79391,0
79392,0
79393,1
79394,1
79395,0
79396,1
79397,0
79398,0
79399,0
79400,1
79401,1
79402,0
79403,1
79404,1
79405,1
79406,0
79407,0
79408,1
79409,1
79410,1
79411,0
79412,0
79413,1
79414,1
79415,1
79416,1
79417,1
79418,1
79419,0
79420,1
79421,0
79422,1
79423,1
79424,1
79425,1
79426,1
79427,1
79428,1
79429,0
79430,0
79431,0
79432,1
79433,0
79434,1
79435,1
79436,1
79437,1
79438,1
79439,0
79440,1
79441,1
79442,0
79443,0
79444,1
79445,1
79446,1
79447,1
79448,1
79449,1
79450,1
79451,0
79452,0
79453,0
79454,1
79455,1
79456,1
79457,1
79458,1
79459,1
79460,1
79461,0
79462,1
79463,0
79464,1
79465,1
79466,0
79467,1
79468,1
79469,1
79470,0
79471,1
79472,1
79473,1
79474,0
79475,0
79476,0
79477,1
79478,1
79479,1
79480,0
79481,0
79482,1
79483,1
79484,0
79485,0
79486,1
79487,0
79488,1
79489,1
79490,1
79491,1
79492,0
79493,1
79494,0
79495,1
79496,1
79497,1
79498,1
79499,0
79500,1
79501,0
79502,1
79503,0
79504,0
79505,1
79506,1
79507,1
79508,0
79509,1
79510,1
79511,1
79512,1
79513,0
79514,1
79515,1
79516,1
79517,1
79518,1
79519,1
79520,0
79521,0
79522,0
79523,1
79524,1
79525,1
79526,1
79527,1
79528,1
79529,1
79530,0
79531,0
79532,1
79533,0
79534,0
79535,1
79536,1
79537,1
79538,1
79539,0
79540,0
79541,1
79542,1
79543,1
79544,1
79545,0
79546,1
79547,1
79548,0
79549,1
79550,0
79551,1
79552,1
79553,1
79554,1
79555,0
79556,1
79557,0
79558,1
79559,1
79560,0
79561,1
79562,1
79563,1
79564,0
79565,1
79566,0
79567,0
79568,0
79569,0
79570,1
79571,1
79572,0
79573,1
79574,1
79575,1
79576,1
79577,1
79578,1
79579,1
79580,1
79581,0
79582,0
79583,0
79584,1
79585,1
79586,1
79587,1
79588,1
79589,0
79590,0
79591,0
79592,1
79593,1
79594,1
79595,0
79596,1
79597,1
79598,1
79599,0
79600,0
79601,1
79602,1
79603,1
79604,1
79605,1
79606,0
79607,1
79608,1
79609,0
79610,1
79611,0
79612,1
79613,0
79614,0
79615,1
79616,1
79617,0
79618,1
79619,1
79620,1
79621,1
79622,0
79623,1
79624,1
79625,1
79626,0
79627,1
79628,0
79629,0
79630,0
79631,0
79632,1
79633,0
79634,0
79635,0
79636,1
79637,0
79638,1
79639,0
79640,1
79641,0
79642,0
79643,1
79644,1
79645,1
79646,1
79647,0
79648,1
79649,1
79650,0
79651,0
79652,1
79653,1
79654,1
79655,0
79656,0
79657,1
79658,1
79659,1
79660,1
79661,1
79662,0
79663,1
79664,1
79665,1
79666,0
79667,1
79668,1
79669,1
79670,1
79671,0
79672,1
79673,1
79674,1
79675,1
79676,0
79677,1
79678,1
79679,1
79680,1
79681,1
79682,1
79683,1
79684,1
79685,1
79686,0
79687,0
79688,1
79689,0
79690,0
79691,0
79692,0
79693,0
79694,0
79695,1
79696,0
79697,1
79698,1
79699,1
79700,1
79701,1
79702,1
79703,1
79704,1
79705,1
79706,1
79707,1
79708,0
79709,0
79710,0
79711,1
79712,0
79713,1
79714,1
79715,1
79716,1
79717,1
79718,0
79719,1
79720,0
79721,0
79722,1
79723,0
79724,1
79725,1
79726,1
79727,1
79728,1
79729,0
79730,1
79731,1
79732,1
79733,0
79734,1
79735,1
79736,1
79737,0
79738,0
79739,1
79740,0
79741,1
79742,0
79743,1
79744,1
79745,1
79746,1
79747,0
79748,0
79749,1
79750,0
79751,1
79752,1
79753,0
79754,1
79755,1
79756,1
79757,1
79758,1
79759,1
79760,1
79761,0
79762,1
79763,0
79764,1
79765,1
79766,0
79767,1
79768,1
79769,1
79770,1
79771,1
79772,0
79773,1
79774,1
79775,0
79776,0
79777,0
79778,0
79779,1
79780,1
79781,0
79782,1
79783,1
79784,1
79785,0
79786,1
79787,1
79788,0
79789,0
79790,0
79791,0
79792,1
79793,1
79794,1
79795,0
79796,0
79797,1
79798,0
79799,1
79800,1
79801,1
79802,0
79803,0
79804,1
79805,1
79806,0
79807,0
79808,0
79809,0
79810,1
79811,1
79812,1
79813,0
79814,0
79815,0
79816,0
79817,1
79818,0
79819,1
79820,1
79821,1
79822,0
79823,1
79824,0
79825,1
79826,1
79827,1
79828,1
79829,0
79830,0
79831,0
79832,1
79833,1
79834,1
79835,1
79836,0
79837,1
79838,0
79839,1
79840,0
79841,1
79842,0
79843,1
79844,1
79845,1
79846,1
79847,1
79848,1
79849,1
79850,1
79851,0
79852,1
79853,1
79854,1
79855,1
79856,1
79857,1
79858,1
79859,0
79860,1
79861,1
79862,1
79863,1
79864,1
79865,1
79866,0
79867,1
79868,1
79869,1
79870,1
79871,1
79872,0
79873,0
79874,1
79875,0
79876,1
79877,0
79878,1
79879,1
79880,1
79881,0
79882,1
79883,1
79884,0
79885,1
79886,1
79887,0
79888,0
79889,1
79890,1
79891,1
79892,0
79893,1
79894,0
79895,0
79896,1
79897,1
79898,1
79899,1
79900,0
79901,1
79902,1
79903,0
79904,1
79905,0
79906,0
79907,0
79908,1
79909,0
79910,1
79911,0
79912,1
79913,1
79914,1
79915,1
79916,1
79917,1
79918,0
79919,0
79920,0
79921,0
79922,1
79923,1
79924,1
79925,0
79926,1
79927,1
79928,0
79929,1
79930,1
79931,1
79932,1
79933,1
79934,1
79935,1
79936,1
79937,1
79938,1
79939,1
79940,1
79941,1
79942,1
79943,0
79944,1
79945,1
79946,1
79947,0
79948,1
79949,0
79950,0
79951,1
79952,1
79953,1
79954,1
79955,0
79956,0
79957,1
79958,1
79959,0
79960,1
79961,1
79962,1
79963,0
79964,1
79965,1
79966,0
79967,1
79968,1
79969,1
79970,1
79971,0
79972,1
79973,1
79974,1
79975,0
79976,1
79977,0
79978,1
79979,1
79980,0
79981,0
79982,1
79983,1
79984,0
79985,0
79986,1
79987,1
79988,1
79989,1
79990,0
79991,1
79992,1
79993,1
79994,1
79995,1
79996,0
79997,1
79998,1
79999,0
80000,0
80001,1
80002,0
80003,1
80004,1
80005,0
80006,1
80007,1
80008,1
80009,1
80010,1
80011,1
80012,0
80013,1
80014,0
80015,0
80016,1
80017,0
80018,1
80019,0
80020,1
80021,1
80022,1
80023,0
80024,0
80025,1
80026,1
80027,0
80028,0
80029,1
80030,1
80031,0
80032,0
80033,0
80034,1
80035,1
80036,0
80037,1
80038,1
80039,1
80040,1
80041,1
80042,0
80043,1
80044,0
80045,0
80046,1
80047,0
80048,1
80049,1
80050,1
80051,1
80052,0
80053,1
80054,1
80055,1
80056,0
80057,1
80058,1
80059,0
80060,0
80061,1
80062,0
80063,1
80064,1
80065,0
80066,0
80067,0
80068,1
80069,1
80070,1
80071,0
80072,0
80073,1
80074,1
80075,1
80076,0
80077,0
80078,1
80079,0
80080,1
80081,0
80082,0
80083,0
80084,0
80085,1
80086,1
80087,1
80088,1
80089,1
80090,0
80091,1
80092,1
80093,0
80094,1
80095,1
80096,0
80097,1
80098,1
80099,1
80100,1
80101,0
80102,1
80103,1
80104,1
80105,0
80106,0
80107,1
80108,0
80109,0
80110,0
80111,1
80112,0
80113,1
80114,0
80115,1
80116,0
80117,1
80118,0
80119,1
80120,0
80121,0
80122,1
80123,1
80124,0
80125,1
80126,0
80127,1
80128,1
80129,1
80130,1
80131,0
80132,1
80133,0
80134,1
80135,1
80136,1
80137,0
80138,0
80139,1
80140,1
80141,1
80142,1
80143,0
80144,1
80145,1
80146,0
80147,1
80148,1
80149,0
80150,1
80151,1
80152,0
80153,1
80154,0
80155,1
80156,1
80157,1
80158,0
80159,0
80160,1
80161,0
80162,0
80163,0
80164,1
80165,1
80166,1
80167,0
80168,1
80169,1
80170,1
80171,0
80172,1
80173,1
80174,1
80175,0
80176,1
80177,1
80178,0
80179,1
80180,1
80181,1
80182,0
80183,1
80184,0
80185,1
80186,0
80187,0
80188,0
80189,0
80190,1
80191,1
80192,0
80193,1
80194,0
80195,0
80196,1
80197,0
80198,1
80199,1
80200,1
80201,1
80202,1
80203,1
80204,0
80205,1
80206,0
80207,1
80208,1
80209,1
80210,1
80211,0
80212,0
80213,1
80214,0
80215,1
80216,1
80217,1
80218,1
80219,1
80220,0
80221,0
80222,1
80223,1
80224,0
80225,1
80226,1
80227,0
80228,0
80229,0
80230,1
80231,0
80232,0
80233,0
80234,1
80235,1
80236,1
80237,1
80238,1
80239,0
80240,1
80241,1
80242,0
80243,1
80244,1
80245,1
80246,0
80247,0
80248,0
80249,1
80250,1
80251,1
80252,0
80253,1
80254,0
80255,1
80256,0
80257,1
80258,0
80259,0
80260,0
80261,1
80262,1
80263,0
80264,0
80265,1
80266,1
80267,1
80268,0
80269,0
80270,0
80271,1
80272,0
80273,0
80274,1
80275,1
80276,1
80277,1
80278,1
80279,1
80280,0
80281,1
80282,1
80283,1
80284,0
80285,1
80286,1
80287,1
80288,0
80289,0
80290,0
80291,1
80292,0
80293,1
80294,1
80295,0
80296,1
80297,1
80298,0
80299,1
80300,1
80301,1
80302,1
80303,0
80304,1
80305,1
80306,1
80307,0
80308,0
80309,0
80310,1
80311,1
80312,1
80313,1
80314,1
80315,1
80316,0
80317,1
80318,1
80319,1
80320,0
80321,1
80322,1
80323,1
80324,1
80325,1
80326,1
80327,1
80328,0
80329,0
80330,1
80331,1
80332,1
80333,1
80334,0
80335,1
80336,1
80337,0
80338,1
80339,0
80340,0
80341,0
80342,1
80343,1
80344,1
80345,0
80346,1
80347,0
80348,1
80349,1
80350,1
80351,0
80352,0
80353,1
80354,0
80355,0
80356,1
80357,0
80358,0
80359,0
80360,1
80361,1
80362,0
80363,1
80364,1
80365,0
80366,1
80367,1
80368,1
80369,1
80370,0
80371,1
80372,0
80373,1
80374,1
80375,0
80376,1
80377,1
80378,1
80379,1
80380,0
80381,0
80382,1
80383,0
80384,0
80385,1
80386,1
80387,1
80388,1
80389,1
80390,0
80391,1
80392,1
80393,0
80394,1
80395,0
80396,1
80397,1
80398,1
80399,0
80400,1
80401,1
80402,1
80403,1
80404,1
80405,0
80406,0
80407,0
80408,1
80409,1
80410,0
80411,0
80412,0
80413,0
80414,1
80415,1
80416,1
80417,0
80418,0
80419,1
80420,1
80421,1
80422,1
80423,1
80424,1
80425,1
80426,1
80427,1
80428,1
80429,0
80430,1
80431,1
80432,0
80433,1
80434,1
80435,1
80436,1
80437,1
80438,1
80439,1
80440,0
80441,1
80442,0
80443,0
80444,1
80445,1
80446,1
80447,1
80448,1
80449,1
80450,1
80451,0
80452,1
80453,0
80454,0
80455,1
80456,1
80457,0
80458,1
80459,1
80460,1
80461,1
80462,1
80463,0
80464,1
80465,1
80466,1
80467,1
80468,1
80469,1
80470,1
80471,1
80472,1
80473,1
80474,1
80475,1
80476,0
80477,1
80478,1
80479,1
80480,1
80481,1
80482,0
80483,1
80484,1
80485,1
80486,0
80487,1
80488,1
80489,0
80490,0
80491,1
80492,1
80493,1
80494,1
80495,1
80496,1
80497,1
80498,1
80499,0
80500,0
80501,1
80502,0
80503,1
80504,1
80505,1
80506,0
80507,0
80508,1
80509,0
80510,1
80511,0
80512,0
80513,1
80514,0
80515,1
80516,1
80517,1
80518,1
80519,0
80520,1
80521,0
80522,1
80523,0
80524,1
80525,1
80526,1
80527,1
80528,1
80529,0
80530,1
80531,0
80532,1
80533,1
80534,1
80535,0
80536,0
80537,0
80538,1
80539,1
80540,1
80541,0
80542,0
80543,0
80544,0
80545,1
80546,1
80547,1
80548,1
80549,1
80550,0
80551,1
80552,1
80553,0
80554,0
80555,0
80556,0
80557,0
80558,0
80559,1
80560,1
80561,1
80562,1
80563,1
80564,1
80565,1
80566,0
80567,1
80568,1
80569,1
80570,0
80571,1
80572,1
80573,1
80574,0
80575,1
80576,0
80577,1
80578,1
80579,0
80580,0
80581,1
80582,1
80583,1
80584,1
80585,1
80586,1
80587,1
80588,1
80589,1
80590,0
80591,0
80592,1
80593,1
80594,1
80595,0
80596,0
80597,0
80598,0
80599,1
80600,0
80601,1
80602,1
80603,0
80604,1
80605,1
80606,1
80607,1
80608,0
80609,0
80610,1
80611,1
80612,1
80613,1
80614,0
80615,0
80616,1
80617,0
80618,0
80619,0
80620,1
80621,0
80622,1
80623,1
80624,1
80625,1
80626,0
80627,0
80628,0
80629,0
80630,1
80631,1
80632,0
80633,0
80634,1
80635,0
80636,1
80637,1
80638,1
80639,1
80640,1
80641,0
80642,1
80643,0
80644,1
80645,1
80646,1
80647,1
80648,0
80649,1
80650,0
80651,1
80652,1
80653,1
80654,1
80655,1
80656,1
80657,1
80658,1
80659,0
80660,1
80661,0
80662,1
80663,1
80664,1
80665,0
80666,0
80667,1
80668,1
80669,0
80670,1
80671,0
80672,1
80673,1
80674,0
80675,1
80676,1
80677,0
80678,1
80679,1
80680,0
80681,1
80682,1
80683,1
80684,1
80685,1
80686,0
80687,1
80688,1
80689,1
80690,1
80691,0
80692,0
80693,0
80694,1
80695,0
80696,1
80697,1
80698,0
80699,1
80700,1
80701,0
80702,1
80703,0
80704,1
80705,1
80706,1
80707,0
80708,1
80709,0
80710,1
80711,1
80712,0
80713,1
80714,0
80715,0
80716,1
80717,1
80718,0
80719,0
80720,0
80721,1
80722,0
80723,1
80724,1
80725,1
80726,1
80727,1
80728,0
80729,1
80730,1
80731,0
80732,1
80733,1
80734,1
80735,0
80736,1
80737,1
80738,1
80739,1
80740,0
80741,1
80742,1
80743,0
80744,1
80745,0
80746,0
80747,1
80748,1
80749,0
80750,1
80751,0
80752,1
80753,1
80754,1
80755,0
80756,1
80757,1
80758,0
80759,1
80760,1
80761,1
80762,1
80763,1
80764,0
80765,1
80766,1
80767,1
80768,0
80769,0
80770,1
80771,1
80772,1
80773,1
80774,1
80775,1
80776,1
80777,1
80778,1
80779,1
80780,0
80781,1
80782,1
80783,1
80784,0
80785,0
80786,1
80787,0
80788,0
80789,0
80790,1
80791,0
80792,0
80793,1
80794,0
80795,1
80796,0
80797,0
80798,0
80799,0
80800,1
80801,0
80802,1
80803,1
80804,1
80805,0
80806,1
80807,0
80808,1
80809,1
80810,1
80811,0
80812,1
80813,1
80814,1
80815,1
80816,0
80817,1
80818,1
80819,1
80820,0
80821,0
80822,1
80823,1
80824,0
80825,1
80826,0
80827,1
80828,1
80829,0
80830,1
80831,1
80832,0
80833,1
80834,1
80835,1
80836,1
80837,1
80838,0
80839,1
80840,1
80841,1
80842,0
80843,1
80844,1
80845,1
80846,1
80847,1
80848,1
80849,1
80850,0
80851,1
80852,1
80853,0
80854,1
80855,0
80856,1
80857,1
80858,1
80859,0
80860,1
80861,0
80862,0
80863,0
80864,1
80865,0
80866,1
80867,0
80868,0
80869,1
80870,1
80871,1
80872,0
80873,1
80874,1
80875,0
80876,0
80877,0
80878,1
80879,1
80880,1
80881,0
80882,0
80883,1
80884,0
80885,1
80886,1
80887,0
80888,0
80889,1
80890,0
80891,1
80892,1
80893,1
80894,1
80895,0
80896,0
80897,1
80898,0
80899,0
80900,1
80901,1
80902,1
80903,1
80904,1
80905,1
80906,1
80907,1
80908,1
80909,1
80910,0
80911,0
80912,0
80913,0
80914,1
80915,0
80916,1
80917,0
80918,1
80919,1
80920,1
80921,1
80922,1
80923,1
80924,1
80925,1
80926,0
80927,1
80928,0
80929,1
80930,0
80931,1
80932,0
80933,0
80934,1
80935,0
80936,1
80937,1
80938,1
80939,1
80940,1
80941,1
80942,1
80943,0
80944,0
80945,0
80946,0
80947,0
80948,0
80949,1
80950,0
80951,1
80952,1
80953,1
80954,1
80955,1
80956,1
80957,1
80958,1
80959,0
80960,0
80961,1
80962,0
80963,1
80964,1
80965,0
80966,1
80967,1
80968,0
80969,0
80970,1
80971,1
80972,0
80973,1
80974,1
80975,0
80976,1
80977,0
80978,0
80979,1
80980,0
80981,0
80982,1
80983,1
80984,0
80985,0
80986,1
80987,1
80988,0
80989,0
80990,1
80991,1
80992,1
80993,1
80994,1
80995,0
80996,0
80997,0
80998,1
80999,0
81000,0
81001,0
81002,1
81003,1
81004,1
81005,1
81006,0
81007,0
81008,1
81009,1
81010,1
81011,1
81012,0
81013,0
81014,1
81015,1
81016,0
81017,0
81018,0
81019,1
81020,1
81021,1
81022,1
81023,0
81024,1
81025,1
81026,1
81027,1
81028,0
81029,1
81030,1
81031,0
81032,1
81033,0
81034,1
81035,1
81036,1
81037,1
81038,0
81039,1
81040,1
81041,1
81042,1
81043,1
81044,1
81045,1
81046,1
81047,1
81048,1
81049,0
81050,0
81051,1
81052,1
81053,1
81054,0
81055,1
81056,1
81057,0
81058,1
81059,1
81060,0
81061,0
81062,0
81063,1
81064,1
81065,1
81066,0
81067,0
81068,1
81069,1
81070,1
81071,0
81072,1
81073,0
81074,0
81075,0
81076,0
81077,1
81078,1
81079,1
81080,0
81081,0
81082,1
81083,1
81084,1
81085,1
81086,1
81087,0
81088,0
81089,0
81090,1
81091,1
81092,0
81093,1
81094,1
81095,1
81096,0
81097,1
81098,1
81099,1
81100,0
81101,1
81102,1
81103,0
81104,1
81105,1
81106,1
81107,1
81108,0
81109,1
81110,0
81111,1
81112,1
81113,0
81114,1
81115,1
81116,1
81117,1
81118,1
81119,1
81120,0
81121,1
81122,1
81123,1
81124,0
81125,1
81126,1
81127,0
81128,0
81129,1
81130,1
81131,0
81132,1
81133,1
81134,0
81135,0
81136,1
81137,1
81138,0
81139,1
81140,1
81141,1
81142,0
81143,0
81144,0
81145,1
81146,1
81147,0
81148,0
81149,1
81150,1
81151,0
81152,0
81153,0
81154,1
81155,1
81156,1
81157,0
81158,1
81159,1
81160,1
81161,1
81162,1
81163,0
81164,0
81165,0
81166,1
81167,0
81168,1
81169,0
81170,1
81171,1
81172,0
81173,1
81174,1
81175,0
81176,1
81177,1
81178,1
81179,0
81180,1
81181,1
81182,0
81183,0
81184,1
81185,1
81186,1
81187,0
81188,1
81189,1
81190,1
81191,1
81192,1
81193,1
81194,1
81195,1
81196,1
81197,0
81198,1
81199,1
81200,1
81201,1
81202,1
81203,0
81204,0
81205,0
81206,0
81207,0
81208,1
81209,1
81210,0
81211,0
81212,0
81213,0
81214,1
81215,1
81216,1
81217,0
81218,1
81219,1
81220,1
81221,0
81222,0
81223,0
81224,1
81225,1
81226,0
81227,1
81228,1
81229,1
81230,1
81231,1
81232,1
81233,0
81234,0
81235,0
81236,1
81237,1
81238,1
81239,1
81240,0
81241,1
81242,1
81243,1
81244,1
81245,0
81246,1
81247,1
81248,1
81249,1
81250,0
81251,1
81252,1
81253,1
81254,1
81255,1
81256,0
81257,1
81258,0
81259,1
81260,0
81261,1
81262,1
81263,1
81264,1
81265,1
81266,0
81267,0
81268,0
81269,0
81270,1
81271,1
81272,0
81273,0
81274,1
81275,1
81276,0
81277,0
81278,1
81279,0
81280,0
81281,1
81282,0
81283,0
81284,0
81285,1
81286,1
81287,0
81288,0
81289,1
81290,1
81291,1
81292,1
81293,1
81294,1
81295,1
81296,1
81297,1
81298,1
81299,1
81300,1
81301,1
81302,1
81303,1
81304,1
81305,1
81306,1
81307,0
81308,1
81309,0
81310,1
81311,1
81312,0
81313,1
81314,0
81315,0
81316,0
81317,0
81318,1
81319,0
81320,0
81321,1
81322,0
81323,1
81324,1
81325,1
81326,1
81327,1
81328,0
81329,1
81330,1
81331,0
81332,1
81333,0
81334,1
81335,1
81336,1
81337,1
81338,1
81339,0
81340,0
81341,1
81342,0
81343,0
81344,0
81345,1
81346,1
81347,1
81348,0
81349,1
81350,1
81351,1
81352,1
81353,1
81354,0
81355,1
81356,1
81357,1
81358,1
81359,0
81360,0
81361,1
81362,1
81363,0
81364,1
81365,0
81366,1
81367,1
81368,1
81369,1
81370,1
81371,1
81372,0
81373,0
81374,1
81375,1
81376,1
81377,1
81378,1
81379,0
81380,1
81381,1
81382,0
81383,1
81384,0
81385,0
81386,1
81387,0
81388,1
81389,1
81390,1
81391,0
81392,1
81393,1
81394,1
81395,0
81396,0
81397,0
81398,1
81399,1
81400,0
81401,1
81402,0
81403,0
81404,1
81405,1
81406,1
81407,1
81408,1
81409,1
81410,0
81411,1
81412,1
81413,1
81414,1
81415,1
81416,1
81417,0
81418,0
81419,0
81420,1
81421,0
81422,1
81423,0
81424,1
81425,1
81426,0
81427,1
81428,1
81429,1
81430,1
81431,1
81432,1
81433,0
81434,1
81435,0
81436,1
81437,0
81438,0
81439,1
81440,0
81441,1
81442,1
81443,0
81444,0
81445,1
81446,0
81447,0
81448,0
81449,0
81450,1
81451,1
81452,1
81453,1
81454,1
81455,1
81456,1
81457,1
81458,1
81459,0
81460,1
81461,1
81462,0
81463,1
81464,0
81465,1
81466,1
81467,0
81468,0
81469,1
81470,1
81471,1
81472,1
81473,0
81474,1
81475,1
81476,0
81477,0
81478,1
81479,1
81480,1
81481,1
81482,0
81483,1
81484,0
81485,0
81486,1
81487,0
81488,0
81489,1
81490,1
81491,0
81492,1
81493,0
81494,1
81495,0
81496,0
81497,1
81498,0
81499,0
81500,1
81501,1
81502,1
81503,0
81504,0
81505,1
81506,1
81507,1
81508,0
81509,0
81510,1
81511,1
81512,1
81513,1
81514,0
81515,1
81516,0
81517,1
81518,1
81519,1
81520,0
81521,0
81522,1
81523,1
81524,1
81525,1
81526,0
81527,1
81528,0
81529,1
81530,0
81531,1
81532,1
81533,1
81534,0
81535,0
81536,0
81537,0
81538,1
81539,1
81540,1
81541,0
81542,0
81543,1
81544,1
81545,0
81546,1
81547,0
81548,1
81549,0
81550,1
81551,1
81552,1
81553,0
81554,1
81555,1
81556,0
81557,1
81558,1
81559,1
81560,0
81561,1
81562,1
81563,0
81564,1
81565,1
81566,1
81567,0
81568,1
81569,0
81570,1
81571,1
81572,0
81573,0
81574,1
81575,1
81576,0
81577,0
81578,0
81579,0
81580,1
81581,1
81582,1
81583,0
81584,0
81585,1
81586,1
81587,1
81588,0
81589,1
81590,1
81591,1
81592,1
81593,1
81594,1
81595,0
81596,0
81597,0
81598,1
81599,1
81600,0
81601,0
81602,0
81603,0
81604,0
81605,0
81606,0
81607,1
81608,0
81609,0
81610,0
81611,0
81612,0
81613,1
81614,0
81615,0
81616,1
81617,0
81618,0
81619,0
81620,1
81621,1
81622,1
81623,0
81624,1
81625,1
81626,0
81627,1
81628,1
81629,0
81630,1
81631,0
81632,0
81633,1
81634,0
81635,1
81636,0
81637,1
81638,1
81639,1
81640,1
81641,1
81642,0
81643,0
81644,1
81645,1
81646,1
81647,0
81648,0
81649,0
81650,0
81651,1
81652,1
81653,0
81654,0
81655,1
81656,0
81657,1
81658,1
81659,1
81660,0
81661,1
81662,1
81663,0
81664,1
81665,1
81666,0
81667,1
81668,0
81669,0
81670,1
81671,1
81672,0
81673,1
81674,1
81675,1
81676,0
81677,1
81678,1
81679,1
81680,1
81681,1
81682,1
81683,1
81684,0
81685,1
81686,1
81687,0
81688,1
81689,1
81690,0
81691,0
81692,0
81693,0
81694,1
81695,0
81696,1
81697,1
81698,0
81699,1
81700,1
81701,1
81702,0
81703,0
81704,0
81705,1
81706,0
81707,1
81708,1
81709,1
81710,1
81711,0
81712,1
81713,1
81714,1
81715,1
81716,1
81717,0
81718,1
81719,1
81720,1
81721,1
81722,1
81723,0
81724,1
81725,0
81726,0
81727,0
81728,0
81729,1
81730,0
81731,0
81732,1
81733,1
81734,1
81735,0
81736,1
81737,0
81738,1
81739,0
81740,0
81741,1
81742,1
81743,0
81744,1
81745,1
81746,1
81747,0
81748,1
81749,1
81750,0
81751,1
81752,1
81753,1
81754,1
81755,0
81756,1
81757,1
81758,1
81759,1
81760,0
81761,1
81762,1
81763,1
81764,1
81765,1
81766,0
81767,0
81768,1
81769,0
81770,0
81771,1
81772,1
81773,0
81774,0
81775,0
81776,0
81777,0
81778,1
81779,1
81780,1
81781,1
81782,0
81783,1
81784,0
81785,1
81786,0
81787,0
81788,1
81789,1
81790,0
81791,1
81792,1
81793,1
81794,1
81795,1
81796,0
81797,0
81798,0
81799,0
81800,0
81801,1
81802,1
81803,1
81804,1
81805,1
81806,0
81807,0
81808,1
81809,1
81810,1
81811,0
81812,1
81813,1
81814,1
81815,1
81816,0
81817,0
81818,0
81819,1
81820,1
81821,1
81822,0
81823,1
81824,0
81825,0
81826,1
81827,0
81828,1
81829,1
81830,1
81831,1
81832,1
81833,1
81834,0
81835,1
81836,1
81837,1
81838,0
81839,0
81840,0
81841,1
81842,1
81843,0
81844,1
81845,0
81846,1
81847,1
81848,1
81849,1
81850,0
81851,0
81852,1
81853,1
81854,1
81855,1
81856,1
81857,1
81858,0
81859,1
81860,0
81861,1
81862,1
81863,1
81864,1
81865,1
81866,1
81867,1
81868,1
81869,0
81870,0
81871,1
81872,1
81873,1
81874,1
81875,0
81876,0
81877,1
81878,1
81879,1
81880,0
81881,1
81882,0
81883,1
81884,1
81885,1
81886,1
81887,0
81888,1
81889,0
81890,1
81891,0
81892,1
81893,1
81894,1
81895,0
81896,0
81897,1
81898,1
81899,1
81900,1
81901,0
81902,1
81903,1
81904,1
81905,0
81906,1
81907,1
81908,1
81909,0
81910,1
81911,1
81912,1
81913,1
81914,1
81915,1
81916,1
81917,1
81918,0
81919,1
81920,0
81921,1
81922,1
81923,0
81924,1
81925,0
81926,1
81927,1
81928,1
81929,1
81930,1
81931,0
81932,1
81933,1
81934,0
81935,0
81936,1
81937,1
81938,1
81939,1
81940,1
81941,0
81942,1
81943,1
81944,1
81945,1
81946,0
81947,0
81948,0
81949,1
81950,1
81951,0
81952,1
81953,1
81954,0
81955,1
81956,0
81957,0
81958,1
81959,1
81960,0
81961,0
81962,1
81963,1
81964,1
81965,0
81966,1
81967,1
81968,0
81969,0
81970,1
81971,1
81972,1
81973,1
81974,1
81975,1
81976,1
81977,1
81978,1
81979,1
81980,1
81981,0
81982,1
81983,1
81984,0
81985,1
81986,1
81987,1
81988,0
81989,0
81990,1
81991,1
81992,1
81993,1
81994,1
81995,0
81996,1
81997,0
81998,1
81999,0
82000,0
82001,0
82002,1
82003,0
82004,0
82005,1
82006,0
82007,0
82008,0
82009,1
82010,1
82011,0
82012,0
82013,1
82014,1
82015,1
82016,0
82017,1
82018,1
82019,0
82020,0
82021,1
82022,1
82023,1
82024,1
82025,0
82026,0
82027,1
82028,1
82029,0
82030,1
82031,0
82032,0
82033,1
82034,1
82035,0
82036,1
82037,1
82038,1
82039,0
82040,0
82041,1
82042,0
82043,1
82044,0
82045,0
82046,1
82047,0
82048,1
82049,1
82050,1
82051,1
82052,1
82053,1
82054,1
82055,1
82056,1
82057,0
82058,0
82059,0
82060,1
82061,1
82062,1
82063,1
82064,0
82065,1
82066,1
82067,1
82068,1
82069,1
82070,1
82071,0
82072,1
82073,0
82074,1
82075,0
82076,1
82077,1
82078,1
82079,1
82080,1
82081,1
82082,0
82083,1
82084,0
82085,1
82086,0
82087,1
82088,1
82089,1
82090,1
82091,0
82092,1
82093,1
82094,0
82095,1
82096,1
82097,1
82098,1
82099,1
82100,1
82101,1
82102,0
82103,1
82104,0
82105,1
82106,1
82107,1
82108,1
82109,0
82110,0
82111,1
82112,1
82113,0
82114,1
82115,0
82116,1
82117,1
82118,0
82119,1
82120,0
82121,1
82122,1
82123,1
82124,1
82125,0
82126,0
82127,1
82128,0
82129,0
82130,0
82131,0
82132,1
82133,1
82134,0
82135,1
82136,1
82137,1
82138,1
82139,1
82140,0
82141,1
82142,1
82143,0
82144,1
82145,1
82146,0
82147,1
82148,0
82149,0
82150,0
82151,0
82152,1
82153,1
82154,0
82155,1
82156,1
82157,0
82158,0
82159,1
82160,0
82161,0
82162,1
82163,0
82164,1
82165,1
82166,0
82167,1
82168,1
82169,1
82170,0
82171,1
82172,0
82173,1
82174,0
82175,0
82176,1
82177,1
82178,1
82179,1
82180,0
82181,0
82182,1
82183,1
82184,1
82185,1
82186,1
82187,0
82188,0
82189,1
82190,1
82191,1
82192,1
82193,1
82194,1
82195,0
82196,0
82197,0
82198,0
82199,1
82200,1
82201,1
82202,0
82203,1
82204,1
82205,1
82206,1
82207,1
82208,1
82209,1
82210,0
82211,1
82212,1
82213,1
82214,1
82215,0
82216,1
82217,1
82218,1
82219,0
82220,0
82221,1
82222,1
82223,0
82224,1
82225,0
82226,0
82227,1
82228,0
82229,0
82230,1
82231,0
82232,1
82233,1
82234,1
82235,1
82236,1
82237,0
82238,1
82239,1
82240,1
82241,1
82242,1
82243,0
82244,1
82245,1
82246,0
82247,0
82248,1
82249,0
82250,0
82251,0
82252,0
82253,1
82254,0
82255,1
82256,1
82257,0
82258,0
82259,1
82260,0
82261,0
82262,1
82263,1
82264,1
82265,1
82266,0
82267,0
82268,1
82269,0
82270,1
82271,1
82272,0
82273,1
82274,1
82275,1
82276,0
82277,1
82278,1
82279,0
82280,1
82281,1
82282,0
82283,0
82284,0
82285,1
82286,1
82287,0
82288,1
82289,1
82290,1
82291,1
82292,1
82293,1
82294,1
82295,0
82296,0
82297,1
82298,1
82299,0
82300,0
82301,1
82302,0
82303,0
82304,1
82305,1
82306,0
82307,1
82308,0
82309,0
82310,1
82311,1
82312,1
82313,0
82314,1
82315,1
82316,1
82317,0
82318,1
82319,1
82320,0
82321,0
82322,1
82323,1
82324,1
82325,1
82326,1
82327,0
82328,1
82329,1
82330,1
82331,1
82332,1
82333,1
82334,1
82335,0
82336,1
82337,1
82338,0
82339,1
82340,1
82341,0
82342,0
82343,1
82344,0
82345,0
82346,0
82347,1
82348,0
82349,1
82350,1
82351,1
82352,0
82353,1
82354,0
82355,0
82356,1
82357,1
82358,0
82359,1
82360,1
82361,1
82362,1
82363,1
82364,1
82365,1
82366,1
82367,0
82368,1
82369,0
82370,1
82371,1
82372,1
82373,0
82374,1
82375,1
82376,1
82377,0
82378,1
82379,0
82380,0
82381,0
82382,1
82383,0
82384,0
82385,0
82386,0
82387,0
82388,1
82389,1
82390,0
82391,0
82392,1
82393,1
82394,0
82395,0
82396,1
82397,1
82398,0
82399,1
82400,1
82401,1
82402,1
82403,1
82404,1
82405,1
82406,0
82407,1
82408,1
82409,1
82410,1
82411,1
82412,1
82413,0
82414,1
82415,1
82416,1
82417,1
82418,0
82419,1
82420,1
82421,1
82422,0
82423,1
82424,0
82425,1
82426,1
82427,1
82428,0
82429,0
82430,0
82431,0
82432,1
82433,1
82434,1
82435,1
82436,1
82437,1
82438,1
82439,1
82440,0
82441,0
82442,1
82443,0
82444,1
82445,0
82446,1
82447,0
82448,0
82449,1
82450,1
82451,1
82452,0
82453,1
82454,1
82455,1
82456,1
82457,0
82458,1
82459,0
82460,1
82461,0
82462,0
82463,1
82464,1
82465,1
82466,0
82467,1
82468,1
82469,1
82470,1
82471,1
82472,0
82473,1
82474,1
82475,0
82476,1
82477,0
82478,1
82479,0
82480,1
82481,1
82482,0
82483,0
82484,1
82485,0
82486,0
82487,1
82488,1
82489,1
82490,1
82491,1
82492,1
82493,0
82494,0
82495,0
82496,0
82497,1
82498,0
82499,1
82500,1
82501,1
82502,1
82503,1
82504,1
82505,1
82506,1
82507,1
82508,1
82509,0
82510,0
82511,1
82512,1
82513,0
82514,1
82515,0
82516,1
82517,1
82518,0
82519,0
82520,0
82521,1
82522,1
82523,0
82524,1
82525,1
82526,1
82527,0
82528,1
82529,1
82530,1
82531,0
82532,1
82533,1
82534,1
82535,1
82536,1
82537,0
82538,1
82539,0
82540,0
82541,1
82542,1
82543,1
82544,1
82545,1
82546,0
82547,1
82548,0
82549,0
82550,0
82551,1
82552,1
82553,0
82554,1
82555,1
82556,0
82557,0
82558,0
82559,1
82560,0
82561,1
82562,1
82563,0
82564,0
82565,0
82566,0
82567,0
82568,0
82569,1
82570,0
82571,1
82572,1
82573,1
82574,1
82575,1
82576,1
82577,1
82578,0
82579,0
82580,0
82581,0
82582,0
82583,0
82584,1
82585,0
82586,1
82587,0
82588,0
82589,1
82590,1
82591,1
82592,1
82593,0
82594,0
82595,1
82596,1
82597,0
82598,1
82599,1
82600,1
82601,1
82602,1
82603,0
82604,0
82605,1
82606,1
82607,1
82608,1
82609,0
82610,1
82611,0
82612,0
82613,1
82614,1
82615,1
82616,0
82617,1
82618,0
82619,0
82620,0
82621,1
82622,1
82623,1
82624,1
82625,1
82626,1
82627,1
82628,1
82629,1
82630,1
82631,1
82632,0
82633,0
82634,1
82635,1
82636,0
82637,1
82638,1
82639,0
82640,1
82641,0
82642,1
82643,1
82644,0
82645,1
82646,1
82647,1
82648,1
82649,1
82650,1
82651,0
82652,1
82653,1
82654,1
82655,1
82656,0
82657,0
82658,1
82659,1
82660,1
82661,0
82662,0
82663,0
82664,0
82665,1
82666,0
82667,1
82668,1
82669,1
82670,0
82671,1
82672,0
82673,0
82674,1
82675,1
82676,1
82677,0
82678,0
82679,0
82680,0
82681,0
82682,1
82683,1
82684,1
82685,0
82686,0
82687,1
82688,1
82689,1
82690,1
82691,0
82692,0
82693,1
82694,1
82695,1
82696,0
82697,0
82698,1
82699,1
82700,0
82701,0
82702,1
82703,1
82704,1
82705,1
82706,1
82707,0
82708,0
82709,1
82710,1
82711,0
82712,1
82713,1
82714,0
82715,0
82716,0
82717,1
82718,1
82719,1
82720,1
82721,1
82722,1
82723,0
82724,1
82725,0
82726,0
82727,1
82728,1
82729,0
82730,1
82731,1
82732,1
82733,1
82734,1
82735,0
82736,1
82737,1
82738,1
82739,1
82740,0
82741,0
82742,0
82743,1
82744,0
82745,0
82746,1
82747,1
82748,1
82749,0
82750,1
82751,1
82752,0
82753,1
82754,1
82755,1
82756,1
82757,1
82758,1
82759,1
82760,1
82761,0
82762,1
82763,1
82764,0
82765,0
82766,1
82767,0
82768,1
82769,1
82770,1
82771,0
82772,1
82773,1
82774,1
82775,0
82776,1
82777,1
82778,1
82779,1
82780,1
82781,1
82782,0
82783,1
82784,0
82785,1
82786,1
82787,0
82788,0
82789,1
82790,1
82791,0
82792,0
82793,0
82794,1
82795,1
82796,0
82797,0
82798,1
82799,1
82800,0
82801,0
82802,1
82803,0
82804,0
82805,1
82806,1
82807,0
82808,0
82809,1
82810,0
82811,1
82812,0
82813,1
82814,1
82815,0
82816,1
82817,1
82818,0
82819,0
82820,0
82821,0
82822,1
82823,1
82824,1
82825,1
82826,1
82827,1
82828,1
82829,1
82830,1
82831,0
82832,0
82833,1
82834,0
82835,1
82836,1
82837,1
82838,1
82839,0
82840,0
82841,1
82842,1
82843,1
82844,0
82845,1
82846,0
82847,0
82848,1
82849,1
82850,1
82851,0
82852,1
82853,0
82854,0
82855,1
82856,1
82857,0
82858,1
82859,0
82860,1
82861,1
82862,1
82863,1
82864,1
82865,1
82866,1
82867,0
82868,1
82869,0
82870,1
82871,0
82872,0
82873,1
82874,0
82875,1
82876,1
82877,0
82878,1
82879,0
82880,1
82881,1
82882,1
82883,1
82884,0
82885,1
82886,1
82887,1
82888,1
82889,1
82890,1
82891,1
82892,1
82893,1
82894,0
82895,1
82896,1
82897,1
82898,1
82899,1
82900,0
82901,0
82902,1
82903,1
82904,0
82905,1
82906,0
82907,0
82908,1
82909,0
82910,1
82911,1
82912,0
82913,1
82914,1
82915,0
82916,1
82917,0
82918,1
82919,0
82920,0
82921,1
82922,0
82923,0
82924,1
82925,1
82926,0
82927,1
82928,1
82929,1
82930,0
82931,1
82932,0
82933,0
82934,1
82935,1
82936,1
82937,1
82938,1
82939,1
82940,1
82941,0
82942,1
82943,1
82944,1
82945,1
82946,1
82947,0
82948,0
82949,1
82950,1
82951,0
82952,1
82953,1
82954,0
82955,1
82956,1
82957,1
82958,1
82959,1
82960,1
82961,1
82962,0
82963,1
82964,0
82965,1
82966,0
82967,1
82968,0
82969,1
82970,1
82971,1
82972,1
82973,0
82974,0
82975,1
82976,0
82977,1
82978,1
82979,1
82980,0
82981,1
82982,1
82983,1
82984,0
82985,1
82986,0
82987,1
82988,1
82989,0
82990,1
82991,1
82992,1
82993,1
82994,0
82995,1
82996,1
82997,1
82998,1
82999,0
83000,1
83001,1
83002,0
83003,0
83004,1
83005,1
83006,0
83007,1
83008,1
83009,1
83010,0
83011,1
83012,0
83013,0
83014,1
83015,1
83016,1
83017,0
83018,1
83019,1
83020,1
83021,0
83022,0
83023,1
83024,1
83025,1
83026,0
83027,1
83028,1
83029,1
83030,1
83031,1
83032,0
83033,0
83034,1
83035,1
83036,0
83037,1
83038,0
83039,0
83040,1
83041,1
83042,1
83043,1
83044,1
83045,0
83046,0
83047,1
83048,1
83049,0
83050,0
83051,0
83052,1
83053,1
83054,0
83055,1
83056,0
83057,0
83058,0
83059,1
83060,0
83061,1
83062,1
83063,1
83064,0
83065,1
83066,1
83067,1
83068,0
83069,0
83070,1
83071,0
83072,1
83073,1
83074,0
83075,1
83076,1
83077,1
83078,1
83079,0
83080,1
83081,0
83082,0
83083,1
83084,0
83085,0
83086,1
83087,1
83088,0
83089,0
83090,1
83091,1
83092,0
83093,1
83094,1
83095,1
83096,1
83097,0
83098,1
83099,1
83100,1
83101,1
83102,1
83103,1
83104,1
83105,0
83106,1
83107,1
83108,0
83109,1
83110,1
83111,1
83112,0
83113,1
83114,0
83115,1
83116,0
83117,0
83118,1
83119,1
83120,0
83121,1
83122,0
83123,1
83124,0
83125,1
83126,0
83127,0
83128,0
83129,0
83130,1
83131,0
83132,1
83133,1
83134,0
83135,0
83136,1
83137,0
83138,1
83139,1
83140,1
83141,0
83142,1
83143,0
83144,1
83145,0
83146,1
83147,0
83148,0
83149,0
83150,0
83151,1
83152,1
83153,1
83154,1
83155,1
83156,0
83157,1
83158,1
83159,1
83160,1
83161,1
83162,1
83163,0
83164,1
83165,1
83166,0
83167,1
83168,1
83169,1
83170,1
83171,0
83172,1
83173,0
83174,0
83175,1
83176,0
83177,1
83178,1
83179,0
83180,1
83181,1
83182,1
83183,1
83184,0
83185,1
83186,0
83187,1
83188,1
83189,1
83190,1
83191,0
83192,1
83193,1
83194,0
83195,1
83196,1
83197,0
83198,1
83199,1
83200,1
83201,1
83202,1
83203,1
83204,0
83205,1
83206,1
83207,1
83208,1
83209,1
83210,1
83211,1
83212,1
83213,1
83214,1
83215,0
83216,1
83217,1
83218,1
83219,1
83220,1
83221,0
83222,0
83223,1
83224,1
83225,0
83226,0
83227,1
83228,0
83229,1
83230,1
83231,1
83232,0
83233,1
83234,0
83235,1
83236,1
83237,1
83238,1
83239,0
83240,1
83241,1
83242,0
83243,1
83244,1
83245,0
83246,1
83247,1
83248,1
83249,1
83250,1
83251,1
83252,1
83253,0
83254,1
83255,1
83256,1
83257,0
83258,1
83259,1
83260,0
83261,1
83262,1
83263,1
83264,0
83265,1
83266,0
83267,1
83268,1
83269,0
83270,1
83271,0
83272,1
83273,0
83274,0
83275,1
83276,0
83277,1
83278,0
83279,0
83280,1
83281,0
83282,0
83283,1
83284,1
83285,1
83286,1
83287,1
83288,0
83289,0
83290,1
83291,1
83292,1
83293,0
83294,0
83295,0
83296,1
83297,1
83298,1
83299,1
83300,1
83301,1
83302,0
83303,0
83304,0
83305,1
83306,1
83307,1
83308,1
83309,1
83310,1
83311,0
83312,0
83313,0
83314,0
83315,0
83316,1
83317,1
83318,0
83319,1
83320,1
83321,1
83322,0
83323,1
83324,0
83325,0
83326,1
83327,1
83328,0
83329,1
83330,1
83331,1
83332,1
83333,0
83334,0
83335,1
83336,1
83337,1
83338,1
83339,0
83340,1
83341,1
83342,1
83343,1
83344,1
83345,1
83346,0
83347,1
83348,0
83349,1
83350,0
83351,0
83352,0
83353,1
83354,1
83355,0
83356,0
83357,0
83358,1
83359,1
83360,1
83361,0
83362,0
83363,1
83364,1
83365,0
83366,0
83367,0
83368,0
83369,1
83370,1
83371,1
83372,0
83373,0
83374,1
83375,0
83376,0
83377,1
83378,0
83379,1
83380,0
83381,1
83382,0
83383,1
83384,0
83385,1
83386,1
83387,0
83388,0
83389,0
83390,0
83391,0
83392,1
83393,0
83394,1
83395,1
83396,0
83397,1
83398,0
83399,0
83400,0
83401,1
83402,1
83403,0
83404,0
83405,1
83406,0
83407,0
83408,0
83409,1
83410,0
83411,0
83412,1
83413,0
83414,0
83415,1
83416,0
83417,1
83418,1
83419,1
83420,1
83421,1
83422,1
83423,0
83424,0
83425,0
83426,1
83427,1
83428,1
83429,0
83430,0
83431,1
83432,1
83433,1
83434,1
83435,0
83436,1
83437,1
83438,0
83439,1
83440,1
83441,1
83442,1
83443,0
83444,1
83445,1
83446,1
83447,1
83448,1
83449,1
83450,0
83451,1
83452,0
83453,1
83454,0
83455,0
83456,1
83457,0
83458,0
83459,1
83460,1
83461,1
83462,0
83463,0
83464,0
83465,1
83466,1
83467,0
83468,1
83469,1
83470,0
83471,1
83472,1
83473,0
83474,0
83475,1
83476,1
83477,1
83478,1
83479,1
83480,0
83481,0
83482,1
83483,0
83484,0
83485,0
83486,1
83487,1
83488,0
83489,0
83490,1
83491,1
83492,0
83493,1
83494,1
83495,1
83496,1
83497,1
83498,1
83499,1
83500,1
83501,0
83502,0
83503,0
83504,1
83505,1
83506,1
83507,1
83508,1
83509,1
83510,0
83511,0
83512,1
83513,0
83514,0
83515,0
83516,0
83517,1
83518,0
83519,0
83520,1
83521,1
83522,0
83523,0
83524,1
83525,1
83526,1
83527,1
83528,1
83529,1
83530,1
83531,0
83532,1
83533,0
83534,0
83535,1
83536,0
83537,1
83538,1
83539,1
83540,1
83541,1
83542,1
83543,1
83544,1
83545,1
83546,0
83547,1
83548,1
83549,1
83550,1
83551,1
83552,1
83553,1
83554,0
83555,0
83556,1
83557,0
83558,1
83559,1
83560,0
83561,0
83562,0
83563,1
83564,1
83565,0
83566,0
83567,1
83568,1
83569,1
83570,1
83571,0
83572,0
83573,1
83574,1
83575,1
83576,1
83577,1
83578,1
83579,1
83580,1
83581,1
83582,1
83583,1
83584,0
83585,1
83586,1
83587,1
83588,0
83589,0
83590,1
83591,0
83592,1
83593,1
83594,0
83595,1
83596,1
83597,0
83598,1
83599,1
83600,0
83601,1
83602,0
83603,1
83604,0
83605,0
83606,1
83607,0
83608,1
83609,0
83610,1
83611,0
83612,0
83613,0
83614,1
83615,1
83616,1
83617,1
83618,0
83619,1
83620,1
83621,1
83622,1
83623,1
83624,1
83625,1
83626,1
83627,1
83628,0
83629,1
83630,1
83631,0
83632,1
83633,1
83634,1
83635,1
83636,1
83637,0
83638,0
83639,1
83640,1
83641,0
83642,1
83643,1
83644,1
83645,1
83646,0
83647,1
83648,1
83649,1
83650,0
83651,0
83652,1
83653,0
83654,1
83655,1
83656,0
83657,1
83658,1
83659,0
83660,1
83661,1
83662,0
83663,1
83664,1
83665,1
83666,0
83667,1
83668,1
83669,1
83670,1
83671,0
83672,1
83673,1
83674,0
83675,0
83676,0
83677,1
83678,1
83679,1
83680,1
83681,1
83682,1
83683,0
83684,1
83685,0
83686,1
83687,1
83688,1
83689,1
83690,1
83691,0
83692,1
83693,1
83694,0
83695,0
83696,0
83697,1
83698,0
83699,1
83700,0
83701,1
83702,1
83703,1
83704,0
83705,1
83706,0
83707,1
83708,1
83709,1
83710,0
83711,0
83712,1
83713,1
83714,0
83715,0
83716,1
83717,0
83718,1
83719,0
83720,1
83721,0
83722,0
83723,0
83724,1
83725,0
83726,1
83727,1
83728,1
83729,1
83730,1
83731,0
83732,1
83733,0
83734,1
83735,0
83736,1
83737,1
83738,1
83739,0
83740,0
83741,1
83742,1
83743,1
83744,0
83745,1
83746,1
83747,0
83748,1
83749,1
83750,1
83751,1
83752,1
83753,1
83754,1
83755,0
83756,1
83757,1
83758,1
83759,1
83760,0
83761,0
83762,0
83763,1
83764,1
83765,1
83766,0
83767,0
83768,0
83769,1
83770,1
83771,0
83772,1
83773,1
83774,1
83775,0
83776,1
83777,1
83778,1
83779,1
83780,1
83781,1
83782,1
83783,0
83784,1
83785,1
83786,1
83787,1
83788,0
83789,1
83790,1
83791,1
83792,0
83793,0
83794,0
83795,0
83796,1
83797,1
83798,1
83799,0
83800,1
83801,0
83802,0
83803,1
83804,1
83805,1
83806,1
83807,1
83808,1
83809,1
83810,1
83811,1
83812,0
83813,1
83814,1
83815,1
83816,1
83817,0
83818,0
83819,1
83820,1
83821,0
83822,1
83823,1
83824,1
83825,0
83826,0
83827,1
83828,0
83829,0
83830,1
83831,1
83832,1
83833,1
83834,1
83835,1
83836,0
83837,1
83838,1
83839,1
83840,0
83841,1
83842,0
83843,0
83844,1
83845,1
83846,1
83847,1
83848,1
83849,1
83850,1
83851,1
83852,1
83853,1
83854,1
83855,1
83856,0
83857,1
83858,1
83859,1
83860,1
83861,1
83862,0
83863,0
83864,1
83865,0
83866,0
83867,1
83868,1
83869,1
83870,1
83871,1
83872,0
83873,0
83874,1
83875,1
83876,1
83877,1
83878,1
83879,1
83880,0
83881,1
83882,0
83883,1
83884,0
83885,0
83886,1
83887,0
83888,1
83889,1
83890,0
83891,0
83892,1
83893,1
83894,1
83895,1
83896,1
83897,0
83898,1
83899,1
83900,0
83901,1
83902,0
83903,1
83904,1
83905,1
83906,1
83907,1
83908,1
83909,1
83910,1
83911,0
83912,1
83913,1
83914,1
83915,1
83916,0
83917,1
83918,0
83919,0
83920,0
83921,0
83922,1
83923,0
83924,0
83925,1
83926,1
83927,1
83928,1
83929,0
83930,0
83931,0
83932,1
83933,0
83934,1
83935,1
83936,0
83937,0
83938,1
83939,0
83940,0
83941,0
83942,1
83943,1
83944,1
83945,1
83946,0
83947,0
83948,0
83949,1
83950,1
83951,1
83952,1
83953,1
83954,1
83955,1
83956,0
83957,0
83958,0
83959,1
83960,0
83961,0
83962,1
83963,1
83964,0
83965,0
83966,1
83967,0
83968,0
83969,1
83970,1
83971,1
83972,0
83973,1
83974,0
83975,1
83976,1
83977,1
83978,1
83979,1
83980,1
83981,1
83982,1
83983,1
83984,1
83985,0
83986,0
83987,0
83988,1
83989,1
83990,0
83991,0
83992,1
83993,0
83994,1
83995,1
83996,1
83997,1
83998,0
83999,0
84000,0
84001,1
84002,1
84003,0
84004,1
84005,1
84006,0
84007,0
84008,1
84009,1
84010,0
84011,1
84012,0
84013,0
84014,1
84015,1
84016,0
84017,1
84018,0
84019,1
84020,1
84021,1
84022,1
84023,0
84024,1
84025,1
84026,0
84027,0
84028,1
84029,0
84030,1
84031,0
84032,1
84033,1
84034,1
84035,0
84036,1
84037,1
84038,1
84039,1
84040,0
84041,1
84042,0
84043,0
84044,1
84045,1
84046,0
84047,1
84048,1
84049,1
84050,0
84051,1
84052,0
84053,0
84054,1
84055,0
84056,0
84057,1
84058,1
84059,1
84060,0
84061,1
84062,0
84063,1
84064,0
84065,1
84066,0
84067,1
84068,1
84069,0
84070,1
84071,0
84072,1
84073,1
84074,1
84075,1
84076,1
84077,0
84078,1
84079,0
84080,0
84081,0
84082,1
84083,1
84084,1
84085,1
84086,1
84087,1
84088,1
84089,1
84090,1
84091,1
84092,0
84093,1
84094,0
84095,1
84096,0
84097,0
84098,1
84099,1
84100,0
84101,1
84102,0
84103,1
84104,0
84105,0
84106,0
84107,1
84108,1
84109,1
84110,0
84111,1
84112,0
84113,0
84114,0
84115,0
84116,0
84117,1
84118,0
84119,1
84120,0
84121,0
84122,0
84123,1
84124,1
84125,1
84126,0
84127,1
84128,1
84129,0
84130,0
84131,0
84132,0
84133,1
84134,1
84135,1
84136,1
84137,1
84138,0
84139,0
84140,1
84141,1
84142,1
84143,1
84144,1
84145,0
84146,1
84147,1
84148,1
84149,1
84150,1
84151,1
84152,1
84153,1
84154,1
84155,1
84156,1
84157,1
84158,1
84159,1
84160,1
84161,1
84162,1
84163,0
84164,0
84165,1
84166,1
84167,1
84168,0
84169,1
84170,0
84171,1
84172,0
84173,0
84174,0
84175,1
84176,0
84177,0
84178,0
84179,1
84180,1
84181,1
84182,1
84183,1
84184,1
84185,0
84186,1
84187,1
84188,1
84189,1
84190,1
84191,1
84192,0
84193,1
84194,1
84195,1
84196,1
84197,0
84198,1
84199,1
84200,1
84201,1
84202,1
84203,0
84204,0
84205,1
84206,1
84207,1
84208,1
84209,1
84210,1
84211,0
84212,1
84213,0
84214,0
84215,1
84216,1
84217,0
84218,1
84219,1
84220,1
84221,1
84222,1
84223,1
84224,1
84225,0
84226,0
84227,1
84228,0
84229,0
84230,1
84231,1
84232,1
84233,1
84234,0
84235,1
84236,1
84237,0
84238,1
84239,1
84240,1
84241,1
84242,0
84243,0
84244,1
84245,0
84246,0
84247,0
84248,1
84249,1
84250,1
84251,1
84252,1
84253,1
84254,1
84255,0
84256,0
84257,0
84258,1
84259,0
84260,1
84261,0
84262,1
84263,0
84264,1
84265,0
84266,1
84267,1
84268,0
84269,0
84270,1
84271,0
84272,1
84273,1
84274,1
84275,1
84276,1
84277,1
84278,0
84279,0
84280,1
84281,1
84282,1
84283,1
84284,1
84285,1
84286,0
84287,1
84288,1
84289,1
84290,1
84291,0
84292,0
84293,0
84294,1
84295,0
84296,0
84297,0
84298,1
84299,1
84300,1
84301,1
84302,1
84303,1
84304,1
84305,0
84306,1
84307,0
84308,0
84309,1
84310,1
84311,1
84312,0
84313,0
84314,0
84315,1
84316,1
84317,0
84318,0
84319,1
84320,1
84321,0
84322,0
84323,1
84324,1
84325,1
84326,1
84327,0
84328,1
84329,0
84330,0
84331,1
84332,1
84333,1
84334,1
84335,1
84336,1
84337,0
84338,0
84339,0
84340,0
84341,0
84342,1
84343,1
84344,0
84345,0
84346,1
84347,1
84348,1
84349,1
84350,1
84351,0
84352,1
84353,0
84354,0
84355,1
84356,0
84357,1
84358,1
84359,0
84360,0
84361,0
84362,1
84363,1
84364,0
84365,1
84366,1
84367,0
84368,0
84369,1
84370,0
84371,1
84372,1
84373,1
84374,1
84375,0
84376,1
84377,1
84378,0
84379,1
84380,1
84381,0
84382,1
84383,1
84384,1
84385,0
84386,1
84387,0
84388,1
84389,1
84390,1
84391,1
84392,1
84393,0
84394,1
84395,1
84396,1
84397,0
84398,1
84399,1
84400,0
84401,0
84402,0
84403,0
84404,1
84405,1
84406,1
84407,1
84408,1
84409,0
84410,0
84411,1
84412,1
84413,1
84414,1
84415,0
84416,0
84417,1
84418,1
84419,0
84420,0
84421,1
84422,1
84423,1
84424,1
84425,1
84426,1
84427,0
84428,1
84429,0
84430,1
84431,0
84432,0
84433,0
84434,0
84435,1
84436,0
84437,1
84438,1
84439,0
84440,1
84441,0
84442,1
84443,1
84444,1
84445,0
84446,1
84447,1
84448,0
84449,0
84450,1
84451,1
84452,0
84453,0
84454,1
84455,0
84456,1
84457,1
84458,1
84459,0
84460,1
84461,1
84462,0
84463,1
84464,1
84465,0
84466,1
84467,0
84468,0
84469,1
84470,0
84471,1
84472,1
84473,0
84474,0
84475,0
84476,1
84477,0
84478,0
84479,1
84480,1
84481,1
84482,0
84483,1
84484,0
84485,0
84486,1
84487,1
84488,0
84489,0
84490,1
84491,0
84492,1
84493,0
84494,1
84495,0
84496,1
84497,1
84498,0
84499,0
84500,1
84501,1
84502,1
84503,1
84504,1
84505,0
84506,1
84507,1
84508,1
84509,1
84510,1
84511,1
84512,0
84513,1
84514,0
84515,0
84516,0
84517,1
84518,1
84519,1
84520,1
84521,0
84522,1
84523,1
84524,0
84525,1
84526,1
84527,1
84528,0
84529,1
84530,0
84531,0
84532,0
84533,1
84534,1
84535,1
84536,1
84537,1
84538,1
84539,1
84540,0
84541,0
84542,0
84543,1
84544,0
84545,1
84546,1
84547,0
84548,1
84549,1
84550,1
84551,1
84552,1
84553,0
84554,0
84555,0
84556,1
84557,0
84558,1
84559,0
84560,1
84561,0
84562,1
84563,1
84564,1
84565,0
84566,1
84567,0
84568,0
84569,1
84570,1
84571,0
84572,1
84573,1
84574,0
84575,0
84576,0
84577,0
84578,1
84579,1
84580,1
84581,1
84582,0
84583,1
84584,0
84585,1
84586,1
84587,1
84588,0
84589,1
84590,0
84591,1
84592,1
84593,1
84594,0
84595,0
84596,0
84597,1
84598,1
84599,0
84600,1
84601,0
84602,1
84603,0
84604,1
84605,1
84606,0
84607,1
84608,1
84609,0
84610,0
84611,1
84612,1
84613,0
84614,1
84615,0
84616,1
84617,1
84618,1
84619,1
84620,1
84621,1
84622,0
84623,0
84624,0
84625,1
84626,1
84627,1
84628,1
84629,1
84630,1
84631,1
84632,1
84633,1
84634,1
84635,1
84636,1
84637,0
84638,1
84639,1
84640,1
84641,1
84642,1
84643,1
84644,0
84645,1
84646,1
84647,0
84648,1
84649,1
84650,0
84651,1
84652,1
84653,1
84654,0
84655,0
84656,1
84657,1
84658,1
84659,1
84660,0
84661,1
84662,1
84663,1
84664,1
84665,0
84666,1
84667,1
84668,1
84669,1
84670,1
84671,1
84672,0
84673,0
84674,0
84675,1
84676,0
84677,1
84678,1
84679,1
84680,1
84681,1
84682,1
84683,1
84684,1
84685,1
84686,1
84687,1
84688,1
84689,1
84690,0
84691,1
84692,1
84693,1
84694,1
84695,0
84696,1
84697,0
84698,1
84699,1
84700,1
84701,1
84702,0
84703,1
84704,0
84705,0
84706,1
84707,1
84708,0
84709,0
84710,1
84711,1
84712,0
84713,1
84714,1
84715,1
84716,0
84717,1
84718,1
84719,1
84720,1
84721,0
84722,1
84723,1
84724,1
84725,1
84726,0
84727,1
84728,1
84729,1
84730,1
84731,1
84732,0
84733,1
84734,0
84735,0
84736,1
84737,1
84738,0
84739,0
84740,1
84741,1
84742,1
84743,1
84744,1
84745,1
84746,1
84747,0
84748,1
84749,1
84750,1
84751,1
84752,0
84753,0
84754,0
84755,0
84756,1
84757,1
84758,0
84759,0
84760,1
84761,1
84762,1
84763,1
84764,1
84765,0
84766,0
84767,0
84768,1
84769,1
84770,1
84771,0
84772,0
84773,0
84774,1
84775,0
84776,0
84777,1
84778,0
84779,1
84780,0
84781,1
84782,0
84783,1
84784,1
84785,1
84786,1
84787,1
84788,1
84789,0
84790,1
84791,0
84792,1
84793,1
84794,0
84795,0
84796,1
84797,1
84798,1
84799,1
84800,1
84801,1
84802,1
84803,0
84804,1
84805,1
84806,1
84807,1
84808,1
84809,1
84810,1
84811,1
84812,0
84813,0
84814,1
84815,1
84816,0
84817,1
84818,0
84819,1
84820,1
84821,1
84822,1
84823,1
84824,0
84825,1
84826,1
84827,1
84828,0
84829,1
84830,1
84831,1
84832,0
84833,1
84834,0
84835,0
84836,1
84837,0
84838,1
84839,1
84840,1
84841,1
84842,1
84843,1
84844,0
84845,1
84846,1
84847,1
84848,1
84849,1
84850,0
84851,0
84852,1
84853,1
84854,0
84855,1
84856,1
84857,0
84858,1
84859,1
84860,1
84861,1
84862,1
84863,0
84864,1
84865,1
84866,0
84867,1
84868,1
84869,1
84870,1
84871,1
84872,0
84873,0
84874,1
84875,0
84876,0
84877,1
84878,1
84879,1
84880,0
84881,1
84882,1
84883,0
84884,1
84885,1
84886,0
84887,0
84888,1
84889,1
84890,0
84891,0
84892,0
84893,1
84894,1
84895,0
84896,0
84897,1
84898,1
84899,1
84900,0
84901,1
84902,1
84903,1
84904,1
84905,0
84906,1
84907,1
84908,0
84909,1
84910,1
84911,1
84912,0
84913,0
84914,1
84915,0
84916,1
84917,1
84918,1
84919,1
84920,0
84921,0
84922,1
84923,1
84924,1
84925,1
84926,0
84927,0
84928,1
84929,1
84930,1
84931,0
84932,0
84933,0
84934,0
84935,1
84936,1
84937,0
84938,0
84939,1
84940,0
84941,0
84942,0
84943,1
84944,0
84945,1
84946,1
84947,0
84948,1
84949,1
84950,1
84951,0
84952,0
84953,0
84954,0
84955,1
84956,1
84957,1
84958,1
84959,1
84960,0
84961,1
84962,1
84963,1
84964,1
84965,1
84966,1
84967,1
84968,0
84969,1
84970,1
84971,1
84972,0
84973,1
84974,1
84975,1
84976,0
84977,0
84978,1
84979,0
84980,1
84981,1
84982,0
84983,1
84984,1
84985,1
84986,1
84987,1
84988,1
84989,1
84990,0
84991,1
84992,0
84993,0
84994,0
84995,0
84996,1
84997,1
84998,1
84999,1
85000,1
85001,1
85002,0
85003,1
85004,1
85005,1
85006,1
85007,0
85008,1
85009,0
85010,0
85011,1
85012,1
85013,1
85014,0
85015,1
85016,1
85017,0
85018,1
85019,1
85020,1
85021,1
85022,0
85023,1
85024,0
85025,1
85026,0
85027,1
85028,0
85029,0
85030,1
85031,0
85032,0
85033,1
85034,1
85035,1
85036,0
85037,1
85038,1
85039,1
85040,0
85041,0
85042,1
85043,1
85044,1
85045,0
85046,1
85047,0
85048,1
85049,1
85050,0
85051,1
85052,0
85053,1
85054,1
85055,1
85056,1
85057,1
85058,1
85059,1
85060,1
85061,1
85062,0
85063,0
85064,0
85065,1
85066,1
85067,0
85068,1
85069,1
85070,0
85071,1
85072,1
85073,0
85074,1
85075,1
85076,1
85077,0
85078,1
85079,1
85080,0
85081,0
85082,1
85083,1
85084,1
85085,1
85086,1
85087,1
85088,1
85089,0
85090,1
85091,0
85092,0
85093,0
85094,1
85095,1
85096,1
85097,0
85098,1
85099,1
85100,0
85101,1
85102,1
85103,1
85104,0
85105,0
85106,1
85107,1
85108,0
85109,1
85110,0
85111,0
85112,1
85113,1
85114,1
85115,1
85116,1
85117,0
85118,1
85119,1
85120,0
85121,0
85122,0
85123,1
85124,1
85125,1
85126,0
85127,1
85128,1
85129,0
85130,0
85131,1
85132,1
85133,1
85134,1
85135,0
85136,1
85137,0
85138,0
85139,1
85140,1
85141,1
85142,0
85143,1
85144,1
85145,1
85146,0
85147,1
85148,0
85149,0
85150,1
85151,1
85152,1
85153,1
85154,1
85155,0
85156,0
85157,1
85158,1
85159,0
85160,0
85161,1
85162,1
85163,1
85164,0
85165,1
85166,1
85167,1
85168,0
85169,1
85170,1
85171,1
85172,1
85173,0
85174,1
85175,1
85176,0
85177,1
85178,1
85179,1
85180,1
85181,1
85182,1
85183,1
85184,1
85185,1
85186,1
85187,0
85188,0
85189,1
85190,0
85191,1
85192,1
85193,0
85194,1
85195,0
85196,1
85197,0
85198,1
85199,1
85200,0
85201,1
85202,0
85203,1
85204,1
85205,1
85206,1
85207,1
85208,1
85209,1
85210,1
85211,0
85212,1
85213,1
85214,1
85215,0
85216,1
85217,1
85218,1
85219,1
85220,0
85221,0
85222,1
85223,0
85224,1
85225,1
85226,0
85227,0
85228,1
85229,1
85230,0
85231,1
85232,1
85233,1
85234,1
85235,0
85236,0
85237,0
85238,0
85239,1
85240,1
85241,1
85242,1
85243,1
85244,1
85245,1
85246,1
85247,1
85248,1
85249,0
85250,1
85251,1
85252,1
85253,1
85254,1
85255,1
85256,0
85257,1
85258,1
85259,1
85260,1
85261,1
85262,1
85263,0
85264,0
85265,0
85266,1
85267,1
85268,0
85269,0
85270,1
85271,1
85272,1
85273,1
85274,1
85275,1
85276,0
85277,1
85278,1
85279,0
85280,0
85281,0
85282,0
85283,1
85284,1
85285,1
85286,1
85287,0
85288,0
85289,1
85290,1
85291,1
85292,1
85293,1
85294,0
85295,1
85296,1
85297,1
85298,1
85299,0
85300,1
85301,1
85302,0
85303,1
85304,1
85305,0
85306,1
85307,0
85308,1
85309,0
85310,1
85311,1
85312,1
85313,1
85314,0
85315,0
85316,1
85317,0
85318,1
85319,0
85320,1
85321,1
85322,1
85323,1
85324,0
85325,1
85326,1
85327,0
85328,0
85329,1
85330,1
85331,1
85332,0
85333,1
85334,0
85335,1
85336,0
85337,1
85338,0
85339,1
85340,1
85341,1
85342,1
85343,0
85344,0
85345,0
85346,0
85347,0
85348,0
85349,0
85350,1
85351,1
85352,0
85353,0
85354,1
85355,0
85356,0
85357,1
85358,1
85359,0
85360,1
85361,1
85362,0
85363,1
85364,0
85365,1
85366,1
85367,1
85368,0
85369,1
85370,1
85371,1
85372,1
85373,1
85374,0
85375,1
85376,1
85377,0
85378,1
85379,1
85380,1
85381,0
85382,1
85383,0
85384,1
85385,1
85386,1
85387,1
85388,1
85389,1
85390,0
85391,1
85392,1
85393,1
85394,1
85395,1
85396,1
85397,1
85398,1
85399,1
85400,1
85401,0
85402,0
85403,1
85404,1
85405,1
85406,1
85407,0
85408,0
85409,0
85410,0
85411,1
85412,1
85413,0
85414,1
85415,0
85416,0
85417,1
85418,0
85419,1
85420,1
85421,0
85422,1
85423,0
85424,0
85425,1
85426,1
85427,0
85428,0
85429,1
85430,1
85431,1
85432,1
85433,0
85434,0
85435,1
85436,0
85437,0
85438,1
85439,1
85440,0
85441,1
85442,0
85443,0
85444,1
85445,0
85446,1
85447,1
85448,1
85449,1
85450,1
85451,0
85452,0
85453,0
85454,1
85455,1
85456,1
85457,1
85458,0
85459,1
85460,0
85461,0
85462,1
85463,1
85464,0
85465,1
85466,1
85467,1
85468,0
85469,1
85470,1
85471,1
85472,1
85473,1
85474,1
85475,0
85476,1
85477,1
85478,0
85479,1
85480,0
85481,0
85482,1
85483,1
85484,1
85485,1
85486,0
85487,1
85488,1
85489,1
85490,1
85491,1
85492,0
85493,1
85494,1
85495,1
85496,1
85497,1
85498,1
85499,0
85500,1
85501,1
85502,0
85503,1
85504,1
85505,0
85506,0
85507,1
85508,1
85509,1
85510,1
85511,1
85512,1
85513,1
85514,1
85515,1
85516,1
85517,1
85518,1
85519,0
85520,0
85521,1
85522,1
85523,1
85524,1
85525,1
85526,0
85527,1
85528,0
85529,1
85530,1
85531,1
85532,0
85533,1
85534,0
85535,0
85536,0
85537,1
85538,1
85539,1
85540,0
85541,1
85542,0
85543,1
85544,1
85545,1
85546,1
85547,1
85548,1
85549,1
85550,1
85551,0
85552,1
85553,1
85554,0
85555,0
85556,0
85557,1
85558,1
85559,1
85560,1
85561,1
85562,1
85563,0
85564,0
85565,1
85566,1
85567,0
85568,0
85569,1
85570,0
85571,0
85572,1
85573,0
85574,0
85575,0
85576,1
85577,0
85578,1
85579,0
85580,1
85581,0
85582,1
85583,1
85584,1
85585,1
85586,0
85587,1
85588,1
85589,1
85590,0
85591,0
85592,0
85593,1
85594,1
85595,1
85596,0
85597,1
85598,1
85599,0
85600,0
85601,1
85602,1
85603,1
85604,1
85605,1
85606,1
85607,1
85608,1
85609,1
85610,0
85611,0
85612,0
85613,1
85614,0
85615,1
85616,0
85617,1
85618,1
85619,1
85620,1
85621,1
85622,1
85623,1
85624,1
85625,0
85626,0
85627,0
85628,0
85629,1
85630,1
85631,0
85632,1
85633,0
85634,1
85635,1
85636,1
85637,0
85638,1
85639,1
85640,0
85641,1
85642,0
85643,1
85644,1
85645,1
85646,1
85647,1
85648,1
85649,0
85650,1
85651,1
85652,1
85653,0
85654,0
85655,0
85656,1
85657,0
85658,1
85659,1
85660,1
85661,1
85662,0
85663,1
85664,0
85665,0
85666,1
85667,1
85668,1
85669,0
85670,0
85671,0
85672,0
85673,0
85674,1
85675,0
85676,0
85677,1
85678,1
85679,1
85680,1
85681,1
85682,0
85683,1
85684,1
85685,1
85686,1
85687,1
85688,1
85689,1
85690,1
85691,0
85692,1
85693,1
85694,1
85695,1
85696,1
85697,1
85698,0
85699,1
85700,1
85701,1
85702,1
85703,1
85704,1
85705,0
85706,1
85707,1
85708,0
85709,1
85710,1
85711,1
85712,1
85713,0
85714,0
85715,1
85716,1
85717,1
85718,0
85719,1
85720,1
85721,1
85722,0
85723,0
85724,1
85725,1
85726,1
85727,1
85728,0
85729,0
85730,0
85731,0
85732,1
85733,1
85734,1
85735,0
85736,1
85737,1
85738,1
85739,1
85740,0
85741,1
85742,1
85743,1
85744,1
85745,1
85746,0
85747,1
85748,1
85749,1
85750,0
85751,1
85752,1
85753,0
85754,1
85755,0
85756,1
85757,1
85758,0
85759,0
85760,1
85761,1
85762,1
85763,0
85764,1
85765,0
85766,0
85767,1
85768,1
85769,1
85770,0
85771,1
85772,0
85773,0
85774,0
85775,1
85776,1
85777,1
85778,1
85779,1
85780,1
85781,1
85782,0
85783,1
85784,1
85785,1
85786,1
85787,1
85788,1
85789,1
85790,1
85791,1
85792,0
85793,1
85794,0
85795,1
85796,1
85797,1
85798,1
85799,1
85800,1
85801,0
85802,1
85803,1
85804,1
85805,1
85806,0
85807,1
85808,1
85809,0
85810,0
85811,1
85812,0
85813,1
85814,1
85815,0
85816,1
85817,1
85818,1
85819,0
85820,1
85821,1
85822,0
85823,1
85824,0
85825,1
85826,1
85827,0
85828,0
85829,1
85830,0
85831,0
85832,1
85833,1
85834,1
85835,1
85836,1
85837,0
85838,0
85839,0
85840,1
85841,1
85842,0
85843,1
85844,1
85845,0
85846,1
85847,1
85848,1
85849,1
85850,0
85851,1
85852,1
85853,1
85854,1
85855,1
85856,0
85857,0
85858,0
85859,1
85860,0
85861,1
85862,1
85863,0
85864,1
85865,1
85866,1
85867,1
85868,1
85869,1
85870,1
85871,1
85872,1
85873,0
85874,0
85875,0
85876,0
85877,0
85878,0
85879,1
85880,0
85881,1
85882,0
85883,1
85884,1
85885,1
85886,0
85887,0
85888,1
85889,1
85890,1
85891,0
85892,0
85893,0
85894,1
85895,0
85896,1
85897,0
85898,1
85899,0
85900,1
85901,0
85902,1
85903,1
85904,0
85905,1
85906,0
85907,1
85908,1
85909,0
85910,0
85911,1
85912,0
85913,0
85914,1
85915,0
85916,1
85917,1
85918,1
85919,1
85920,1
85921,0
85922,0
85923,0
85924,1
85925,0
85926,1
85927,0
85928,0
85929,1
85930,1
85931,1
85932,1
85933,0
85934,1
85935,1
85936,1
85937,0
85938,0
85939,1
85940,1
85941,1
85942,0
85943,1
85944,1
85945,1
85946,1
85947,1
85948,1
85949,1
85950,0
85951,1
85952,0
85953,1
85954,0
85955,1
85956,1
85957,1
85958,1
85959,1
85960,0
85961,1
85962,1
85963,1
85964,1
85965,0
85966,1
85967,1
85968,0
85969,1
85970,0
85971,0
85972,1
85973,0
85974,0
85975,0
85976,1
85977,0
85978,1
85979,1
85980,0
85981,1
85982,1
85983,1
85984,1
85985,1
85986,1
85987,1
85988,1
85989,1
85990,1
85991,0
85992,0
85993,1
85994,0
85995,0
85996,0
85997,1
85998,1
85999,0
86000,1
86001,1
86002,1
86003,1
86004,0
86005,1
86006,1
86007,1
86008,1
86009,1
86010,1
86011,1
86012,1
86013,1
86014,1
86015,0
86016,1
86017,0
86018,1
86019,0
86020,1
86021,0
86022,1
86023,0
86024,0
86025,1
86026,1
86027,1
86028,0
86029,1
86030,0
86031,0
86032,1
86033,0
86034,0
86035,1
86036,1
86037,1
86038,0
86039,1
86040,0
86041,1
86042,1
86043,1
86044,1
86045,1
86046,0
86047,0
86048,1
86049,0
86050,1
86051,0
86052,0
86053,0
86054,1
86055,1
86056,1
86057,1
86058,0
86059,0
86060,1
86061,0
86062,1
86063,0
86064,1
86065,1
86066,1
86067,0
86068,1
86069,1
86070,1
86071,1
86072,1
86073,1
86074,0
86075,1
86076,1
86077,1
86078,1
86079,1
86080,0
86081,1
86082,1
86083,1
86084,1
86085,1
86086,1
86087,1
86088,0
86089,1
86090,1
86091,1
86092,0
86093,0
86094,1
86095,0
86096,1
86097,1
86098,1
86099,1
86100,1
86101,1
86102,1
86103,1
86104,1
86105,1
86106,0
86107,0
86108,1
86109,1
86110,1
86111,0
86112,1
86113,1
86114,1
86115,1
86116,1
86117,1
86118,0
86119,1
86120,1
86121,1
86122,1
86123,1
86124,0
86125,0
86126,1
86127,1
86128,0
86129,1
86130,1
86131,1
86132,1
86133,1
86134,1
86135,1
86136,1
86137,1
86138,1
86139,0
86140,0
86141,1
86142,0
86143,1
86144,1
86145,1
86146,1
86147,1
86148,1
86149,1
86150,0
86151,0
86152,1
86153,1
86154,1
86155,0
86156,0
86157,0
86158,1
86159,1
86160,0
86161,1
86162,0
86163,1
86164,0
86165,0
86166,0
86167,1
86168,0
86169,1
86170,1
86171,1
86172,1
86173,1
86174,1
86175,1
86176,0
86177,1
86178,0
86179,0
86180,1
86181,0
86182,1
86183,0
86184,0
86185,1
86186,1
86187,1
86188,1
86189,1
86190,1
86191,1
86192,1
86193,0
86194,0
86195,1
86196,1
86197,0
86198,0
86199,1
86200,0
86201,1
86202,0
86203,1
86204,1
86205,1
86206,1
86207,0
86208,0
86209,0
86210,1
86211,1
86212,1
86213,1
86214,1
86215,0
86216,1
86217,1
86218,1
86219,1
86220,1
86221,1
86222,1
86223,1
86224,1
86225,0
86226,0
86227,0
86228,1
86229,1
86230,1
86231,1
86232,1
86233,1
86234,1
86235,0
86236,1
86237,1
86238,1
86239,1
86240,1
86241,1
86242,0
86243,0
86244,1
86245,1
86246,1
86247,0
86248,1
86249,0
86250,1
86251,1
86252,1
86253,1
86254,1
86255,0
86256,1
86257,0
86258,1
86259,1
86260,1
86261,1
86262,1
86263,0
86264,1
86265,1
86266,1
86267,0
86268,0
86269,1
86270,1
86271,0
86272,0
86273,1
86274,1
86275,1
86276,0
86277,1
86278,1
86279,0
86280,1
86281,0
86282,1
86283,0
86284,1
86285,0
86286,0
86287,0
86288,1
86289,1
86290,1
86291,1
86292,0
86293,0
86294,1
86295,0
86296,1
86297,0
86298,0
86299,0
86300,1
86301,1
86302,0
86303,1
86304,1
86305,0
86306,1
86307,1
86308,0
86309,1
86310,0
86311,1
86312,0
86313,1
86314,1
86315,1
86316,0
86317,1
86318,1
86319,1
86320,1
86321,1
86322,1
86323,1
86324,1
86325,0
86326,0
86327,0
86328,1
86329,0
86330,1
86331,1
86332,0
86333,0
86334,0
86335,1
86336,0
86337,0
86338,0
86339,0
86340,0
86341,0
86342,0
86343,1
86344,1
86345,1
86346,1
86347,0
86348,1
86349,1
86350,1
86351,0
86352,1
86353,0
86354,1
86355,1
86356,0
86357,1
86358,0
86359,0
86360,1
86361,1
86362,1
86363,1
86364,1
86365,1
86366,0
86367,1
86368,0
86369,1
86370,1
86371,0
86372,1
86373,1
86374,1
86375,1
86376,1
86377,1
86378,0
86379,1
86380,0
86381,1
86382,0
86383,1
86384,0
86385,0
86386,1
86387,1
86388,1
86389,1
86390,1
86391,1
86392,1
86393,1
86394,0
86395,0
86396,0
86397,1
86398,1
86399,0
86400,1
86401,1
86402,0
86403,1
86404,0
86405,1
86406,0
86407,1
86408,1
86409,0
86410,1
86411,0
86412,1
86413,1
86414,1
86415,1
86416,1
86417,1
86418,1
86419,0
86420,1
86421,1
86422,1
86423,1
86424,1
86425,0
86426,1
86427,1
86428,0
86429,0
86430,1
86431,0
86432,1
86433,0
86434,1
86435,1
86436,0
86437,1
86438,0
86439,1
86440,1
86441,0
86442,0
86443,0
86444,1
86445,1
86446,0
86447,0
86448,1
86449,0
86450,1
86451,0
86452,1
86453,0
86454,0
86455,0
86456,0
86457,1
86458,1
86459,1
86460,0
86461,1
86462,1
86463,0
86464,1
86465,1
86466,1
86467,1
86468,1
86469,0
86470,1
86471,0
86472,0
86473,0
86474,0
86475,0
86476,1
86477,1
86478,1
86479,1
86480,1
86481,0
86482,0
86483,1
86484,1
86485,1
86486,1
86487,0
86488,0
86489,0
86490,1
86491,1
86492,1
86493,1
86494,0
86495,0
86496,1
86497,1
86498,0
86499,0
86500,0
86501,1
86502,1
86503,1
86504,1
86505,1
86506,1
86507,1
86508,1
86509,1
86510,1
86511,1
86512,0
86513,0
86514,1
86515,1
86516,1
86517,1
86518,1
86519,0
86520,1
86521,1
86522,0
86523,1
86524,0
86525,1
86526,0
86527,1
86528,1
86529,0
86530,0
86531,0
86532,1
86533,1
86534,0
86535,1
86536,1
86537,1
86538,1
86539,0
86540,1
86541,1
86542,1
86543,0
86544,1
86545,1
86546,1
86547,1
86548,1
86549,1
86550,1
86551,0
86552,1
86553,0
86554,1
86555,1
86556,1
86557,0
86558,1
86559,0
86560,0
86561,1
86562,0
86563,1
86564,1
86565,1
86566,0
86567,1
86568,1
86569,1
86570,1
86571,1
86572,1
86573,1
86574,1
86575,1
86576,1
86577,0
86578,1
86579,1
86580,1
86581,1
86582,1
86583,1
86584,0
86585,1
86586,0
86587,1
86588,1
86589,1
86590,0
86591,0
86592,1
86593,1
86594,0
86595,1
86596,1
86597,1
86598,0
86599,0
86600,0
86601,0
86602,1
86603,1
86604,1
86605,1
86606,0
86607,1
86608,0
86609,1
86610,0
86611,0
86612,1
86613,1
86614,1
86615,1
86616,1
86617,1
86618,0
86619,1
86620,0
86621,1
86622,0
86623,1
86624,1
86625,1
86626,1
86627,0
86628,1
86629,1
86630,1
86631,1
86632,0
86633,1
86634,0
86635,0
86636,1
86637,0
86638,1
86639,1
86640,1
86641,0
86642,1
86643,0
86644,0
86645,0
86646,1
86647,1
86648,1
86649,1
86650,1
86651,1
86652,0
86653,1
86654,0
86655,0
86656,0
86657,1
86658,0
86659,1
86660,1
86661,1
86662,1
86663,0
86664,1
86665,0
86666,0
86667,1
86668,1
86669,1
86670,1
86671,1
86672,0
86673,1
86674,0
86675,1
86676,1
86677,1
86678,0
86679,0
86680,1
86681,1
86682,1
86683,1
86684,0
86685,0
86686,1
86687,1
86688,1
86689,1
86690,1
86691,0
86692,1
86693,1
86694,1
86695,1
86696,1
86697,1
86698,1
86699,0
86700,0
86701,1
86702,0
86703,1
86704,0
86705,0
86706,0
86707,0
86708,1
86709,1
86710,1
86711,0
86712,1
86713,1
86714,1
86715,1
86716,1
86717,1
86718,1
86719,0
86720,1
86721,1
86722,1
86723,1
86724,1
86725,1
86726,1
86727,1
86728,1
86729,0
86730,1
86731,0
86732,1
86733,1
86734,1
86735,0
86736,1
86737,1
86738,0
86739,1
86740,1
86741,1
86742,0
86743,0
86744,1
86745,1
86746,1
86747,0
86748,0
86749,0
86750,0
86751,0
86752,1
86753,1
86754,0
86755,1
86756,1
86757,1
86758,1
86759,0
86760,1
86761,1
86762,1
86763,0
86764,1
86765,1
86766,1
86767,0
86768,1
86769,0
86770,0
86771,1
86772,1
86773,0
86774,0
86775,1
86776,0
86777,0
86778,1
86779,0
86780,1
86781,1
86782,1
86783,1
86784,1
86785,1
86786,0
86787,0
86788,0
86789,1
86790,1
86791,1
86792,1
86793,1
86794,0
86795,0
86796,0
86797,1
86798,1
86799,1
86800,1
86801,1
86802,1
86803,1
86804,0
86805,1
86806,1
86807,1
86808,0
86809,0
86810,1
86811,0
86812,1
86813,1
86814,1
86815,1
86816,1
86817,0
86818,1
86819,1
86820,1
86821,1
86822,1
86823,0
86824,1
86825,0
86826,1
86827,1
86828,0
86829,1
86830,0
86831,1
86832,1
86833,0
86834,1
86835,0
86836,1
86837,0
86838,1
86839,1
86840,1
86841,0
86842,0
86843,1
86844,1
86845,0
86846,1
86847,1
86848,1
86849,1
86850,0
86851,1
86852,1
86853,1
86854,1
86855,0
86856,1
86857,1
86858,0
86859,1
86860,1
86861,1
86862,0
86863,1
86864,1
86865,1
86866,1
86867,1
86868,1
86869,1
86870,1
86871,0
86872,0
86873,1
86874,0
86875,1
86876,0
86877,0
86878,1
86879,0
86880,1
86881,0
86882,0
86883,0
86884,0
86885,1
86886,0
86887,0
86888,0
86889,1
86890,1
86891,1
86892,1
86893,1
86894,1
86895,0
86896,1
86897,1
86898,1
86899,0
86900,0
86901,1
86902,1
86903,0
86904,1
86905,0
86906,1
86907,0
86908,0
86909,1
86910,1
86911,1
86912,0
86913,1
86914,1
86915,0
86916,1
86917,0
86918,1
86919,1
86920,1
86921,1
86922,1
86923,1
86924,0
86925,1
86926,1
86927,1
86928,1
86929,0
86930,1
86931,1
86932,0
86933,1
86934,1
86935,1
86936,1
86937,1
86938,1
86939,1
86940,1
86941,1
86942,1
86943,1
86944,1
86945,1
86946,0
86947,0
86948,1
86949,1
86950,1
86951,0
86952,0
86953,1
86954,1
86955,1
86956,1
86957,1
86958,1
86959,1
86960,0
86961,1
86962,1
86963,0
86964,1
86965,1
86966,1
86967,1
86968,0
86969,0
86970,1
86971,0
86972,0
86973,0
86974,1
86975,1
86976,0
86977,0
86978,1
86979,0
86980,1
86981,0
86982,1
86983,0
86984,0
86985,1
86986,1
86987,1
86988,0
86989,0
86990,0
86991,0
86992,0
86993,1
86994,1
86995,1
86996,0
86997,1
86998,1
86999,0
87000,0
87001,0
87002,1
87003,1
87004,1
87005,1
87006,0
87007,1
87008,0
87009,0
87010,1
87011,0
87012,0
87013,1
87014,1
87015,1
87016,0
87017,0
87018,1
87019,0
87020,1
87021,0
87022,1
87023,1
87024,1
87025,0
87026,1
87027,1
87028,0
87029,0
87030,0
87031,1
87032,1
87033,0
87034,0
87035,1
87036,0
87037,1
87038,0
87039,0
87040,0
87041,1
87042,0
87043,1
87044,1
87045,1
87046,1
87047,1
87048,1
87049,1
87050,0
87051,1
87052,1
87053,1
87054,0
87055,1
87056,1
87057,0
87058,1
87059,1
87060,1
87061,0
87062,0
87063,1
87064,0
87065,1
87066,1
87067,0
87068,0
87069,1
87070,1
87071,1
87072,1
87073,1
87074,0
87075,0
87076,1
87077,1
87078,1
87079,1
87080,1
87081,0
87082,1
87083,0
87084,1
87085,1
87086,1
87087,0
87088,1
87089,1
87090,0
87091,1
87092,1
87093,1
87094,1
87095,0
87096,1
87097,1
87098,1
87099,1
87100,0
87101,1
87102,1
87103,1
87104,1
87105,0
87106,1
87107,1
87108,1
87109,1
87110,1
87111,1
87112,0
87113,1
87114,0
87115,1
87116,1
87117,0
87118,1
87119,1
87120,0
87121,1
87122,0
87123,0
87124,1
87125,1
87126,1
87127,0
87128,1
87129,1
87130,1
87131,0
87132,1
87133,0
87134,1
87135,0
87136,1
87137,1
87138,0
87139,1
87140,0
87141,0
87142,1
87143,1
87144,0
87145,1
87146,1
87147,1
87148,0
87149,1
87150,0
87151,1
87152,0
87153,0
87154,1
87155,0
87156,1
87157,0
87158,1
87159,1
87160,1
87161,1
87162,1
87163,1
87164,1
87165,0
87166,1
87167,0
87168,1
87169,1
87170,1
87171,1
87172,0
87173,0
87174,1
87175,1
87176,1
87177,1
87178,0
87179,0
87180,0
87181,1
87182,1
87183,0
87184,1
87185,0
87186,1
87187,1
87188,1
87189,1
87190,0
87191,1
87192,1
87193,0
87194,1
87195,1
87196,1
87197,1
87198,1
87199,1
87200,0
87201,1
87202,1
87203,0
87204,1
87205,1
87206,1
87207,0
87208,1
87209,0
87210,1
87211,1
87212,1
87213,0
87214,1
87215,1
87216,1
87217,1
87218,1
87219,1
87220,1
87221,1
87222,1
87223,1
87224,1
87225,1
87226,0
87227,0
87228,0
87229,1
87230,1
87231,1
87232,1
87233,1
87234,1
87235,1
87236,1
87237,0
87238,1
87239,0
87240,1
87241,1
87242,1
87243,1
87244,1
87245,1
87246,0
87247,1
87248,0
87249,0
87250,1
87251,1
87252,0
87253,1
87254,0
87255,0
87256,1
87257,1
87258,0
87259,1
87260,1
87261,1
87262,0
87263,0
87264,1
87265,0
87266,1
87267,1
87268,0
87269,0
87270,1
87271,0
87272,0
87273,1
87274,0
87275,0
87276,1
87277,1
87278,0
87279,0
87280,0
87281,1
87282,1
87283,1
87284,1
87285,1
87286,0
87287,1
87288,1
87289,1
87290,1
87291,1
87292,1
87293,1
87294,1
87295,0
87296,1
87297,1
87298,1
87299,1
87300,1
87301,1
87302,1
87303,1
87304,1
87305,0
87306,1
87307,1
87308,1
87309,0
87310,1
87311,0
87312,1
87313,1
87314,0
87315,0
87316,1
87317,1
87318,0
87319,1
87320,0
87321,0
87322,1
87323,0
87324,1
87325,1
87326,1
87327,0
87328,1
87329,0
87330,1
87331,0
87332,1
87333,1
87334,1
87335,1
87336,1
87337,0
87338,1
87339,0
87340,1
87341,1
87342,1
87343,1
87344,1
87345,1
87346,1
87347,0
87348,1
87349,1
87350,1
87351,0
87352,1
87353,1
87354,0
87355,1
87356,0
87357,0
87358,0
87359,0
87360,1
87361,1
87362,0
87363,0
87364,0
87365,1
87366,1
87367,1
87368,0
87369,1
87370,1
87371,0
87372,0
87373,0
87374,0
87375,1
87376,0
87377,0
87378,1
87379,0
87380,1
87381,1
87382,0
87383,1
87384,1
87385,1
87386,0
87387,1
87388,1
87389,0
87390,1
87391,1
87392,1
87393,0
87394,1
87395,1
87396,1
87397,0
87398,0
87399,1
87400,1
87401,1
87402,1
87403,1
87404,0
87405,0
87406,0
87407,0
87408,1
87409,0
87410,0
87411,1
87412,1
87413,0
87414,0
87415,1
87416,0
87417,0
87418,1
87419,0
87420,1
87421,1
87422,1
87423,0
87424,1
87425,1
87426,0
87427,1
87428,1
87429,1
87430,1
87431,1
87432,1
87433,1
87434,0
87435,0
87436,1
87437,1
87438,0
87439,0
87440,1
87441,1
87442,1
87443,0
87444,0
87445,0
87446,1
87447,1
87448,1
87449,0
87450,1
87451,1
87452,1
87453,1
87454,1
87455,0
87456,0
87457,1
87458,0
87459,1
87460,1
87461,0
87462,1
87463,1
87464,1
87465,0
87466,1
87467,0
87468,1
87469,1
87470,1
87471,1
87472,1
87473,1
87474,1
87475,1
87476,0
87477,1
87478,1
87479,1
87480,1
87481,1
87482,0
87483,1
87484,0
87485,1
87486,0
87487,1
87488,1
87489,1
87490,0
87491,1
87492,0
87493,1
87494,0
87495,0
87496,1
87497,1
87498,0
87499,1
87500,0
87501,0
87502,1
87503,1
87504,0
87505,0
87506,1
87507,1
87508,1
87509,0
87510,1
87511,1
87512,1
87513,1
87514,1
87515,1
87516,0
87517,1
87518,1
87519,1
87520,0
87521,0
87522,0
87523,0
87524,1
87525,1
87526,1
87527,0
87528,1
87529,1
87530,0
87531,1
87532,0
87533,1
87534,1
87535,1
87536,0
87537,1
87538,0
87539,1
87540,1
87541,1
87542,1
87543,1
87544,1
87545,0
87546,1
87547,1
87548,0
87549,1
87550,1
87551,1
87552,1
87553,1
87554,0
87555,1
87556,1
87557,1
87558,1
87559,1
87560,1
87561,1
87562,1
87563,1
87564,0
87565,1
87566,1
87567,1
87568,1
87569,0
87570,1
87571,1
87572,1
87573,1
87574,1
87575,1
87576,0
87577,0
87578,0
87579,0
87580,1
87581,1
87582,0
87583,1
87584,1
87585,0
87586,1
87587,0
87588,0
87589,1
87590,1
87591,1
87592,1
87593,1
87594,0
87595,0
87596,0
87597,0
87598,0
87599,1
87600,0
87601,0
87602,0
87603,1
87604,0
87605,0
87606,1
87607,0
87608,0
87609,0
87610,1
87611,1
87612,1
87613,1
87614,0
87615,1
87616,1
87617,1
87618,0
87619,1
87620,0
87621,0
87622,1
87623,1
87624,1
87625,1
87626,1
87627,0
87628,1
87629,1
87630,0
87631,1
87632,1
87633,1
87634,1
87635,0
87636,1
87637,0
87638,1
87639,0
87640,1
87641,1
87642,0
87643,1
87644,0
87645,0
87646,1
87647,1
87648,1
87649,1
87650,0
87651,1
87652,1
87653,1
87654,1
87655,1
87656,0
87657,1
87658,1
87659,1
87660,0
87661,0
87662,1
87663,1
87664,0
87665,0
87666,1
87667,0
87668,0
87669,1
87670,1
87671,0
87672,0
87673,0
87674,0
87675,1
87676,1
87677,1
87678,1
87679,1
87680,1
87681,1
87682,0
87683,1
87684,1
87685,1
87686,1
87687,1
87688,1
87689,1
87690,1
87691,1
87692,1
87693,0
87694,1
87695,1
87696,1
87697,1
87698,0
87699,0
87700,0
87701,1
87702,1
87703,0
87704,1
87705,0
87706,1
87707,1
87708,1
87709,1
87710,0
87711,0
87712,1
87713,1
87714,1
87715,1
87716,1
87717,1
87718,1
87719,1
87720,1
87721,0
87722,1
87723,0
87724,1
87725,1
87726,1
87727,0
87728,1
87729,1
87730,1
87731,0
87732,1
87733,1
87734,1
87735,1
87736,1
87737,1
87738,1
87739,0
87740,0
87741,1
87742,1
87743,0
87744,1
87745,1
87746,1
87747,1
87748,0
87749,0
87750,0
87751,1
87752,1
87753,0
87754,1
87755,0
87756,1
87757,1
87758,1
87759,1
87760,0
87761,1
87762,0
87763,0
87764,1
87765,1
87766,1
87767,0
87768,1
87769,0
87770,1
87771,1
87772,1
87773,0
87774,1
87775,1
87776,1
87777,1
87778,1
87779,1
87780,1
87781,1
87782,1
87783,0
87784,1
87785,1
87786,1
87787,1
87788,1
87789,0
87790,1
87791,0
87792,1
87793,1
87794,1
87795,1
87796,1
87797,0
87798,1
87799,1
87800,0
87801,1
87802,1
87803,0
87804,1
87805,0
87806,0
87807,1
87808,1
87809,1
87810,0
87811,1
87812,0
87813,1
87814,0
87815,1
87816,1
87817,1
87818,1
87819,1
87820,0
87821,0
87822,0
87823,1
87824,0
87825,1
87826,1
87827,1
87828,1
87829,0
87830,1
87831,0
87832,1
87833,1
87834,1
87835,1
87836,1
87837,0
87838,1
87839,0
87840,1
87841,1
87842,0
87843,1
87844,0
87845,1
87846,1
87847,1
87848,0
87849,1
87850,0
87851,1
87852,1
87853,0
87854,1
87855,0
87856,0
87857,0
87858,0
87859,0
87860,1
87861,0
87862,0
87863,1
87864,1
87865,1
87866,1
87867,1
87868,1
87869,1
87870,1
87871,1
87872,1
87873,1
87874,1
87875,0
87876,0
87877,1
87878,0
87879,0
87880,1
87881,1
87882,1
87883,1
87884,1
87885,0
87886,0
87887,1
87888,1
87889,0
87890,0
87891,1
87892,1
87893,1
87894,1
87895,1
87896,0
87897,0
87898,1
87899,1
87900,0
87901,1
87902,0
87903,1
87904,0
87905,1
87906,0
87907,0
87908,1
87909,1
87910,0
87911,1
87912,0
87913,0
87914,0
87915,0
87916,0
87917,1
87918,0
87919,0
87920,1
87921,1
87922,1
87923,1
87924,1
87925,1
87926,0
87927,1
87928,1
87929,0
87930,1
87931,0
87932,1
87933,1
87934,0
87935,0
87936,1
87937,1
87938,1
87939,0
87940,1
87941,1
87942,1
87943,0
87944,0
87945,1
87946,1
87947,1
87948,1
87949,0
87950,1
87951,1
87952,0
87953,0
87954,1
87955,0
87956,1
87957,1
87958,1
87959,0
87960,1
87961,1
87962,0
87963,1
87964,0
87965,1
87966,0
87967,1
87968,0
87969,0
87970,1
87971,0
87972,1
87973,1
87974,0
87975,1
87976,1
87977,0
87978,0
87979,1
87980,1
87981,0
87982,1
87983,1
87984,1
87985,0
87986,0
87987,0
87988,1
87989,1
87990,1
87991,1
87992,0
87993,1
87994,0
87995,1
87996,1
87997,0
87998,1
87999,0
88000,1
88001,1
88002,1
88003,1
88004,0
88005,1
88006,0
88007,1
88008,1
88009,1
88010,1
88011,0
88012,0
88013,1
88014,1
88015,1
88016,1
88017,0
88018,1
88019,0
88020,1
88021,0
88022,1
88023,0
88024,0
88025,1
88026,0
88027,1
88028,1
88029,0
88030,1
88031,1
88032,1
88033,1
88034,1
88035,0
88036,0
88037,1
88038,1
88039,1
88040,1
88041,0
88042,1
88043,0
88044,0
88045,0
88046,1
88047,1
88048,0
88049,1
88050,1
88051,1
88052,0
88053,0
88054,0
88055,1
88056,1
88057,1
88058,0
88059,1
88060,0
88061,0
88062,0
88063,1
88064,0
88065,0
88066,1
88067,0
88068,0
88069,1
88070,0
88071,1
88072,0
88073,1
88074,0
88075,1
88076,1
88077,0
88078,1
88079,1
88080,1
88081,1
88082,1
88083,0
88084,0
88085,0
88086,1
88087,1
88088,0
88089,1
88090,1
88091,1
88092,1
88093,1
88094,0
88095,1
88096,0
88097,1
88098,0
88099,0
88100,0
88101,1
88102,1
88103,0
88104,1
88105,1
88106,1
88107,0
88108,0
88109,1
88110,1
88111,1
88112,1
88113,0
88114,0
88115,1
88116,1
88117,1
88118,1
88119,0
88120,1
88121,0
88122,0
88123,1
88124,1
88125,1
88126,0
88127,1
88128,1
88129,1
88130,1
88131,1
88132,1
88133,1
88134,0
88135,0
88136,1
88137,1
88138,0
88139,0
88140,0
88141,1
88142,0
88143,1
88144,1
88145,1
88146,0
88147,0
88148,1
88149,0
88150,0
88151,0
88152,1
88153,1
88154,1
88155,1
88156,1
88157,1
88158,1
88159,1
88160,0
88161,0
88162,1
88163,1
88164,1
88165,0
88166,0
88167,1
88168,0
88169,0
88170,1
88171,1
88172,1
88173,1
88174,1
88175,1
88176,1
88177,0
88178,0
88179,1
88180,0
88181,1
88182,1
88183,1
88184,1
88185,0
88186,0
88187,1
88188,1
88189,1
88190,1
88191,1
88192,0
88193,1
88194,1
88195,0
88196,1
88197,1
88198,1
88199,1
88200,1
88201,1
88202,1
88203,0
88204,0
88205,0
88206,0
88207,1
88208,0
88209,1
88210,0
88211,1
88212,1
88213,1
88214,1
88215,1
88216,1
88217,0
88218,0
88219,0
88220,0
88221,1
88222,1
88223,1
88224,1
88225,1
88226,1
88227,1
88228,0
88229,1
88230,1
88231,0
88232,1
88233,1
88234,0
88235,1
88236,1
88237,0
88238,0
88239,1
88240,1
88241,1
88242,1
88243,0
88244,1
88245,1
88246,0
88247,1
88248,0
88249,1
88250,1
88251,1
88252,1
88253,0
88254,1
88255,1
88256,0
88257,1
88258,1
88259,1
88260,1
88261,1
88262,1
88263,0
88264,0
88265,1
88266,1
88267,0
88268,1
88269,1
88270,0
88271,1
88272,1
88273,1
88274,1
88275,0
88276,1
88277,1
88278,0
88279,1
88280,0
88281,1
88282,0
88283,0
88284,1
88285,1
88286,0
88287,1
88288,1
88289,1
88290,1
88291,0
88292,1
88293,1
88294,1
88295,0
88296,1
88297,1
88298,1
88299,0
88300,1
88301,1
88302,0
88303,1
88304,1
88305,1
88306,0
88307,0
88308,1
88309,1
88310,1
88311,0
88312,0
88313,0
88314,1
88315,1
88316,1
88317,1
88318,1
88319,1
88320,1
88321,0
88322,1
88323,0
88324,1
88325,0
88326,1
88327,1
88328,1
88329,0
88330,1
88331,1
88332,1
88333,0
88334,0
88335,0
88336,1
88337,1
88338,1
88339,0
88340,1
88341,0
88342,0
88343,1
88344,0
88345,1
88346,0
88347,1
88348,1
88349,0
88350,0
88351,1
88352,1
88353,1
88354,0
88355,1
88356,0
88357,1
88358,1
88359,1
88360,1
88361,0
88362,1
88363,0
88364,1
88365,0
88366,0
88367,1
88368,0
88369,1
88370,0
88371,1
88372,1
88373,0
88374,1
88375,0
88376,0
88377,0
88378,1
88379,0
88380,1
88381,0
88382,1
88383,1
88384,1
88385,0
88386,1
88387,1
88388,1
88389,1
88390,1
88391,1
88392,1
88393,0
88394,1
88395,0
88396,0
88397,0
88398,1
88399,1
88400,1
88401,1
88402,1
88403,0
88404,1
88405,1
88406,1
88407,1
88408,1
88409,1
88410,1
88411,1
88412,0
88413,1
88414,0
88415,0
88416,1
88417,1
88418,0
88419,0
88420,0
88421,1
88422,0
88423,1
88424,1
88425,1
88426,0
88427,1
88428,1
88429,0
88430,0
88431,0
88432,0
88433,1
88434,0
88435,0
88436,0
88437,0
88438,0
88439,0
88440,0
88441,1
88442,1
88443,0
88444,0
88445,1
88446,0
88447,1
88448,1
88449,0
88450,1
88451,0
88452,1
88453,0
88454,1
88455,0
88456,0
88457,1
88458,0
88459,1
88460,1
88461,1
88462,0
88463,0
88464,1
88465,1
88466,1
88467,1
88468,1
88469,1
88470,0
88471,0
88472,1
88473,1
88474,1
88475,1
88476,0
88477,0
88478,0
88479,0
88480,1
88481,0
88482,1
88483,0
88484,1
88485,0
88486,1
88487,1
88488,1
88489,0
88490,0
88491,1
88492,1
88493,0
88494,1
88495,1
88496,1
88497,0
88498,1
88499,0
88500,1
88501,1
88502,0
88503,0
88504,0
88505,0
88506,1
88507,1
88508,1
88509,1
88510,1
88511,0
88512,1
88513,0
88514,1
88515,1
88516,0
88517,0
88518,1
88519,1
88520,1
88521,0
88522,1
88523,0
88524,1
88525,0
88526,1
88527,1
88528,1
88529,0
88530,1
88531,1
88532,0
88533,1
88534,0
88535,0
88536,1
88537,1
88538,1
88539,0
88540,0
88541,1
88542,1
88543,1
88544,1
88545,0
88546,1
88547,1
88548,0
88549,0
88550,0
88551,1
88552,1
88553,1
88554,1
88555,0
88556,0
88557,1
88558,1
88559,1
88560,1
88561,0
88562,1
88563,1
88564,0
88565,0
88566,0
88567,0
88568,0
88569,0
88570,1
88571,1
88572,1
88573,1
88574,1
88575,0
88576,0
88577,0
88578,1
88579,0
88580,1
88581,1
88582,0
88583,1
88584,0
88585,0
88586,0
88587,1
88588,1
88589,1
88590,0
88591,1
88592,0
88593,0
88594,1
88595,1
88596,1
88597,0
88598,1
88599,1
88600,1
88601,1
88602,0
88603,0
88604,0
88605,0
88606,0
88607,1
88608,1
88609,1
88610,1
88611,1
88612,0
88613,0
88614,0
88615,1
88616,0
88617,0
88618,1
88619,1
88620,1
88621,1
88622,1
88623,0
88624,1
88625,1
88626,1
88627,1
88628,0
88629,1
88630,1
88631,1
88632,1
88633,0
88634,1
88635,1
88636,0
88637,1
88638,0
88639,0
88640,1
88641,1
88642,0
88643,0
88644,0
88645,1
88646,1
88647,1
88648,1
88649,1
88650,0
88651,0
88652,1
88653,0
88654,0
88655,0
88656,1
88657,1
88658,1
88659,0
88660,0
88661,0
88662,0
88663,1
88664,1
88665,0
88666,1
88667,0
88668,1
88669,1
88670,1
88671,1
88672,0
88673,0
88674,0
88675,0
88676,1
88677,0
88678,0
88679,0
88680,1
88681,1
88682,0
88683,1
88684,0
88685,0
88686,1
88687,0
88688,1
88689,1
88690,1
88691,0
88692,1
88693,1
88694,1
88695,1
88696,0
88697,0
88698,0
88699,0
88700,1
88701,1
88702,0
88703,1
88704,1
88705,1
88706,1
88707,1
88708,0
88709,1
88710,0
88711,0
88712,1
88713,0
88714,0
88715,1
88716,1
88717,0
88718,1
88719,0
88720,0
88721,1
88722,0
88723,1
88724,1
88725,0
88726,0
88727,0
88728,0
88729,0
88730,0
88731,0
88732,0
88733,1
88734,1
88735,1
88736,1
88737,1
88738,1
88739,1
88740,1
88741,1
88742,1
88743,0
88744,1
88745,1
88746,1
88747,1
88748,1
88749,1
88750,1
88751,1
88752,0
88753,1
88754,1
88755,1
88756,1
88757,1
88758,0
88759,1
88760,1
88761,0
88762,0
88763,1
88764,1
88765,0
88766,0
88767,1
88768,0
88769,1
88770,1
88771,0
88772,1
88773,1
88774,1
88775,1
88776,0
88777,1
88778,0
88779,1
88780,0
88781,1
88782,0
88783,1
88784,0
88785,1
88786,0
88787,0
88788,1
88789,0
88790,0
88791,1
88792,1
88793,0
88794,0
88795,0
88796,1
88797,1
88798,1
88799,0
88800,0
88801,1
88802,1
88803,0
88804,0
88805,1
88806,1
88807,1
88808,0
88809,1
88810,0
88811,1
88812,1
88813,1
88814,1
88815,0
88816,1
88817,1
88818,1
88819,0
88820,0
88821,1
88822,1
88823,0
88824,0
88825,1
88826,1
88827,0
88828,1
88829,0
88830,1
88831,1
88832,1
88833,1
88834,0
88835,1
88836,0
88837,0
88838,0
88839,1
88840,1
88841,0
88842,1
88843,1
88844,1
88845,1
88846,1
88847,1
88848,0
88849,0
88850,1
88851,1
88852,1
88853,0
88854,1
88855,1
88856,0
88857,1
88858,1
88859,0
88860,0
88861,1
88862,0
88863,1
88864,1
88865,1
88866,1
88867,0
88868,1
88869,1
88870,0
88871,0
88872,1
88873,1
88874,1
88875,1
88876,0
88877,1
88878,1
88879,1
88880,1
88881,1
88882,1
88883,0
88884,1
88885,1
88886,1
88887,1
88888,1
88889,0
88890,1
88891,0
88892,0
88893,0
88894,0
88895,1
88896,1
88897,0
88898,1
88899,1
88900,1
88901,1
88902,0
88903,0
88904,1
88905,1
88906,0
88907,1
88908,1
88909,0
88910,0
88911,1
88912,1
88913,0
88914,1
88915,0
88916,1
88917,1
88918,0
88919,0
88920,0
88921,1
88922,0
88923,0
88924,0
88925,0
88926,1
88927,0
88928,1
88929,1
88930,1
88931,0
88932,0
88933,1
88934,0
88935,1
88936,0
88937,1
88938,1
88939,0
88940,1
88941,1
88942,0
88943,1
88944,0
88945,1
88946,1
88947,0
88948,1
88949,1
88950,0
88951,0
88952,1
88953,1
88954,0
88955,1
88956,1
88957,0
88958,0
88959,1
88960,1
88961,1
88962,1
88963,1
88964,1
88965,1
88966,1
88967,1
88968,0
88969,1
88970,1
88971,1
88972,1
88973,0
88974,1
88975,1
88976,0
88977,0
88978,1
88979,1
88980,1
88981,1
88982,1
88983,1
88984,1
88985,1
88986,0
88987,1
88988,1
88989,0
88990,1
88991,0
88992,0
88993,1
88994,1
88995,1
88996,0
88997,1
88998,0
88999,1
89000,1
89001,0
89002,1
89003,0
89004,1
89005,0
89006,1
89007,0
89008,1
89009,0
89010,1
89011,1
89012,0
89013,0
89014,0
89015,1
89016,1
89017,1
89018,1
89019,1
89020,1
89021,1
89022,1
89023,1
89024,1
89025,0
89026,1
89027,0
89028,0
89029,0
89030,1
89031,0
89032,0
89033,1
89034,0
89035,1
89036,0
89037,1
89038,0
89039,1
89040,1
89041,0
89042,0
89043,1
89044,0
89045,0
89046,1
89047,1
89048,1
89049,1
89050,1
89051,1
89052,0
89053,1
89054,1
89055,1
89056,0
89057,1
89058,1
89059,1
89060,1
89061,1
89062,1
89063,1
89064,0
89065,1
89066,1
89067,1
89068,0
89069,1
89070,1
89071,1
89072,0
89073,1
89074,0
89075,0
89076,0
89077,0
89078,0
89079,0
89080,0
89081,0
89082,1
89083,0
89084,1
89085,1
89086,1
89087,1
89088,0
89089,1
89090,1
89091,1
89092,0
89093,1
89094,1
89095,0
89096,0
89097,0
89098,1
89099,1
89100,0
89101,0
89102,0
89103,1
89104,1
89105,0
89106,1
89107,0
89108,1
89109,1
89110,1
89111,1
89112,0
89113,0
89114,1
89115,1
89116,1
89117,1
89118,0
89119,0
89120,0
89121,0
89122,0
89123,1
89124,1
89125,0
89126,1
89127,1
89128,1
89129,0
89130,0
89131,1
89132,1
89133,0
89134,1
89135,1
89136,0
89137,1
89138,0
89139,1
89140,0
89141,1
89142,1
89143,0
89144,1
89145,0
89146,0
89147,0
89148,1
89149,1
89150,0
89151,1
89152,1
89153,0
89154,0
89155,1
89156,1
89157,1
89158,0
89159,1
89160,1
89161,1
89162,0
89163,1
89164,0
89165,1
89166,0
89167,1
89168,1
89169,1
89170,1
89171,1
89172,1
89173,1
89174,1
89175,1
89176,1
89177,0
89178,1
89179,0
89180,1
89181,1
89182,0
89183,1
89184,1
89185,1
89186,1
89187,0
89188,0
89189,0
89190,1
89191,0
89192,1
89193,1
89194,1
89195,1
89196,0
89197,1
89198,0
89199,0
89200,1
89201,0
89202,1
89203,1
89204,1
89205,0
89206,1
89207,1
89208,0
89209,0
89210,0
89211,1
89212,0
89213,0
89214,1
89215,1
89216,1
89217,0
89218,1
89219,1
89220,0
89221,0
89222,1
89223,1
89224,0
89225,1
89226,1
89227,0
89228,0
89229,0
89230,1
89231,1
89232,1
89233,0
89234,0
89235,1
89236,1
89237,1
89238,1
89239,1
89240,1
89241,1
89242,1
89243,1
89244,1
89245,1
89246,0
89247,0
89248,1
89249,0
89250,1
89251,1
89252,0
89253,1
89254,1
89255,0
89256,1
89257,0
89258,1
89259,0
89260,1
89261,0
89262,0
89263,1
89264,1
89265,1
89266,1
89267,1
89268,1
89269,0
89270,1
89271,1
89272,1
89273,1
89274,1
89275,1
89276,1
89277,1
89278,0
89279,1
89280,1
89281,0
89282,0
89283,0
89284,0
89285,1
89286,1
89287,1
89288,1
89289,1
89290,1
89291,0
89292,0
89293,0
89294,1
89295,0
89296,0
89297,1
89298,0
89299,0
89300,1
89301,0
89302,1
89303,0
89304,1
89305,1
89306,0
89307,0
89308,0
89309,0
89310,1
89311,0
89312,0
89313,1
89314,1
89315,0
89316,0
89317,1
89318,1
89319,1
89320,1
89321,1
89322,1
89323,1
89324,0
89325,1
89326,1
89327,1
89328,1
89329,1
89330,1
89331,0
89332,0
89333,1
89334,0
89335,1
89336,1
89337,0
89338,0
89339,0
89340,1
89341,0
89342,1
89343,1
89344,1
89345,1
89346,1
89347,1
89348,0
89349,0
89350,1
89351,0
89352,0
89353,0
89354,1
89355,0
89356,0
89357,1
89358,0
89359,1
89360,0
89361,1
89362,0
89363,0
89364,1
89365,0
89366,0
89367,1
89368,1
89369,1
89370,1
89371,1
89372,0
89373,1
89374,1
89375,1
89376,1
89377,1
89378,0
89379,1
89380,1
89381,1
89382,1
89383,0
89384,0
89385,1
89386,1
89387,0
89388,1
89389,0
89390,1
89391,0
89392,1
89393,1
89394,1
89395,0
89396,1
89397,0
89398,1
89399,0
89400,0
89401,1
89402,0
89403,1
89404,1
89405,1
89406,1
89407,1
89408,1
89409,1
89410,0
89411,0
89412,1
89413,0
89414,1
89415,0
89416,0
89417,0
89418,0
89419,1
89420,1
89421,1
89422,1
89423,1
89424,0
89425,1
89426,0
89427,1
89428,0
89429,1
89430,1
89431,0
89432,0
89433,1
89434,1
89435,1
89436,0
89437,0
89438,1
89439,1
89440,1
89441,1
89442,0
89443,1
89444,0
89445,1
89446,0
89447,0
89448,1
89449,0
89450,1
89451,1
89452,1
89453,0
89454,0
89455,1
89456,1
89457,1
89458,1
89459,0
89460,1
89461,1
89462,0
89463,1
89464,1
89465,0
89466,1
89467,0
89468,1
89469,1
89470,1
89471,0
89472,0
89473,1
89474,0
89475,1
89476,1
89477,1
89478,1
89479,0
89480,0
89481,0
89482,0
89483,0
89484,0
89485,1
89486,1
89487,0
89488,1
89489,1
89490,0
89491,1
89492,1
89493,1
89494,1
89495,1
89496,0
89497,1
89498,0
89499,1
89500,1
89501,0
89502,0
89503,1
89504,1
89505,0
89506,1
89507,1
89508,1
89509,0
89510,1
89511,0
89512,1
89513,1
89514,0
89515,0
89516,0
89517,0
89518,0
89519,1
89520,1
89521,1
89522,0
89523,1
89524,1
89525,1
89526,0
89527,1
89528,1
89529,0
89530,0
89531,0
89532,0
89533,1
89534,1
89535,0
89536,1
89537,1
89538,1
89539,0
89540,1
89541,1
89542,1
89543,0
89544,1
89545,0
89546,0
89547,1
89548,1
89549,1
89550,0
89551,0
89552,0
89553,0
89554,0
89555,0
89556,1
89557,1
89558,0
89559,0
89560,1
89561,0
89562,1
89563,1
89564,1
89565,0
89566,0
89567,1
89568,1
89569,0
89570,1
89571,1
89572,0
89573,1
89574,0
89575,1
89576,0
89577,1
89578,1
89579,0
89580,0
89581,1
89582,1
89583,1
89584,0
89585,1
89586,0
89587,1
89588,1
89589,0
89590,1
89591,0
89592,1
89593,1
89594,1
89595,0
89596,0
89597,1
89598,1
89599,1
89600,0
89601,1
89602,1
89603,0
89604,0
89605,0
89606,1
89607,1
89608,1
89609,0
89610,1
89611,0
89612,1
89613,0
89614,1
89615,0
89616,0
89617,0
89618,0
89619,1
89620,1
89621,0
89622,1
89623,1
89624,0
89625,1
89626,1
89627,0
89628,1
89629,1
89630,1
89631,1
89632,0
89633,1
89634,1
89635,1
89636,0
89637,1
89638,0
89639,1
89640,0
89641,0
89642,1
89643,0
89644,1
89645,1
89646,1
89647,0
89648,0
89649,1
89650,0
89651,0
89652,1
89653,1
89654,0
89655,0
89656,1
89657,1
89658,1
89659,0
89660,1
89661,0
89662,0
89663,1
89664,1
89665,1
89666,0
89667,1
89668,1
89669,1
89670,1
89671,0
89672,1
89673,1
89674,1
89675,1
89676,1
89677,1
89678,0
89679,1
89680,1
89681,1
89682,0
89683,0
89684,1
89685,1
89686,1
89687,1
89688,1
89689,0
89690,0
89691,0
89692,1
89693,1
89694,0
89695,0
89696,1
89697,1
89698,0
89699,0
89700,1
89701,1
89702,0
89703,1
89704,1
89705,1
89706,0
89707,0
89708,0
89709,1
89710,0
89711,1
89712,0
89713,1
89714,1
89715,0
89716,1
89717,1
89718,1
89719,1
89720,1
89721,0
89722,1
89723,1
89724,1
89725,1
89726,1
89727,0
89728,1
89729,1
89730,1
89731,0
89732,0
89733,1
89734,0
89735,0
89736,1
89737,1
89738,0
89739,1
89740,1
89741,0
89742,1
89743,0
89744,0
89745,0
89746,1
89747,1
89748,1
89749,1
89750,0
89751,1
89752,1
89753,1
89754,1
89755,1
89756,1
89757,0
89758,0
89759,0
89760,1
89761,0
89762,1
89763,0
89764,1
89765,1
89766,1
89767,1
89768,0
89769,1
89770,0
89771,0
89772,0
89773,0
89774,0
89775,0
89776,1
89777,1
89778,0
89779,1
89780,1
89781,1
89782,1
89783,0
89784,1
89785,0
89786,0
89787,0
89788,1
89789,1
89790,0
89791,0
89792,1
89793,1
89794,1
89795,1
89796,0
89797,0
89798,0
89799,1
89800,0
89801,1
89802,1
89803,1
89804,0
89805,1
89806,1
89807,1
89808,0
89809,0
89810,1
89811,1
89812,1
89813,1
89814,1
89815,1
89816,1
89817,1
89818,1
89819,1
89820,1
89821,1
89822,1
89823,1
89824,0
89825,1
89826,0
89827,1
89828,1
89829,1
89830,1
89831,1
89832,1
89833,0
89834,0
89835,0
89836,1
89837,1
89838,1
89839,1
89840,0
89841,1
89842,1
89843,1
89844,1
89845,0
89846,1
89847,0
89848,1
89849,1
89850,1
89851,1
89852,0
89853,1
89854,1
89855,1
89856,1
89857,0
89858,1
89859,1
89860,0
89861,1
89862,1
89863,1
89864,0
89865,1
89866,1
89867,1
89868,1
89869,0
89870,1
89871,0
89872,1
89873,1
89874,1
89875,1
89876,1
89877,1
89878,1
89879,1
89880,0
89881,0
89882,0
89883,1
89884,0
89885,0
89886,0
89887,0
89888,0
89889,0
89890,0
89891,0
89892,1
89893,1
89894,0
89895,1
89896,0
89897,1
89898,1
89899,0
89900,1
89901,0
89902,1
89903,0
89904,1
89905,0
89906,1
89907,1
89908,0
89909,0
89910,0
89911,0
89912,0
89913,0
89914,1
89915,1
89916,0
89917,0
89918,0
89919,1
89920,0
89921,1
89922,0
89923,0
89924,1
89925,1
89926,1
89927,1
89928,1
89929,1
89930,0
89931,0
89932,0
89933,1
89934,1
89935,0
89936,0
89937,0
89938,0
89939,0
89940,1
89941,1
89942,0
89943,0
89944,1
89945,0
89946,0
89947,1
89948,1
89949,1
89950,1
89951,1
89952,1
89953,1
89954,0
89955,1
89956,1
89957,0
89958,0
89959,1
89960,1
89961,1
89962,0
89963,1
89964,0
89965,1
89966,0
89967,1
89968,0
89969,0
89970,0
89971,1
89972,1
89973,1
89974,1
89975,0
89976,1
89977,0
89978,1
89979,0
89980,1
89981,1
89982,0
89983,0
89984,0
89985,1
89986,1
89987,1
89988,0
89989,1
89990,1
89991,1
89992,1
89993,1
89994,1
89995,0
89996,1
89997,1
89998,1
89999,0
90000,0
90001,1
90002,1
90003,1
90004,0
90005,1
90006,1
90007,0
90008,1
90009,0
90010,1
90011,1
90012,1
90013,1
90014,0
90015,1
90016,1
90017,1
90018,1
90019,1
90020,1
90021,1
90022,1
90023,1
90024,1
90025,0
90026,0
90027,1
90028,1
90029,1
90030,1
90031,0
90032,0
90033,1
90034,0
90035,0
90036,1
90037,1
90038,1
90039,0
90040,1
90041,0
90042,1
90043,1
90044,1
90045,0
90046,1
90047,0
90048,0
90049,1
90050,1
90051,0
90052,0
90053,1
90054,1
90055,0
90056,1
90057,1
90058,1
90059,0
90060,1
90061,1
90062,0
90063,1
90064,1
90065,0
90066,1
90067,0
90068,1
90069,1
90070,1
90071,0
90072,1
90073,1
90074,0
90075,1
90076,1
90077,0
90078,1
90079,0
90080,1
90081,1
90082,1
90083,1
90084,0
90085,1
90086,1
90087,1
90088,1
90089,0
90090,1
90091,1
90092,0
90093,1
90094,1
90095,1
90096,1
90097,0
90098,1
90099,1
90100,1
90101,1
90102,1
90103,1
90104,1
90105,1
90106,1
90107,0
90108,1
90109,1
90110,0
90111,1
90112,1
90113,1
90114,1
90115,0
90116,0
90117,1
90118,1
90119,1
90120,0
90121,0
90122,1
90123,1
90124,1
90125,1
90126,1
90127,1
90128,0
90129,1
90130,1
90131,1
90132,0
90133,0
90134,1
90135,0
90136,0
90137,0
90138,1
90139,0
90140,0
90141,1
90142,0
90143,1
90144,1
90145,1
90146,0
90147,1
90148,0
90149,0
90150,1
90151,1
90152,0
90153,1
90154,0
90155,1
90156,1
90157,1
90158,0
90159,1
90160,0
90161,1
90162,0
90163,1
90164,1
90165,0
90166,1
90167,1
90168,1
90169,1
90170,0
90171,0
90172,0
90173,0
90174,0
90175,1
90176,1
90177,0
90178,0
90179,1
90180,1
90181,1
90182,0
90183,1
90184,0
90185,0
90186,0
90187,0
90188,0
90189,1
90190,1
90191,1
90192,0
90193,0
90194,1
90195,1
90196,1
90197,1
90198,1
90199,1
90200,1
90201,0
90202,1
90203,1
90204,1
90205,1
90206,1
90207,1
90208,0
90209,0
90210,1
90211,1
90212,0
90213,1
90214,1
90215,1
90216,1
90217,1
90218,1
90219,1
90220,0
90221,1
90222,1
90223,1
90224,1
90225,0
90226,0
90227,0
90228,0
90229,1
90230,1
90231,1
90232,0
90233,1
90234,1
90235,0
90236,1
90237,0
90238,0
90239,1
90240,1
90241,1
90242,1
90243,0
90244,1
90245,0
90246,1
90247,1
90248,0
90249,0
90250,1
90251,1
90252,0
90253,0
90254,1
90255,1
90256,1
90257,1
90258,0
90259,1
90260,1
90261,1
90262,0
90263,0
90264,1
90265,1
90266,0
90267,0
90268,1
90269,0
90270,0
90271,1
90272,0
90273,1
90274,0
90275,0
90276,1
90277,1
90278,1
90279,1
90280,1
90281,0
90282,0
90283,0
90284,1
90285,0
90286,1
90287,1
90288,1
90289,1
90290,1
90291,1
90292,1
90293,1
90294,1
90295,0
90296,0
90297,1
90298,1
90299,1
90300,0
90301,1
90302,1
90303,0
90304,1
90305,0
90306,0
90307,1
90308,1
90309,1
90310,1
90311,1
90312,0
90313,0
90314,1
90315,1
90316,1
90317,1
90318,1
90319,1
90320,0
90321,1
90322,1
90323,0
90324,0
90325,1
90326,1
90327,0
90328,0
90329,1
90330,1
90331,1
90332,1
90333,1
90334,1
90335,1
90336,0
90337,0
90338,0
90339,0
90340,1
90341,0
90342,1
90343,0
90344,1
90345,0
90346,1
90347,1
90348,1
90349,0
90350,1
90351,1
90352,1
90353,0
90354,0
90355,1
90356,1
90357,0
90358,0
90359,1
90360,0
90361,1
90362,1
90363,1
90364,0
90365,1
90366,1
90367,0
90368,1
90369,1
90370,1
90371,0
90372,1
90373,1
90374,1
90375,1
90376,1
90377,1
90378,1
90379,0
90380,1
90381,0
90382,0
90383,1
90384,0
90385,0
90386,0
90387,1
90388,1
90389,1
90390,1
90391,0
90392,1
90393,0
90394,0
90395,0
90396,0
90397,0
90398,1
90399,1
90400,1
90401,1
90402,0
90403,1
90404,0
90405,0
90406,0
90407,1
90408,1
90409,1
90410,0
90411,0
90412,1
90413,1
90414,1
90415,0
90416,0
90417,1
90418,1
90419,1
90420,0
90421,0
90422,1
90423,1
90424,1
90425,1
90426,1
90427,0
90428,1
90429,1
90430,0
90431,0
90432,0
90433,0
90434,1
90435,1
90436,1
90437,1
90438,0
90439,1
90440,1
90441,0
90442,0
90443,1
90444,0
90445,1
90446,1
90447,1
90448,0
90449,0
90450,1
90451,1
90452,1
90453,1
90454,0
90455,1
90456,1
90457,1
90458,1
90459,1
90460,1
90461,1
90462,0
90463,0
90464,1
90465,1
90466,1
90467,1
90468,1
90469,1
90470,1
90471,1
90472,1
90473,0
90474,1
90475,1
90476,1
90477,1
90478,0
90479,1
90480,1
90481,1
90482,1
90483,1
90484,1
90485,1
90486,1
90487,1
90488,1
90489,1
90490,1
90491,0
90492,0
90493,1
90494,0
90495,0
90496,1
90497,1
90498,1
90499,1
90500,1
90501,0
90502,0
90503,1
90504,0
90505,1
90506,1
90507,1
90508,0
90509,1
90510,1
90511,0
90512,1
90513,1
90514,1
90515,1
90516,0
90517,0
90518,1
90519,0
90520,1
90521,1
90522,0
90523,1
90524,0
90525,1
90526,0
90527,1
90528,0
90529,0
90530,1
90531,0
90532,1
90533,0
90534,1
90535,0
90536,1
90537,0
90538,1
90539,0
90540,1
90541,1
90542,0
90543,1
90544,1
90545,1
90546,1
90547,1
90548,0
90549,1
90550,1
90551,1
90552,1
90553,0
90554,1
90555,1
90556,0
90557,1
90558,0
90559,0
90560,1
90561,1
90562,1
90563,1
90564,0
90565,0
90566,1
90567,1
90568,0
90569,1
90570,1
90571,1
90572,1
90573,0
90574,1
90575,1
90576,0
90577,0
90578,1
90579,1
90580,1
90581,0
90582,1
90583,1
90584,1
90585,0
90586,0
90587,1
90588,1
90589,0
90590,1
90591,1
90592,1
90593,0
90594,0
90595,1
90596,1
90597,0
90598,1
90599,1
90600,1
90601,0
90602,1
90603,1
90604,1
90605,1
90606,0
90607,0
90608,1
90609,1
90610,1
90611,1
90612,1
90613,1
90614,1
90615,0
90616,1
90617,1
90618,1
90619,1
90620,1
90621,0
90622,1
90623,1
90624,0
90625,1
90626,0
90627,0
90628,0
90629,0
90630,0
90631,1
90632,1
90633,1
90634,0
90635,0
90636,0
90637,1
90638,1
90639,1
90640,1
90641,0
90642,1
90643,0
90644,1
90645,0
90646,0
90647,1
90648,1
90649,1
90650,1
90651,1
90652,1
90653,1
90654,1
90655,1
90656,1
90657,0
90658,0
90659,0
90660,1
90661,0
90662,0
90663,1
90664,0
90665,0
90666,1
90667,1
90668,0
90669,1
90670,1
90671,1
90672,1
90673,1
90674,0
90675,0
90676,1
90677,0
90678,0
90679,1
90680,1
90681,0
90682,1
90683,1
90684,1
90685,1
90686,1
90687,1
90688,1
90689,0
90690,1
90691,1
90692,1
90693,1
90694,0
90695,1
90696,0
90697,1
90698,0
90699,1
90700,1
90701,1
90702,0
90703,1
90704,1
90705,1
90706,0
90707,0
90708,1
90709,0
90710,1
90711,1
90712,0
90713,1
90714,1
90715,1
90716,1
90717,0
90718,1
90719,1
90720,0
90721,1
90722,1
90723,0
90724,1
90725,1
90726,0
90727,1
90728,1
90729,1
90730,1
90731,0
90732,1
90733,0
90734,1
90735,1
90736,1
90737,1
90738,1
90739,0
90740,0
90741,1
90742,1
90743,1
90744,1
90745,1
90746,0
90747,0
90748,0
90749,1
90750,1
90751,1
90752,0
90753,1
90754,0
90755,0
90756,1
90757,1
90758,0
90759,0
90760,1
90761,1
90762,1
90763,0
90764,1
90765,1
90766,1
90767,1
90768,1
90769,0
90770,1
90771,1
90772,1
90773,1
90774,1
90775,1
90776,0
90777,0
90778,1
90779,1
90780,1
90781,1
90782,0
90783,1
90784,0
90785,0
90786,1
90787,1
90788,1
90789,1
90790,1
90791,1
90792,1
90793,0
90794,0
90795,1
90796,0
90797,0
90798,0
90799,1
90800,0
90801,1
90802,1
90803,1
90804,1
90805,1
90806,0
90807,1
90808,0
90809,1
90810,1
90811,0
90812,1
90813,0
90814,1
90815,1
90816,1
90817,0
90818,1
90819,0
90820,1
90821,1
90822,0
90823,1
90824,0
90825,0
90826,0
90827,0
90828,0
90829,0
90830,0
90831,1
90832,1
90833,1
90834,1
90835,0
90836,0
90837,1
90838,1
90839,1
90840,0
90841,1
90842,1
90843,1
90844,1
90845,0
90846,1
90847,0
90848,0
90849,1
90850,0
90851,0
90852,1
90853,1
90854,1
90855,1
90856,0
90857,0
90858,1
90859,0
90860,1
90861,1
90862,1
90863,0
90864,1
90865,1
90866,1
90867,0
90868,1
90869,1
90870,1
90871,1
90872,1
90873,0
90874,1
90875,0
90876,0
90877,1
90878,1
90879,0
90880,1
90881,1
90882,1
90883,1
90884,0
90885,1
90886,1
90887,1
90888,1
90889,1
90890,0
90891,1
90892,1
90893,1
90894,0
90895,0
90896,1
90897,1
90898,0
90899,1
90900,0
90901,1
90902,0
90903,0
90904,1
90905,1
90906,1
90907,0
90908,0
90909,0
90910,1
90911,0
90912,1
90913,1
90914,1
90915,1
90916,0
90917,0
90918,1
90919,1
90920,0
90921,0
90922,0
90923,1
90924,0
90925,1
90926,1
90927,1
90928,1
90929,1
90930,1
90931,0
90932,1
90933,0
90934,1
90935,1
90936,1
90937,1
90938,0
90939,1
90940,0
90941,0
90942,1
90943,1
90944,0
90945,1
90946,0
90947,0
90948,0
90949,1
90950,1
90951,1
90952,1
90953,0
90954,0
90955,1
90956,1
90957,1
90958,0
90959,1
90960,0
90961,1
90962,0
90963,1
90964,1
90965,1
90966,0
90967,0
90968,1
90969,1
90970,1
90971,0
90972,1
90973,0
90974,1
90975,1
90976,0
90977,1
90978,1
90979,1
90980,1
90981,1
90982,0
90983,0
90984,1
90985,1
90986,0
90987,0
90988,0
90989,1
90990,1
90991,0
90992,1
90993,1
90994,1
90995,1
90996,1
90997,0
90998,0
90999,1
91000,1
91001,1
91002,1
91003,1
91004,1
91005,1
91006,1
91007,1
91008,1
91009,1
91010,1
91011,1
91012,0
91013,0
91014,1
91015,1
91016,0
91017,0
91018,1
91019,1
91020,1
91021,0
91022,0
91023,0
91024,1
91025,0
91026,1
91027,0
91028,1
91029,0
91030,1
91031,1
91032,1
91033,0
91034,1
91035,0
91036,1
91037,1
91038,0
91039,1
91040,1
91041,1
91042,1
91043,1
91044,1
91045,1
91046,0
91047,1
91048,0
91049,1
91050,1
91051,0
91052,0
91053,1
91054,1
91055,1
91056,0
91057,1
91058,0
91059,1
91060,1
91061,0
91062,1
91063,0
91064,1
91065,0
91066,1
91067,0
91068,1
91069,1
91070,0
91071,1
91072,0
91073,1
91074,1
91075,1
91076,0
91077,0
91078,1
91079,1
91080,1
91081,0
91082,0
91083,1
91084,0
91085,1
91086,0
91087,1
91088,0
91089,1
91090,0
91091,0
91092,0
91093,1
91094,1
91095,1
91096,0
91097,1
91098,1
91099,0
91100,1
91101,1
91102,1
91103,1
91104,1
91105,0
91106,1
91107,1
91108,1
91109,1
91110,1
91111,0
91112,0
91113,0
91114,1
91115,1
91116,1
91117,1
91118,0
91119,1
91120,1
91121,0
91122,1
91123,1
91124,0
91125,1
91126,0
91127,1
91128,1
91129,1
91130,1
91131,0
91132,0
91133,1
91134,1
91135,0
91136,1
91137,1
91138,1
91139,0
91140,1
91141,0
91142,0
91143,1
91144,0
91145,0
91146,1
91147,0
91148,1
91149,1
91150,1
91151,1
91152,1
91153,0
91154,1
91155,1
91156,1
91157,0
91158,0
91159,0
91160,0
91161,1
91162,0
91163,1
91164,0
91165,1
91166,1
91167,1
91168,1
91169,1
91170,1
91171,1
91172,1
91173,0
91174,1
91175,1
91176,1
91177,1
91178,0
91179,0
91180,0
91181,1
91182,0
91183,1
91184,1
91185,0
91186,1
91187,1
91188,1
91189,0
91190,1
91191,1
91192,1
91193,0
91194,1
91195,0
91196,1
91197,1
91198,1
91199,1
91200,1
91201,0
91202,0
91203,1
91204,1
91205,0
91206,1
91207,1
91208,1
91209,1
91210,1
91211,1
91212,1
91213,1
91214,1
91215,1
91216,0
91217,0
91218,0
91219,1
91220,1
91221,1
91222,1
91223,1
91224,0
91225,1
91226,0
91227,1
91228,0
91229,0
91230,1
91231,0
91232,0
91233,0
91234,1
91235,1
91236,0
91237,1
91238,1
91239,1
91240,0
91241,1
91242,1
91243,0
91244,0
91245,1
91246,1
91247,0
91248,1
91249,1
91250,1
91251,0
91252,0
91253,1
91254,1
91255,0
91256,1
91257,0
91258,1
91259,1
91260,1
91261,0
91262,0
91263,0
91264,0
91265,1
91266,1
91267,0
91268,1
91269,0
91270,0
91271,1
91272,0
91273,1
91274,1
91275,1
91276,1
91277,1
91278,0
91279,1
91280,0
91281,0
91282,0
91283,0
91284,1
91285,1
91286,0
91287,1
91288,1
91289,1
91290,0
91291,1
91292,0
91293,1
91294,1
91295,1
91296,1
91297,0
91298,0
91299,0
91300,0
91301,0
91302,1
91303,0
91304,0
91305,1
91306,0
91307,0
91308,1
91309,1
91310,1
91311,1
91312,0
91313,0
91314,1
91315,1
91316,0
91317,1
91318,1
91319,1
91320,1
91321,1
91322,0
91323,1
91324,0
91325,1
91326,0
91327,1
91328,1
91329,1
91330,1
91331,1
91332,1
91333,1
91334,1
91335,1
91336,1
91337,0
91338,0
91339,1
91340,0
91341,0
91342,1
91343,1
91344,1
91345,0
91346,1
91347,0
91348,1
91349,1
91350,0
91351,1
91352,0
91353,1
91354,1
91355,0
91356,1
91357,1
91358,1
91359,0
91360,0
91361,0
91362,1
91363,1
91364,1
91365,1
91366,1
91367,1
91368,1
91369,0
91370,1
91371,1
91372,0
91373,1
91374,1
91375,0
91376,0
91377,1
91378,1
91379,0
91380,0
91381,1
91382,0
91383,1
91384,0
91385,0
91386,1
91387,1
91388,1
91389,0
91390,0
91391,1
91392,1
91393,0
91394,1
91395,1
91396,1
91397,0
91398,0
91399,1
91400,1
91401,1
91402,1
91403,1
91404,0
91405,0
91406,1
91407,1
91408,0
91409,0
91410,0
91411,0
91412,0
91413,1
91414,0
91415,0
91416,1
91417,0
91418,0
91419,1
91420,1
91421,0
91422,1
91423,1
91424,1
91425,1
91426,1
91427,1
91428,1
91429,1
91430,0
91431,0
91432,0
91433,0
91434,0
91435,1
91436,1
91437,1
91438,0
91439,1
91440,0
91441,1
91442,1
91443,0
91444,1
91445,1
91446,1
91447,1
91448,0
91449,1
91450,0
91451,0
91452,1
91453,0
91454,1
91455,1
91456,1
91457,1
91458,1
91459,1
91460,0
91461,1
91462,0
91463,0
91464,0
91465,0
91466,1
91467,1
91468,0
91469,1
91470,0
91471,0
91472,1
91473,1
91474,0
91475,1
91476,1
91477,1
91478,0
91479,0
91480,0
91481,1
91482,1
91483,0
91484,1
91485,1
91486,0
91487,0
91488,0
91489,1
91490,1
91491,1
91492,0
91493,1
91494,1
91495,0
91496,1
91497,1
91498,1
91499,1
91500,1
91501,1
91502,1
91503,1
91504,1
91505,1
91506,1
91507,0
91508,1
91509,1
91510,0
91511,1
91512,1
91513,0
91514,0
91515,0
91516,0
91517,1
91518,1
91519,1
91520,0
91521,0
91522,1
91523,1
91524,1
91525,1
91526,1
91527,1
91528,1
91529,1
91530,0
91531,1
91532,1
91533,0
91534,0
91535,1
91536,0
91537,0
91538,0
91539,1
91540,1
91541,1
91542,1
91543,0
91544,1
91545,1
91546,1
91547,1
91548,1
91549,0
91550,1
91551,1
91552,1
91553,1
91554,1
91555,0
91556,1
91557,0
91558,1
91559,1
91560,0
91561,1
91562,1
91563,0
91564,1
91565,1
91566,0
91567,0
91568,1
91569,1
91570,1
91571,1
91572,0
91573,1
91574,1
91575,1
91576,0
91577,0
91578,1
91579,0
91580,1
91581,1
91582,1
91583,1
91584,1
91585,1
91586,1
91587,1
91588,0
91589,1
91590,0
91591,1
91592,1
91593,1
91594,0
91595,0
91596,1
91597,1
91598,1
91599,0
91600,1
91601,1
91602,0
91603,0
91604,0
91605,1
91606,1
91607,1
91608,1
91609,0
91610,0
91611,1
91612,1
91613,1
91614,0
91615,0
91616,0
91617,1
91618,1
91619,1
91620,1
91621,1
91622,0
91623,0
91624,0
91625,1
91626,1
91627,1
91628,1
91629,0
91630,1
91631,1
91632,0
91633,1
91634,1
91635,1
91636,1
91637,1
91638,0
91639,1
91640,1
91641,1
91642,1
91643,0
91644,1
91645,1
91646,1
91647,1
91648,1
91649,0
91650,0
91651,1
91652,1
91653,1
91654,0
91655,1
91656,0
91657,1
91658,1
91659,0
91660,0
91661,0
91662,0
91663,0
91664,0
91665,0
91666,1
91667,1
91668,1
91669,1
91670,1
91671,1
91672,0
91673,1
91674,1
91675,0
91676,1
91677,0
91678,1
91679,1
91680,1
91681,1
91682,0
91683,1
91684,0
91685,0
91686,1
91687,0
91688,0
91689,1
91690,1
91691,1
91692,1
91693,1
91694,1
91695,0
91696,1
91697,1
91698,1
91699,1
91700,0
91701,0
91702,1
91703,1
91704,1
91705,1
91706,1
91707,1
91708,1
91709,0
91710,0
91711,1
91712,0
91713,1
91714,1
91715,0
91716,1
91717,1
91718,1
91719,1
91720,0
91721,0
91722,0
91723,1
91724,1
91725,1
91726,1
91727,0
91728,0
91729,1
91730,0
91731,0
91732,1
91733,1
91734,1
91735,1
91736,1
91737,0
91738,1
91739,0
91740,1
91741,1
91742,1
91743,1
91744,1
91745,0
91746,1
91747,1
91748,1
91749,0
91750,0
91751,1
91752,1
91753,0
91754,1
91755,1
91756,1
91757,0
91758,0
91759,1
91760,1
91761,1
91762,1
91763,0
91764,1
91765,0
91766,1
91767,1
91768,0
91769,1
91770,1
91771,0
91772,0
91773,1
91774,0
91775,0
91776,0
91777,0
91778,0
91779,1
91780,1
91781,1
91782,1
91783,0
91784,1
91785,0
91786,1
91787,1
91788,0
91789,0
91790,0
91791,1
91792,1
91793,1
91794,0
91795,1
91796,1
91797,1
91798,0
91799,1
91800,1
91801,1
91802,1
91803,0
91804,1
91805,1
91806,0
91807,0
91808,0
91809,1
91810,0
91811,1
91812,1
91813,0
91814,1
91815,1
91816,0
91817,0
91818,1
91819,1
91820,1
91821,1
91822,1
91823,0
91824,0
91825,1
91826,1
91827,1
91828,0
91829,1
91830,1
91831,1
91832,1
91833,0
91834,0
91835,1
91836,1
91837,0
91838,0
91839,0
91840,0
91841,1
91842,1
91843,1
91844,1
91845,0
91846,1
91847,0
91848,0
91849,0
91850,0
91851,1
91852,1
91853,1
91854,1
91855,1
91856,0
91857,1
91858,1
91859,1
91860,1
91861,1
91862,1
91863,1
91864,0
91865,0
91866,0
91867,1
91868,0
91869,0
91870,0
91871,0
91872,0
91873,1
91874,1
91875,0
91876,0
91877,1
91878,1
91879,0
91880,1
91881,0
91882,1
91883,0
91884,1
91885,0
91886,1
91887,1
91888,0
91889,0
91890,1
91891,0
91892,1
91893,1
91894,0
91895,0
91896,0
91897,0
91898,0
91899,1
91900,1
91901,1
91902,0
91903,1
91904,0
91905,1
91906,1
91907,0
91908,1
91909,0
91910,1
91911,0
91912,0
91913,0
91914,1
91915,1
91916,1
91917,0
91918,1
91919,1
91920,1
91921,1
91922,1
91923,1
91924,0
91925,1
91926,1
91927,1
91928,0
91929,1
91930,1
91931,0
91932,1
91933,1
91934,0
91935,0
91936,1
91937,1
91938,1
91939,1
91940,1
91941,1
91942,0
91943,0
91944,1
91945,1
91946,1
91947,1
91948,0
91949,1
91950,1
91951,1
91952,1
91953,1
91954,1
91955,1
91956,1
91957,1
91958,0
91959,1
91960,1
91961,1
91962,1
91963,1
91964,0
91965,1
91966,0
91967,1
91968,1
91969,1
91970,1
91971,1
91972,0
91973,1
91974,1
91975,1
91976,0
91977,0
91978,1
91979,1
91980,1
91981,1
91982,1
91983,1
91984,1
91985,1
91986,0
91987,1
91988,0
91989,0
91990,1
91991,1
91992,1
91993,1
91994,1
91995,1
91996,1
91997,0
91998,1
91999,1
92000,1
92001,1
92002,1
92003,1
92004,1
92005,1
92006,0
92007,1
92008,0
92009,0
92010,0
92011,0
92012,1
92013,1
92014,0
92015,1
92016,0
92017,1
92018,1
92019,1
92020,0
92021,1
92022,1
92023,1
92024,1
92025,1
92026,1
92027,1
92028,1
92029,1
92030,1
92031,1
92032,0
92033,1
92034,1
92035,1
92036,1
92037,1
92038,0
92039,1
92040,1
92041,1
92042,0
92043,1
92044,0
92045,1
92046,0
92047,1
92048,0
92049,0
92050,1
92051,1
92052,0
92053,1
92054,1
92055,1
92056,0
92057,1
92058,1
92059,0
92060,0
92061,1
92062,1
92063,1
92064,1
92065,1
92066,0
92067,1
92068,0
92069,1
92070,0
92071,1
92072,1
92073,0
92074,0
92075,1
92076,1
92077,1
92078,0
92079,0
92080,0
92081,1
92082,1
92083,1
92084,1
92085,0
92086,0
92087,1
92088,0
92089,1
92090,0
92091,0
92092,1
92093,1
92094,0
92095,0
92096,1
92097,1
92098,1
92099,1
92100,1
92101,0
92102,1
92103,1
92104,1
92105,1
92106,1
92107,0
92108,1
92109,0
92110,1
92111,1
92112,0
92113,0
92114,1
92115,1
92116,1
92117,1
92118,1
92119,1
92120,1
92121,1
92122,0
92123,1
92124,1
92125,1
92126,0
92127,0
92128,1
92129,1
92130,1
92131,1
92132,1
92133,0
92134,1
92135,1
92136,0
92137,0
92138,1
92139,0
92140,1
92141,0
92142,0
92143,1
92144,0
92145,1
92146,1
92147,1
92148,0
92149,1
92150,0
92151,1
92152,1
92153,0
92154,1
92155,1
92156,1
92157,0
92158,1
92159,1
92160,1
92161,1
92162,1
92163,0
92164,0
92165,1
92166,0
92167,1
92168,1
92169,1
92170,1
92171,1
92172,0
92173,1
92174,1
92175,1
92176,0
92177,1
92178,0
92179,0
92180,1
92181,1
92182,0
92183,1
92184,1
92185,1
92186,1
92187,1
92188,1
92189,0
92190,1
92191,1
92192,0
92193,1
92194,0
92195,1
92196,1
92197,1
92198,1
92199,1
92200,1
92201,1
92202,1
92203,1
92204,1
92205,0
92206,1
92207,1
92208,1
92209,1
92210,0
92211,1
92212,0
92213,1
92214,0
92215,0
92216,0
92217,1
92218,1
92219,1
92220,0
92221,1
92222,0
92223,1
92224,1
92225,1
92226,1
92227,1
92228,1
92229,0
92230,1
92231,1
92232,1
92233,0
92234,1
92235,1
92236,0
92237,1
92238,0
92239,1
92240,1
92241,1
92242,1
92243,1
92244,0
92245,0
92246,0
92247,1
92248,1
92249,0
92250,0
92251,1
92252,1
92253,1
92254,0
92255,1
92256,1
92257,0
92258,0
92259,1
92260,1
92261,1
92262,0
92263,1
92264,1
92265,0
92266,1
92267,0
92268,1
92269,1
92270,0
92271,1
92272,0
92273,1
92274,0
92275,0
92276,1
92277,0
92278,0
92279,1
92280,1
92281,1
92282,0
92283,1
92284,1
92285,1
92286,1
92287,1
92288,0
92289,0
92290,1
92291,1
92292,1
92293,0
92294,1
92295,1
92296,0
92297,1
92298,1
92299,1
92300,1
92301,0
92302,1
92303,1
92304,0
92305,0
92306,0
92307,1
92308,0
92309,0
92310,1
92311,1
92312,0
92313,1
92314,0
92315,1
92316,1
92317,1
92318,0
92319,1
92320,0
92321,0
92322,1
92323,1
92324,0
92325,0
92326,1
92327,0
92328,0
92329,1
92330,0
92331,1
92332,0
92333,0
92334,1
92335,0
92336,0
92337,1
92338,1
92339,0
92340,0
92341,1
92342,0
92343,1
92344,1
92345,1
92346,1
92347,1
92348,1
92349,1
92350,1
92351,0
92352,0
92353,1
92354,0
92355,1
92356,0
92357,1
92358,0
92359,1
92360,1
92361,0
92362,1
92363,0
92364,0
92365,1
92366,1
92367,1
92368,1
92369,0
92370,1
92371,1
92372,0
92373,1
92374,1
92375,0
92376,1
92377,1
92378,1
92379,0
92380,1
92381,1
92382,1
92383,1
92384,1
92385,0
92386,1
92387,1
92388,1
92389,1
92390,0
92391,0
92392,0
92393,0
92394,0
92395,0
92396,1
92397,1
92398,0
92399,1
92400,1
92401,1
92402,1
92403,1
92404,0
92405,1
92406,0
92407,1
92408,0
92409,1
92410,0
92411,0
92412,1
92413,1
92414,1
92415,1
92416,1
92417,1
92418,1
92419,0
92420,0
92421,0
92422,1
92423,1
92424,1
92425,0
92426,1
92427,0
92428,0
92429,1
92430,1
92431,1
92432,1
92433,0
92434,1
92435,1
92436,0
92437,0
92438,0
92439,1
92440,0
92441,1
92442,0
92443,0
92444,1
92445,1
92446,1
92447,1
92448,0
92449,0
92450,1
92451,0
92452,1
92453,1
92454,1
92455,1
92456,1
92457,1
92458,1
92459,1
92460,1
92461,0
92462,1
92463,1
92464,0
92465,1
92466,0
92467,1
92468,0
92469,1
92470,1
92471,1
92472,0
92473,1
92474,1
92475,0
92476,1
92477,1
92478,1
92479,1
92480,1
92481,1
92482,0
92483,1
92484,0
92485,0
92486,1
92487,1
92488,0
92489,1
92490,1
92491,0
92492,0
92493,0
92494,0
92495,0
92496,1
92497,1
92498,1
92499,0
92500,1
92501,1
92502,1
92503,1
92504,1
92505,1
92506,0
92507,0
92508,0
92509,0
92510,0
92511,1
92512,1
92513,1
92514,1
92515,1
92516,1
92517,1
92518,1
92519,0
92520,1
92521,1
92522,0
92523,0
92524,1
92525,1
92526,0
92527,1
92528,1
92529,1
92530,0
92531,1
92532,1
92533,1
92534,0
92535,1
92536,1
92537,1
92538,1
92539,0
92540,1
92541,1
92542,1
92543,0
92544,1
92545,0
92546,0
92547,1
92548,0
92549,1
92550,1
92551,1
92552,1
92553,0
92554,0
92555,1
92556,0
92557,1
92558,1
92559,0
92560,0
92561,1
92562,1
92563,0
92564,1
92565,0
92566,1
92567,1
92568,0
92569,0
92570,0
92571,1
92572,1
92573,1
92574,1
92575,1
92576,0
92577,1
92578,1
92579,1
92580,1
92581,1
92582,1
92583,0
92584,0
92585,0
92586,0
92587,0
92588,1
92589,0
92590,0
92591,1
92592,1
92593,1
92594,0
92595,0
92596,1
92597,1
92598,1
92599,0
92600,1
92601,1
92602,0
92603,0
92604,1
92605,1
92606,1
92607,1
92608,1
92609,0
92610,1
92611,1
92612,0
92613,0
92614,0
92615,1
92616,0
92617,1
92618,1
92619,1
92620,0
92621,1
92622,1
92623,1
92624,1
92625,1
92626,0
92627,1
92628,1
92629,0
92630,1
92631,0
92632,0
92633,1
92634,1
92635,1
92636,1
92637,0
92638,1
92639,0
92640,1
92641,1
92642,0
92643,0
92644,1
92645,0
92646,1
92647,0
92648,1
92649,0
92650,1
92651,1
92652,1
92653,1
92654,1
92655,1
92656,0
92657,1
92658,1
92659,0
92660,0
92661,1
92662,1
92663,1
92664,1
92665,0
92666,1
92667,0
92668,0
92669,1
92670,1
92671,1
92672,1
92673,0
92674,0
92675,0
92676,0
92677,1
92678,1
92679,1
92680,0
92681,1
92682,1
92683,0
92684,0
92685,1
92686,1
92687,1
92688,1
92689,1
92690,0
92691,1
92692,1
92693,1
92694,1
92695,1
92696,1
92697,0
92698,1
92699,1
92700,0
92701,1
92702,0
92703,1
92704,0
92705,0
92706,1
92707,1
92708,0
92709,0
92710,1
92711,0
92712,1
92713,1
92714,0
92715,1
92716,0
92717,1
92718,1
92719,1
92720,1
92721,1
92722,0
92723,0
92724,1
92725,1
92726,0
92727,1
92728,1
92729,0
92730,1
92731,1
92732,0
92733,1
92734,1
92735,1
92736,1
92737,1
92738,0
92739,0
92740,1
92741,1
92742,1
92743,1
92744,1
92745,0
92746,0
92747,0
92748,1
92749,0
92750,1
92751,1
92752,0
92753,1
92754,0
92755,1
92756,0
92757,0
92758,0
92759,1
92760,1
92761,1
92762,0
92763,1
92764,1
92765,0
92766,1
92767,1
92768,1
92769,1
92770,0
92771,1
92772,1
92773,1
92774,1
92775,1
92776,0
92777,0
92778,1
92779,0
92780,1
92781,0
92782,0
92783,1
92784,1
92785,1
92786,0
92787,1
92788,1
92789,1
92790,1
92791,0
92792,1
92793,1
92794,0
92795,1
92796,1
92797,0
92798,0
92799,1
92800,1
92801,1
92802,0
92803,0
92804,0
92805,0
92806,1
92807,1
92808,0
92809,1
92810,1
92811,1
92812,1
92813,1
92814,0
92815,1
92816,0
92817,1
92818,0
92819,0
92820,0
92821,0
92822,1
92823,1
92824,1
92825,1
92826,0
92827,1
92828,0
92829,1
92830,0
92831,0
92832,1
92833,0
92834,1
92835,1
92836,1
92837,1
92838,1
92839,0
92840,1
92841,1
92842,1
92843,1
92844,1
92845,1
92846,0
92847,1
92848,1
92849,1
92850,0
92851,1
92852,0
92853,1
92854,1
92855,1
92856,1
92857,0
92858,1
92859,1
92860,0
92861,1
92862,1
92863,1
92864,0
92865,0
92866,0
92867,0
92868,1
92869,0
92870,0
92871,0
92872,0
92873,1
92874,1
92875,1
92876,1
92877,1
92878,1
92879,0
92880,0
92881,0
92882,0
92883,1
92884,0
92885,0
92886,1
92887,1
92888,1
92889,1
92890,1
92891,1
92892,1
92893,1
92894,0
92895,1
92896,1
92897,1
92898,0
92899,1
92900,1
92901,0
92902,1
92903,1
92904,1
92905,0
92906,1
92907,1
92908,1
92909,1
92910,1
92911,0
92912,0
92913,0
92914,1
92915,0
92916,1
92917,1
92918,1
92919,1
92920,0
92921,1
92922,1
92923,1
92924,1
92925,1
92926,0
92927,0
92928,1
92929,0
92930,1
92931,0
92932,0
92933,1
92934,0
92935,1
92936,1
92937,1
92938,0
92939,1
92940,0
92941,1
92942,1
92943,0
92944,0
92945,1
92946,1
92947,0
92948,1
92949,1
92950,1
92951,1
92952,1
92953,1
92954,0
92955,1
92956,1
92957,1
92958,0
92959,1
92960,1
92961,1
92962,1
92963,1
92964,0
92965,1
92966,0
92967,1
92968,1
92969,1
92970,1
92971,0
92972,1
92973,1
92974,1
92975,1
92976,1
92977,1
92978,1
92979,1
92980,0
92981,1
92982,1
92983,0
92984,1
92985,0
92986,1
92987,1
92988,0
92989,1
92990,1
92991,1
92992,1
92993,1
92994,1
92995,1
92996,1
92997,1
92998,1
92999,1
93000,1
93001,1
93002,0
93003,1
93004,1
93005,1
93006,1
93007,1
93008,1
93009,1
93010,0
93011,1
93012,1
93013,0
93014,0
93015,1
93016,1
93017,0
93018,1
93019,0
93020,1
93021,1
93022,1
93023,1
93024,1
93025,1
93026,1
93027,0
93028,1
93029,0
93030,0
93031,1
93032,1
93033,1
93034,0
93035,1
93036,0
93037,1
93038,0
93039,0
93040,1
93041,1
93042,1
93043,0
93044,1
93045,0
93046,1
93047,0
93048,1
93049,1
93050,1
93051,1
93052,0
93053,0
93054,1
93055,1
93056,0
93057,1
93058,1
93059,1
93060,0
93061,1
93062,0
93063,1
93064,0
93065,1
93066,0
93067,0
93068,0
93069,1
93070,1
93071,1
93072,1
93073,1
93074,0
93075,1
93076,0
93077,0
93078,1
93079,1
93080,0
93081,1
93082,1
93083,0
93084,0
93085,1
93086,1
93087,0
93088,1
93089,1
93090,1
93091,1
93092,1
93093,1
93094,1
93095,0
93096,1
93097,0
93098,0
93099,0
93100,0
93101,0
93102,1
93103,0
93104,0
93105,1
93106,1
93107,1
93108,0
93109,1
93110,0
93111,0
93112,1
93113,0
93114,0
93115,1
93116,1
93117,1
93118,1
93119,1
93120,1
93121,1
93122,1
93123,1
93124,1
93125,0
93126,1
93127,1
93128,0
93129,1
93130,0
93131,1
93132,0
93133,1
93134,1
93135,1
93136,0
93137,1
93138,1
93139,0
93140,1
93141,1
93142,1
93143,1
93144,1
93145,0
93146,1
93147,1
93148,1
93149,1
93150,0
93151,1
93152,1
93153,1
93154,1
93155,1
93156,1
93157,0
93158,1
93159,0
93160,1
93161,1
93162,1
93163,1
93164,1
93165,0
93166,1
93167,1
93168,0
93169,0
93170,1
93171,1
93172,0
93173,1
93174,1
93175,1
93176,1
93177,1
93178,1
93179,0
93180,0
93181,1
93182,0
93183,1
93184,1
93185,1
93186,1
93187,0
93188,1
93189,1
93190,0
93191,1
93192,1
93193,1
93194,0
93195,0
93196,1
93197,1
93198,1
93199,1
93200,1
93201,0
93202,1
93203,1
93204,0
93205,1
93206,0
93207,1
93208,0
93209,0
93210,0
93211,1
93212,1
93213,1
93214,0
93215,1
93216,0
93217,1
93218,1
93219,1
93220,0
93221,1
93222,1
93223,0
93224,1
93225,1
93226,1
93227,1
93228,1
93229,0
93230,1
93231,0
93232,1
93233,1
93234,0
93235,0
93236,1
93237,1
93238,0
93239,0
93240,0
93241,0
93242,1
93243,1
93244,0
93245,1
93246,1
93247,0
93248,0
93249,1
93250,1
93251,0
93252,0
93253,1
93254,1
93255,0
93256,1
93257,0
93258,0
93259,1
93260,0
93261,1
93262,1
93263,0
93264,1
93265,1
93266,0
93267,1
93268,1
93269,1
93270,1
93271,1
93272,0
93273,0
93274,0
93275,1
93276,1
93277,0
93278,0
93279,0
93280,1
93281,1
93282,0
93283,0
93284,1
93285,1
93286,1
93287,1
93288,0
93289,0
93290,0
93291,1
93292,1
93293,1
93294,1
93295,1
93296,0
93297,0
93298,1
93299,1
93300,1
93301,1
93302,1
93303,0
93304,0
93305,1
93306,0
93307,0
93308,0
93309,0
93310,1
93311,1
93312,1
93313,0
93314,0
93315,0
93316,0
93317,1
93318,1
93319,0
93320,0
93321,0
93322,1
93323,0
93324,0
93325,0
93326,1
93327,0
93328,1
93329,0
93330,1
93331,0
93332,1
93333,0
93334,0
93335,0
93336,1
93337,1
93338,1
93339,0
93340,1
93341,0
93342,1
93343,1
93344,0
93345,1
93346,0
93347,0
93348,0
93349,1
93350,0
93351,0
93352,0
93353,0
93354,1
93355,1
93356,1
93357,1
93358,0
93359,0
93360,0
93361,0
93362,1
93363,0
93364,0
93365,0
93366,1
93367,0
93368,1
93369,1
93370,1
93371,1
93372,0
93373,0
93374,1
93375,0
93376,1
93377,1
93378,1
93379,1
93380,0
93381,1
93382,1
93383,1
93384,0
93385,0
93386,1
93387,0
93388,1
93389,1
93390,1
93391,0
93392,0
93393,0
93394,1
93395,1
93396,0
93397,0
93398,0
93399,0
93400,1
93401,0
93402,1
93403,0
93404,1
93405,0
93406,1
93407,0
93408,0
93409,1
93410,1
93411,0
93412,1
93413,1
93414,1
93415,0
93416,1
93417,0
93418,1
93419,0
93420,0
93421,1
93422,1
93423,0
93424,1
93425,0
93426,0
93427,1
93428,1
93429,1
93430,1
93431,1
93432,1
93433,0
93434,0
93435,0
93436,0
93437,0
93438,1
93439,0
93440,1
93441,0
93442,0
93443,0
93444,0
93445,1
93446,1
93447,1
93448,0
93449,1
93450,1
93451,0
93452,1
93453,0
93454,0
93455,1
93456,1
93457,1
93458,1
93459,1
93460,1
93461,1
93462,1
93463,1
93464,0
93465,0
93466,1
93467,0
93468,1
93469,1
93470,0
93471,1
93472,0
93473,1
93474,1
93475,0
93476,1
93477,1
93478,1
93479,1
93480,0
93481,0
93482,0
93483,0
93484,0
93485,0
93486,0
93487,0
93488,1
93489,1
93490,1
93491,1
93492,0
93493,0
93494,1
93495,0
93496,1
93497,1
93498,1
93499,1
93500,1
93501,1
93502,1
93503,0
93504,1
93505,0
93506,1
93507,1
93508,0
93509,0
93510,0
93511,1
93512,1
93513,1
93514,0
93515,0
93516,0
93517,1
93518,1
93519,0
93520,1
93521,1
93522,0
93523,1
93524,1
93525,0
93526,1
93527,0
93528,0
93529,1
93530,1
93531,0
93532,1
93533,1
93534,0
93535,1
93536,1
93537,1
93538,1
93539,1
93540,1
93541,0
93542,1
93543,1
93544,1
93545,1
93546,0
93547,1
93548,1
93549,0
93550,1
93551,0
93552,1
93553,0
93554,1
93555,1
93556,1
93557,1
93558,1
93559,1
93560,1
93561,0
93562,1
93563,0
93564,0
93565,1
93566,1
93567,0
93568,1
93569,1
93570,1
93571,0
93572,1
93573,1
93574,1
93575,1
93576,1
93577,0
93578,1
93579,0
93580,1
93581,1
93582,1
93583,1
93584,0
93585,1
93586,1
93587,1
93588,1
93589,1
93590,0
93591,0
93592,0
93593,0
93594,0
93595,0
93596,1
93597,1
93598,1
93599,1
93600,0
93601,0
93602,1
93603,1
93604,0
93605,1
93606,0
93607,1
93608,1
93609,0
93610,1
93611,1
93612,1
93613,0
93614,1
93615,0
93616,0
93617,1
93618,1
93619,1
93620,1
93621,1
93622,1
93623,1
93624,0
93625,0
93626,0
93627,1
93628,1
93629,1
93630,0
93631,0
93632,1
93633,1
93634,0
93635,0
93636,1
93637,0
93638,1
93639,1
93640,0
93641,1
93642,1
93643,1
93644,0
93645,0
93646,1
93647,1
93648,0
93649,0
93650,1
93651,1
93652,1
93653,0
93654,1
93655,1
93656,0
93657,0
93658,0
93659,0
93660,1
93661,1
93662,0
93663,1
93664,1
93665,1
93666,1
93667,1
93668,1
93669,1
93670,1
93671,1
93672,1
93673,0
93674,1
93675,1
93676,0
93677,1
93678,0
93679,0
93680,0
93681,0
93682,1
93683,1
93684,0
93685,1
93686,0
93687,1
93688,0
93689,0
93690,1
93691,0
93692,1
93693,0
93694,1
93695,0
93696,0
93697,0
93698,1
93699,1
93700,1
93701,0
93702,0
93703,1
93704,1
93705,1
93706,1
93707,0
93708,1
93709,0
93710,1
93711,1
93712,0
93713,0
93714,1
93715,0
93716,1
93717,1
93718,1
93719,1
93720,1
93721,1
93722,1
93723,0
93724,0
93725,0
93726,0
93727,1
93728,0
93729,1
93730,1
93731,0
93732,0
93733,0
93734,0
93735,0
93736,1
93737,1
93738,1
93739,1
93740,0
93741,1
93742,1
93743,0
93744,1
93745,0
93746,1
93747,1
93748,1
93749,1
93750,1
93751,1
93752,1
93753,1
93754,1
93755,1
93756,0
93757,1
93758,1
93759,1
93760,0
93761,1
93762,0
93763,1
93764,1
93765,1
93766,1
93767,1
93768,0
93769,1
93770,1
93771,1
93772,1
93773,1
93774,1
93775,0
93776,1
93777,1
93778,1
93779,1
93780,1
93781,1
93782,0
93783,1
93784,1
93785,1
93786,0
93787,1
93788,1
93789,0
93790,1
93791,1
93792,0
93793,1
93794,1
93795,0
93796,0
93797,1
93798,1
93799,1
93800,0
93801,1
93802,1
93803,1
93804,1
93805,1
93806,1
93807,1
93808,0
93809,1
93810,1
93811,0
93812,1
93813,1
93814,1
93815,0
93816,1
93817,1
93818,1
93819,1
93820,1
93821,1
93822,0
93823,0
93824,0
93825,1
93826,1
93827,0
93828,0
93829,0
93830,0
93831,0
93832,0
93833,1
93834,1
93835,1
93836,0
93837,0
93838,0
93839,1
93840,0
93841,1
93842,0
93843,1
93844,1
93845,0
93846,1
93847,1
93848,0
93849,1
93850,1
93851,1
93852,0
93853,0
93854,1
93855,1
93856,1
93857,1
93858,1
93859,1
93860,0
93861,0
93862,1
93863,1
93864,1
93865,1
93866,0
93867,1
93868,0
93869,0
93870,1
93871,1
93872,1
93873,1
93874,1
93875,1
93876,1
93877,0
93878,1
93879,0
93880,1
93881,1
93882,1
93883,0
93884,1
93885,1
93886,1
93887,0
93888,1
93889,0
93890,0
93891,1
93892,1
93893,1
93894,1
93895,1
93896,1
93897,1
93898,0
93899,1
93900,1
93901,1
93902,1
93903,0
93904,1
93905,0
93906,0
93907,1
93908,1
93909,0
93910,0
93911,1
93912,1
93913,1
93914,1
93915,0
93916,0
93917,1
93918,1
93919,1
93920,0
93921,0
93922,1
93923,1
93924,1
93925,0
93926,1
93927,1
93928,1
93929,1
93930,1
93931,0
93932,1
93933,1
93934,0
93935,0
93936,1
93937,1
93938,1
93939,1
93940,1
93941,1
93942,1
93943,1
93944,1
93945,0
93946,1
93947,1
93948,1
93949,1
93950,1
93951,1
93952,1
93953,1
93954,1
93955,1
93956,0
93957,1
93958,1
93959,1
93960,1
93961,1
93962,0
93963,1
93964,1
93965,1
93966,1
93967,1
93968,1
93969,1
93970,0
93971,1
93972,1
93973,1
93974,0
93975,0
93976,1
93977,1
93978,0
93979,0
93980,0
93981,0
93982,0
93983,1
93984,1
93985,1
93986,1
93987,1
93988,1
93989,0
93990,0
93991,1
93992,0
93993,1
93994,1
93995,1
93996,1
93997,1
93998,1
93999,0
94000,1
94001,1
94002,1
94003,0
94004,1
94005,1
94006,1
94007,1
94008,0
94009,0
94010,0
94011,1
94012,1
94013,0
94014,1
94015,0
94016,1
94017,0
94018,0
94019,0
94020,1
94021,1
94022,0
94023,1
94024,1
94025,1
94026,0
94027,1
94028,0
94029,1
94030,0
94031,1
94032,1
94033,0
94034,1
94035,1
94036,1
94037,0
94038,1
94039,0
94040,0
94041,1
94042,0
94043,0
94044,0
94045,1
94046,1
94047,1
94048,1
94049,0
94050,0
94051,1
94052,1
94053,0
94054,1
94055,0
94056,0
94057,0
94058,0
94059,0
94060,1
94061,0
94062,1
94063,1
94064,1
94065,1
94066,1
94067,1
94068,0
94069,1
94070,1
94071,1
94072,1
94073,0
94074,1
94075,1
94076,0
94077,0
94078,1
94079,1
94080,1
94081,1
94082,1
94083,0
94084,1
94085,0
94086,0
94087,0
94088,1
94089,1
94090,1
94091,1
94092,1
94093,0
94094,1
94095,1
94096,0
94097,0
94098,0
94099,1
94100,1
94101,1
94102,0
94103,0
94104,0
94105,1
94106,0
94107,0
94108,1
94109,1
94110,1
94111,1
94112,0
94113,1
94114,1
94115,1
94116,0
94117,1
94118,1
94119,1
94120,1
94121,1
94122,0
94123,1
94124,0
94125,1
94126,1
94127,0
94128,0
94129,0
94130,1
94131,1
94132,0
94133,1
94134,1
94135,1
94136,1
94137,1
94138,0
94139,0
94140,1
94141,1
94142,1
94143,1
94144,1
94145,0
94146,1
94147,1
94148,0
94149,0
94150,1
94151,0
94152,1
94153,0
94154,1
94155,0
94156,1
94157,0
94158,0
94159,0
94160,1
94161,1
94162,0
94163,0
94164,0
94165,0
94166,1
94167,1
94168,1
94169,0
94170,0
94171,0
94172,1
94173,0
94174,0
94175,1
94176,1
94177,1
94178,1
94179,0
94180,0
94181,1
94182,1
94183,1
94184,1
94185,1
94186,0
94187,1
94188,1
94189,1
94190,1
94191,1
94192,1
94193,1
94194,1
94195,0
94196,1
94197,1
94198,0
94199,1
94200,1
94201,1
94202,0
94203,0
94204,1
94205,1
94206,0
94207,1
94208,0
94209,1
94210,0
94211,0
94212,1
94213,0
94214,1
94215,1
94216,0
94217,1
94218,1
94219,0
94220,1
94221,0
94222,1
94223,1
94224,1
94225,1
94226,1
94227,1
94228,1
94229,1
94230,0
94231,0
94232,1
94233,0
94234,1
94235,0
94236,1
94237,1
94238,0
94239,1
94240,0
94241,1
94242,1
94243,1
94244,0
94245,1
94246,1
94247,0
94248,0
94249,0
94250,1
94251,0
94252,1
94253,1
94254,1
94255,1
94256,1
94257,1
94258,1
94259,1
94260,1
94261,1
94262,1
94263,0
94264,0
94265,1
94266,1
94267,0
94268,0
94269,0
94270,1
94271,1
94272,1
94273,0
94274,0
94275,0
94276,1
94277,0
94278,1
94279,0
94280,1
94281,1
94282,1
94283,1
94284,1
94285,1
94286,1
94287,1
94288,0
94289,1
94290,1
94291,1
94292,1
94293,0
94294,0
94295,0
94296,0
94297,0
94298,0
94299,1
94300,1
94301,1
94302,1
94303,0
94304,1
94305,0
94306,0
94307,1
94308,1
94309,1
94310,0
94311,1
94312,0
94313,1
94314,1
94315,0
94316,1
94317,0
94318,1
94319,1
94320,1
94321,1
94322,1
94323,1
94324,1
94325,1
94326,0
94327,0
94328,0
94329,0
94330,1
94331,0
94332,0
94333,1
94334,1
94335,1
94336,1
94337,0
94338,1
94339,0
94340,1
94341,1
94342,0
94343,1
94344,0
94345,1
94346,1
94347,1
94348,1
94349,1
94350,1
94351,0
94352,0
94353,0
94354,1
94355,0
94356,1
94357,1
94358,1
94359,1
94360,1
94361,1
94362,1
94363,0
94364,1
94365,0
94366,0
94367,1
94368,1
94369,1
94370,0
94371,1
94372,0
94373,1
94374,0
94375,1
94376,1
94377,1
94378,1
94379,1
94380,0
94381,0
94382,1
94383,1
94384,1
94385,1
94386,1
94387,0
94388,1
94389,0
94390,1
94391,1
94392,0
94393,1
94394,1
94395,1
94396,1
94397,0
94398,1
94399,1
94400,1
94401,0
94402,1
94403,1
94404,1
94405,1
94406,0
94407,1
94408,0
94409,1
94410,1
94411,1
94412,1
94413,0
94414,0
94415,1
94416,1
94417,1
94418,0
94419,1
94420,1
94421,0
94422,1
94423,0
94424,1
94425,1
94426,1
94427,1
94428,0
94429,1
94430,1
94431,1
94432,1
94433,1
94434,0
94435,0
94436,1
94437,0
94438,0
94439,1
94440,0
94441,1
94442,1
94443,1
94444,0
94445,0
94446,0
94447,1
94448,0
94449,1
94450,1
94451,1
94452,1
94453,0
94454,0
94455,1
94456,1
94457,1
94458,1
94459,1
94460,0
94461,0
94462,1
94463,0
94464,1
94465,1
94466,1
94467,1
94468,0
94469,0
94470,0
94471,0
94472,1
94473,1
94474,0
94475,1
94476,1
94477,0
94478,0
94479,1
94480,1
94481,1
94482,0
94483,1
94484,1
94485,1
94486,1
94487,0
94488,1
94489,1
94490,1
94491,1
94492,1
94493,1
94494,1
94495,0
94496,1
94497,1
94498,1
94499,0
94500,1
94501,0
94502,1
94503,1
94504,1
94505,1
94506,1
94507,0
94508,1
94509,0
94510,1
94511,0
94512,0
94513,0
94514,0
94515,1
94516,1
94517,0
94518,0
94519,1
94520,1
94521,1
94522,1
94523,1
94524,1
94525,0
94526,1
94527,1
94528,0
94529,0
94530,0
94531,1
94532,0
94533,0
94534,0
94535,0
94536,1
94537,1
94538,1
94539,0
94540,1
94541,1
94542,0
94543,0
94544,1
94545,0
94546,1
94547,1
94548,1
94549,1
94550,1
94551,0
94552,1
94553,1
94554,1
94555,1
94556,1
94557,1
94558,0
94559,1
94560,1
94561,0
94562,1
94563,0
94564,1
94565,1
94566,1
94567,1
94568,1
94569,1
94570,0
94571,1
94572,1
94573,1
94574,1
94575,0
94576,1
94577,0
94578,0
94579,1
94580,1
94581,1
94582,1
94583,1
94584,1
94585,1
94586,0
94587,1
94588,0
94589,1
94590,0
94591,1
94592,1
94593,0
94594,0
94595,0
94596,1
94597,1
94598,1
94599,1
94600,0
94601,0
94602,1
94603,1
94604,1
94605,1
94606,0
94607,0
94608,1
94609,1
94610,1
94611,0
94612,1
94613,1
94614,1
94615,1
94616,1
94617,1
94618,1
94619,0
94620,0
94621,0
94622,0
94623,0
94624,1
94625,1
94626,1
94627,0
94628,0
94629,1
94630,0
94631,1
94632,0
94633,1
94634,0
94635,1
94636,0
94637,1
94638,1
94639,0
94640,1
94641,1
94642,1
94643,0
94644,1
94645,0
94646,0
94647,0
94648,0
94649,1
94650,1
94651,1
94652,1
94653,1
94654,1
94655,1
94656,0
94657,1
94658,1
94659,1
94660,0
94661,1
94662,0
94663,0
94664,0
94665,1
94666,1
94667,1
94668,0
94669,0
94670,1
94671,1
94672,1
94673,0
94674,1
94675,1
94676,0
94677,1
94678,0
94679,1
94680,1
94681,0
94682,0
94683,1
94684,1
94685,1
94686,1
94687,0
94688,0
94689,1
94690,1
94691,1
94692,1
94693,1
94694,1
94695,0
94696,1
94697,1
94698,0
94699,1
94700,0
94701,1
94702,1
94703,0
94704,1
94705,1
94706,0
94707,1
94708,0
94709,1
94710,0
94711,1
94712,1
94713,1
94714,0
94715,1
94716,1
94717,1
94718,0
94719,1
94720,1
94721,0
94722,0
94723,0
94724,1
94725,1
94726,1
94727,1
94728,0
94729,0
94730,0
94731,1
94732,0
94733,1
94734,0
94735,1
94736,0
94737,1
94738,0
94739,0
94740,1
94741,1
94742,1
94743,1
94744,1
94745,0
94746,1
94747,1
94748,0
94749,0
94750,1
94751,1
94752,0
94753,0
94754,0
94755,1
94756,0
94757,1
94758,1
94759,0
94760,1
94761,1
94762,0
94763,1
94764,0
94765,1
94766,0
94767,0
94768,0
94769,1
94770,0
94771,1
94772,0
94773,0
94774,0
94775,1
94776,1
94777,1
94778,0
94779,1
94780,0
94781,1
94782,0
94783,0
94784,1
94785,1
94786,1
94787,1
94788,1
94789,0
94790,1
94791,1
94792,1
94793,1
94794,1
94795,0
94796,0
94797,0
94798,0
94799,1
94800,1
94801,0
94802,1
94803,0
94804,1
94805,1
94806,0
94807,1
94808,1
94809,1
94810,0
94811,1
94812,1
94813,0
94814,0
94815,1
94816,1
94817,1
94818,0
94819,1
94820,0
94821,0
94822,0
94823,1
94824,1
94825,1
94826,1
94827,0
94828,1
94829,0
94830,1
94831,1
94832,1
94833,0
94834,0
94835,1
94836,0
94837,1
94838,1
94839,1
94840,0
94841,1
94842,0
94843,1
94844,1
94845,0
94846,1
94847,1
94848,1
94849,1
94850,1
94851,0
94852,1
94853,1
94854,0
94855,1
94856,1
94857,1
94858,0
94859,1
94860,1
94861,1
94862,1
94863,1
94864,1
94865,1
94866,1
94867,1
94868,1
94869,0
94870,0
94871,1
94872,1
94873,1
94874,1
94875,0
94876,0
94877,0
94878,0
94879,1
94880,0
94881,0
94882,0
94883,0
94884,0
94885,1
94886,1
94887,1
94888,1
94889,1
94890,0
94891,1
94892,0
94893,1
94894,1
94895,0
94896,0
94897,0
94898,1
94899,0
94900,0
94901,1
94902,0
94903,0
94904,0
94905,1
94906,0
94907,0
94908,1
94909,0
94910,0
94911,1
94912,0
94913,0
94914,1
94915,0
94916,0
94917,1
94918,1
94919,1
94920,1
94921,0
94922,1
94923,0
94924,0
94925,1
94926,1
94927,1
94928,1
94929,0
94930,0
94931,0
94932,1
94933,0
94934,1
94935,1
94936,1
94937,1
94938,0
94939,1
94940,1
94941,1
94942,1
94943,0
94944,0
94945,1
94946,0
94947,0
94948,0
94949,0
94950,1
94951,0
94952,1
94953,1
94954,1
94955,1
94956,1
94957,1
94958,1
94959,1
94960,0
94961,1
94962,0
94963,1
94964,1
94965,0
94966,0
94967,1
94968,1
94969,1
94970,0
94971,0
94972,1
94973,1
94974,1
94975,1
94976,1
94977,0
94978,1
94979,1
94980,0
94981,1
94982,0
94983,1
94984,0
94985,0
94986,1
94987,1
94988,0
94989,1
94990,1
94991,1
94992,1
94993,1
94994,1
94995,0
94996,1
94997,1
94998,0
94999,1
95000,1
95001,0
95002,1
95003,0
95004,1
95005,1
95006,1
95007,1
95008,0
95009,0
95010,1
95011,1
95012,1
95013,1
95014,1
95015,1
95016,0
95017,0
95018,1
95019,0
95020,0
95021,0
95022,1
95023,1
95024,1
95025,1
95026,0
95027,1
95028,0
95029,1
95030,0
95031,1
95032,1
95033,1
95034,1
95035,0
95036,0
95037,1
95038,0
95039,1
95040,1
95041,1
95042,1
95043,1
95044,0
95045,1
95046,1
95047,1
95048,0
95049,1
95050,1
95051,0
95052,0
95053,1
95054,1
95055,1
95056,1
95057,0
95058,1
95059,0
95060,0
95061,0
95062,0
95063,1
95064,1
95065,0
95066,0
95067,1
95068,1
95069,0
95070,1
95071,1
95072,0
95073,1
95074,1
95075,1
95076,1
95077,1
95078,1
95079,0
95080,1
95081,0
95082,1
95083,0
95084,1
95085,1
95086,1
95087,1
95088,1
95089,1
95090,1
95091,1
95092,0
95093,1
95094,1
95095,0
95096,1
95097,0
95098,1
95099,0
95100,1
95101,1
95102,1
95103,1
95104,1
95105,1
95106,1
95107,1
95108,0
95109,1
95110,0
95111,1
95112,0
95113,1
95114,0
95115,1
95116,1
95117,0
95118,1
95119,1
95120,1
95121,1
95122,0
95123,1
95124,0
95125,0
95126,1
95127,0
95128,1
95129,1
95130,1
95131,0
95132,0
95133,1
95134,1
95135,1
95136,0
95137,1
95138,0
95139,1
95140,0
95141,1
95142,0
95143,1
95144,0
95145,1
95146,1
95147,0
95148,0
95149,0
95150,1
95151,1
95152,1
95153,1
95154,1
95155,0
95156,0
95157,1
95158,0
95159,0
95160,0
95161,0
95162,0
95163,0
95164,1
95165,1
95166,0
95167,1
95168,0
95169,1
95170,0
95171,1
95172,1
95173,0
95174,0
95175,0
95176,1
95177,0
95178,0
95179,0
95180,1
95181,1
95182,0
95183,0
95184,0
95185,0
95186,1
95187,0
95188,1
95189,1
95190,1
95191,0
95192,1
95193,0
95194,1
95195,0
95196,0
95197,0
95198,0
95199,1
95200,1
95201,0
95202,1
95203,0
95204,0
95205,1
95206,1
95207,1
95208,0
95209,1
95210,0
95211,1
95212,0
95213,0
95214,0
95215,1
95216,0
95217,1
95218,1
95219,1
95220,0
95221,0
95222,1
95223,0
95224,1
95225,1
95226,1
95227,0
95228,0
95229,0
95230,1
95231,0
95232,0
95233,1
95234,1
95235,0
95236,0
95237,0
95238,0
95239,0
95240,1
95241,1
95242,1
95243,0
95244,1
95245,1
95246,1
95247,0
95248,0
95249,0
95250,0
95251,1
95252,1
95253,0
95254,0
95255,1
95256,0
95257,0
95258,1
95259,1
95260,0
95261,0
95262,0
95263,1
95264,1
95265,1
95266,1
95267,0
95268,1
95269,0
95270,0
95271,1
95272,0
95273,0
95274,0
95275,1
95276,1
95277,0
95278,0
95279,1
95280,1
95281,0
95282,0
95283,1
95284,1
95285,1
95286,0
95287,0
95288,1
95289,1
95290,1
95291,1
95292,1
95293,1
95294,1
95295,1
95296,0
95297,1
95298,0
95299,0
95300,1
95301,0
95302,1
95303,1
95304,1
95305,0
95306,1
95307,1
95308,1
95309,1
95310,1
95311,0
95312,1
95313,1
95314,0
95315,1
95316,0
95317,1
95318,0
95319,1
95320,1
95321,1
95322,1
95323,1
95324,0
95325,1
95326,0
95327,0
95328,0
95329,1
95330,1
95331,1
95332,1
95333,0
95334,1
95335,1
95336,1
95337,0
95338,1
95339,1
95340,1
95341,1
95342,1
95343,1
95344,0
95345,1
95346,0
95347,1
95348,1
95349,1
95350,0
95351,1
95352,0
95353,1
95354,1
95355,1
95356,0
95357,1
95358,1
95359,0
95360,1
95361,0
95362,0
95363,1
95364,0
95365,1
95366,1
95367,1
95368,0
95369,1
95370,0
95371,1
95372,0
95373,1
95374,1
95375,1
95376,1
95377,1
95378,0
95379,1
95380,1
95381,0
95382,1
95383,1
95384,0
95385,1
95386,0
95387,1
95388,0
95389,1
95390,1
95391,1
95392,0
95393,1
95394,1
95395,1
95396,1
95397,1
95398,0
95399,0
95400,1
95401,1
95402,1
95403,0
95404,1
95405,1
95406,0
95407,1
95408,1
95409,0
95410,0
95411,0
95412,0
95413,1
95414,1
95415,1
95416,0
95417,0
95418,0
95419,1
95420,1
95421,1
95422,1
95423,0
95424,1
95425,0
95426,1
95427,1
95428,0
95429,1
95430,1
95431,0
95432,1
95433,0
95434,1
95435,1
95436,1
95437,1
95438,1
95439,1
95440,0
95441,0
95442,0
95443,0
95444,1
95445,1
95446,1
95447,0
95448,1
95449,0
95450,1
95451,1
95452,1
95453,1
95454,0
95455,0
95456,0
95457,0
95458,1
95459,0
95460,1
95461,1
95462,1
95463,0
95464,1
95465,0
95466,1
95467,1
95468,1
95469,1
95470,0
95471,1
95472,1
95473,0
95474,0
95475,1
95476,1
95477,1
95478,1
95479,1
95480,0
95481,0
95482,0
95483,0
95484,1
95485,0
95486,1
95487,1
95488,1
95489,1
95490,0
95491,0
95492,0
95493,1
95494,1
95495,0
95496,1
95497,1
95498,1
95499,0
95500,0
95501,0
95502,0
95503,0
95504,0
95505,1
95506,1
95507,1
95508,0
95509,0
95510,0
95511,0
95512,0
95513,0
95514,1
95515,1
95516,1
95517,1
95518,0
95519,1
95520,1
95521,1
95522,1
95523,1
95524,1
95525,1
95526,1
95527,1
95528,1
95529,0
95530,1
95531,0
95532,0
95533,1
95534,1
95535,1
95536,1
95537,1
95538,1
95539,0
95540,1
95541,1
95542,1
95543,0
95544,0
95545,1
95546,1
95547,1
95548,0
95549,1
95550,0
95551,0
95552,1
95553,0
95554,1
95555,1
95556,0
95557,1
95558,1
95559,1
95560,1
95561,1
95562,0
95563,1
95564,1
95565,0
95566,1
95567,0
95568,1
95569,1
95570,0
95571,1
95572,1
95573,1
95574,1
95575,1
95576,1
95577,1
95578,0
95579,1
95580,1
95581,0
95582,1
95583,1
95584,1
95585,0
95586,1
95587,1
95588,1
95589,0
95590,1
95591,1
95592,0
95593,0
95594,0
95595,1
95596,1
95597,1
95598,1
95599,1
95600,1
95601,1
95602,0
95603,1
95604,1
95605,1
95606,0
95607,0
95608,0
95609,1
95610,1
95611,1
95612,1
95613,0
95614,1
95615,0
95616,1
95617,1
95618,1
95619,0
95620,1
95621,1
95622,1
95623,1
95624,0
95625,1
95626,1
95627,0
95628,1
95629,1
95630,1
95631,1
95632,1
95633,1
95634,1
95635,1
95636,1
95637,0
95638,0
95639,0
95640,1
95641,1
95642,0
95643,1
95644,1
95645,1
95646,1
95647,0
95648,0
95649,1
95650,1
95651,0
95652,1
95653,1
95654,1
95655,1
95656,1
95657,0
95658,1
95659,1
95660,0
95661,1
95662,0
95663,0
95664,1
95665,0
95666,0
95667,1
95668,1
95669,1
95670,1
95671,1
95672,0
95673,0
95674,1
95675,0
95676,0
95677,1
95678,1
95679,1
95680,1
95681,0
95682,0
95683,0
95684,0
95685,1
95686,1
95687,1
95688,0
95689,0
95690,1
95691,1
95692,0
95693,0
95694,0
95695,1
95696,1
95697,1
95698,1
95699,1
95700,1
95701,1
95702,1
95703,1
95704,1
95705,1
95706,0
95707,1
95708,0
95709,1
95710,0
95711,1
95712,0
95713,0
95714,1
95715,0
95716,1
95717,1
95718,0
95719,1
95720,1
95721,1
95722,0
95723,0
95724,1
95725,1
95726,0
95727,0
95728,0
95729,1
95730,0
95731,0
95732,0
95733,0
95734,1
95735,1
95736,0
95737,1
95738,1
95739,1
95740,1
95741,1
95742,1
95743,1
95744,1
95745,1
95746,1
95747,1
95748,0
95749,1
95750,0
95751,0
95752,1
95753,0
95754,0
95755,0
95756,1
95757,0
95758,1
95759,0
95760,1
95761,1
95762,1
95763,1
95764,1
95765,1
95766,0
95767,1
95768,1
95769,0
95770,1
95771,1
95772,1
95773,0
95774,1
95775,1
95776,1
95777,0
95778,1
95779,0
95780,0
95781,1
95782,1
95783,0
95784,0
95785,0
95786,1
95787,1
95788,1
95789,1
95790,1
95791,0
95792,1
95793,1
95794,1
95795,1
95796,1
95797,1
95798,0
95799,1
95800,1
95801,0
95802,1
95803,0
95804,0
95805,1
95806,1
95807,0
95808,1
95809,0
95810,1
95811,1
95812,1
95813,0
95814,1
95815,1
95816,1
95817,1
95818,1
95819,1
95820,0
95821,1
95822,1
95823,1
95824,0
95825,0
95826,0
95827,0
95828,1
95829,1
95830,1
95831,1
95832,1
95833,0
95834,1
95835,1
95836,1
95837,1
95838,1
95839,0
95840,0
95841,0
95842,0
95843,1
95844,1
95845,1
95846,1
95847,1
95848,0
95849,1
95850,0
95851,1
95852,0
95853,0
95854,0
95855,1
95856,1
95857,0
95858,1
95859,1
95860,1
95861,0
95862,0
95863,1
95864,1
95865,0
95866,1
95867,1
95868,1
95869,0
95870,1
95871,1
95872,1
95873,0
95874,1
95875,0
95876,1
95877,1
95878,1
95879,1
95880,1
95881,1
95882,1
95883,0
95884,1
95885,1
95886,0
95887,1
95888,1
95889,0
95890,1
95891,1
95892,1
95893,0
95894,1
95895,1
95896,1
95897,0
95898,1
95899,0
95900,0
95901,1
95902,1
95903,1
95904,1
95905,1
95906,0
95907,1
95908,1
95909,1
95910,1
95911,1
95912,0
95913,1
95914,1
95915,1
95916,1
95917,1
95918,1
95919,1
95920,0
95921,0
95922,0
95923,0
95924,1
95925,1
95926,1
95927,0
95928,0
95929,1
95930,0
95931,0
95932,1
95933,1
95934,1
95935,1
95936,1
95937,1
95938,0
95939,1
95940,1
95941,1
95942,0
95943,0
95944,0
95945,1
95946,1
95947,1
95948,0
95949,1
95950,1
95951,1
95952,0
95953,0
95954,0
95955,1
95956,1
95957,1
95958,0
95959,1
95960,0
95961,1
95962,1
95963,1
95964,0
95965,1
95966,1
95967,0
95968,0
95969,1
95970,1
95971,1
95972,1
95973,0
95974,1
95975,1
95976,1
95977,0
95978,1
95979,0
95980,0
95981,1
95982,1
95983,1
95984,1
95985,1
95986,0
95987,1
95988,1
95989,0
95990,0
95991,0
95992,1
95993,0
95994,1
95995,1
95996,1
95997,1
95998,1
95999,1
96000,1
96001,1
96002,1
96003,0
96004,1
96005,0
96006,0
96007,1
96008,1
96009,1
96010,1
96011,0
96012,1
96013,1
96014,0
96015,1
96016,1
96017,0
96018,1
96019,1
96020,1
96021,1
96022,1
96023,1
96024,0
96025,1
96026,1
96027,1
96028,0
96029,1
96030,1
96031,1
96032,1
96033,1
96034,1
96035,0
96036,0
96037,1
96038,1
96039,1
96040,0
96041,1
96042,1
96043,1
96044,0
96045,0
96046,1
96047,1
96048,0
96049,1
96050,1
96051,1
96052,1
96053,1
96054,0
96055,1
96056,1
96057,1
96058,1
96059,1
96060,1
96061,1
96062,1
96063,1
96064,1
96065,1
96066,0
96067,1
96068,1
96069,0
96070,1
96071,0
96072,1
96073,0
96074,1
96075,1
96076,1
96077,1
96078,1
96079,0
96080,1
96081,0
96082,0
96083,0
96084,0
96085,1
96086,0
96087,1
96088,0
96089,1
96090,1
96091,1
96092,0
96093,1
96094,1
96095,1
96096,0
96097,0
96098,1
96099,1
96100,0
96101,1
96102,0
96103,0
96104,1
96105,0
96106,1
96107,0
96108,1
96109,1
96110,1
96111,0
96112,1
96113,1
96114,0
96115,1
96116,0
96117,1
96118,1
96119,1
96120,1
96121,0
96122,0
96123,1
96124,0
96125,1
96126,1
96127,1
96128,0
96129,0
96130,0
96131,1
96132,1
96133,1
96134,1
96135,0
96136,1
96137,0
96138,1
96139,1
96140,0
96141,0
96142,1
96143,0
96144,1
96145,1
96146,0
96147,0
96148,1
96149,0
96150,1
96151,0
96152,0
96153,1
96154,0
96155,1
96156,1
96157,0
96158,1
96159,1
96160,0
96161,1
96162,1
96163,0
96164,0
96165,0
96166,0
96167,1
96168,1
96169,1
96170,0
96171,1
96172,1
96173,0
96174,0
96175,1
96176,1
96177,1
96178,1
96179,0
96180,1
96181,1
96182,1
96183,0
96184,1
96185,1
96186,1
96187,0
96188,0
96189,1
96190,0
96191,1
96192,1
96193,1
96194,1
96195,0
96196,1
96197,0
96198,0
96199,1
96200,1
96201,0
96202,1
96203,1
96204,0
96205,0
96206,1
96207,1
96208,1
96209,1
96210,1
96211,1
96212,0
96213,0
96214,1
96215,1
96216,1
96217,1
96218,0
96219,1
96220,1
96221,1
96222,0
96223,1
96224,1
96225,1
96226,0
96227,1
96228,1
96229,1
96230,1
96231,0
96232,0
96233,1
96234,0
96235,1
96236,1
96237,1
96238,1
96239,1
96240,1
96241,0
96242,1
96243,1
96244,1
96245,0
96246,1
96247,0
96248,1
96249,1
96250,1
96251,1
96252,0
96253,0
96254,0
96255,0
96256,1
96257,1
96258,0
96259,0
96260,0
96261,0
96262,0
96263,0
96264,0
96265,1
96266,0
96267,1
96268,1
96269,1
96270,0
96271,1
96272,1
96273,1
96274,1
96275,0
96276,0
96277,0
96278,1
96279,1
96280,1
96281,0
96282,1
96283,1
96284,1
96285,1
96286,1
96287,1
96288,1
96289,0
96290,1
96291,0
96292,1
96293,0
96294,1
96295,0
96296,1
96297,1
96298,1
96299,1
96300,1
96301,1
96302,1
96303,1
96304,1
96305,0
96306,1
96307,1
96308,0
96309,1
96310,1
96311,1
96312,1
96313,0
96314,1
96315,1
96316,1
96317,0
96318,1
96319,1
96320,1
96321,1
96322,0
96323,1
96324,1
96325,1
96326,1
96327,0
96328,0
96329,1
96330,1
96331,1
96332,0
96333,1
96334,1
96335,0
96336,1
96337,0
96338,1
96339,1
96340,1
96341,0
96342,1
96343,0
96344,1
96345,1
96346,1
96347,1
96348,1
96349,1
96350,1
96351,1
96352,1
96353,0
96354,1
96355,1
96356,0
96357,1
96358,1
96359,1
96360,1
96361,1
96362,0
96363,0
96364,0
96365,1
96366,1
96367,0
96368,0
96369,0
96370,0
96371,1
96372,1
96373,1
96374,0
96375,1
96376,1
96377,1
96378,0
96379,1
96380,0
96381,0
96382,0
96383,1
96384,1
96385,1
96386,0
96387,0
96388,1
96389,1
96390,1
96391,0
96392,0
96393,1
96394,1
96395,1
96396,1
96397,1
96398,1
96399,0
96400,1
96401,1
96402,1
96403,1
96404,0
96405,1
96406,0
96407,1
96408,1
96409,0
96410,1
96411,1
96412,0
96413,1
96414,0
96415,1
96416,1
96417,1
96418,0
96419,1
96420,1
96421,1
96422,0
96423,0
96424,1
96425,1
96426,1
96427,1
96428,0
96429,1
96430,1
96431,1
96432,0
96433,1
96434,0
96435,1
96436,1
96437,1
96438,1
96439,0
96440,0
96441,1
96442,1
96443,1
96444,0
96445,0
96446,0
96447,0
96448,1
96449,0
96450,1
96451,1
96452,0
96453,1
96454,0
96455,0
96456,1
96457,1
96458,1
96459,1
96460,1
96461,1
96462,1
96463,1
96464,1
96465,0
96466,0
96467,1
96468,1
96469,0
96470,0
96471,1
96472,1
96473,0
96474,0
96475,1
96476,1
96477,1
96478,1
96479,0
96480,1
96481,0
96482,1
96483,1
96484,0
96485,1
96486,1
96487,1
96488,0
96489,1
96490,0
96491,1
96492,0
96493,1
96494,1
96495,1
96496,1
96497,1
96498,0
96499,0
96500,1
96501,1
96502,1
96503,1
96504,0
96505,0
96506,1
96507,0
96508,0
96509,1
96510,1
96511,0
96512,1
96513,1
96514,1
96515,1
96516,1
96517,0
96518,1
96519,0
96520,0
96521,0
96522,1
96523,0
96524,1
96525,1
96526,1
96527,1
96528,1
96529,1
96530,1
96531,1
96532,1
96533,1
96534,0
96535,1
96536,1
96537,0
96538,1
96539,1
96540,0
96541,1
96542,1
96543,1
96544,1
96545,1
96546,0
96547,1
96548,1
96549,1
96550,1
96551,1
96552,1
96553,1
96554,0
96555,1
96556,1
96557,0
96558,0
96559,1
96560,1
96561,1
96562,1
96563,1
96564,1
96565,0
96566,0
96567,1
96568,1
96569,1
96570,1
96571,1
96572,0
96573,1
96574,1
96575,1
96576,0
96577,1
96578,0
96579,0
96580,0
96581,0
96582,0
96583,1
96584,1
96585,1
96586,0
96587,1
96588,0
96589,1
96590,1
96591,0
96592,1
96593,1
96594,0
96595,1
96596,1
96597,1
96598,1
96599,0
96600,0
96601,1
96602,0
96603,1
96604,1
96605,0
96606,0
96607,1
96608,1
96609,1
96610,0
96611,1
96612,1
96613,1
96614,1
96615,1
96616,0
96617,0
96618,0
96619,0
96620,0
96621,1
96622,0
96623,1
96624,1
96625,0
96626,1
96627,0
96628,1
96629,1
96630,0
96631,1
96632,0
96633,0
96634,1
96635,0
96636,0
96637,1
96638,1
96639,0
96640,1
96641,1
96642,0
96643,0
96644,1
96645,1
96646,1
96647,0
96648,1
96649,1
96650,1
96651,0
96652,0
96653,1
96654,1
96655,0
96656,1
96657,1
96658,1
96659,1
96660,0
96661,0
96662,0
96663,0
96664,1
96665,1
96666,0
96667,0
96668,1
96669,1
96670,0
96671,0
96672,0
96673,0
96674,1
96675,0
96676,1
96677,1
96678,1
96679,1
96680,1
96681,0
96682,1
96683,0
96684,1
96685,1
96686,1
96687,1
96688,0
96689,1
96690,1
96691,0
96692,1
96693,1
96694,1
96695,0
96696,1
96697,1
96698,1
96699,1
96700,0
96701,1
96702,1
96703,1
96704,1
96705,1
96706,1
96707,1
96708,1
96709,1
96710,1
96711,1
96712,0
96713,1
96714,0
96715,0
96716,1
96717,1
96718,1
96719,1
96720,0
96721,0
96722,0
96723,0
96724,1
96725,1
96726,1
96727,1
96728,0
96729,1
96730,0
96731,1
96732,1
96733,0
96734,1
96735,1
96736,0
96737,1
96738,1
96739,1
96740,1
96741,0
96742,1
96743,1
96744,1
96745,0
96746,1
96747,1
96748,1
96749,0
96750,0
96751,1
96752,1
96753,1
96754,0
96755,1
96756,0
96757,1
96758,0
96759,0
96760,0
96761,0
96762,1
96763,1
96764,1
96765,1
96766,1
96767,0
96768,1
96769,0
96770,1
96771,1
96772,0
96773,1
96774,1
96775,1
96776,0
96777,1
96778,1
96779,1
96780,0
96781,1
96782,0
96783,1
96784,1
96785,1
96786,1
96787,1
96788,0
96789,1
96790,0
96791,1
96792,0
96793,0
96794,0
96795,1
96796,1
96797,1
96798,1
96799,1
96800,0
96801,0
96802,1
96803,0
96804,0
96805,1
96806,0
96807,1
96808,1
96809,1
96810,0
96811,0
96812,1
96813,1
96814,1
96815,1
96816,1
96817,0
96818,1
96819,1
96820,1
96821,1
96822,1
96823,0
96824,1
96825,1
96826,1
96827,1
96828,0
96829,0
96830,0
96831,1
96832,1
96833,0
96834,1
96835,0
96836,0
96837,0
96838,1
96839,1
96840,1
96841,0
96842,1
96843,0
96844,1
96845,1
96846,1
96847,1
96848,0
96849,1
96850,0
96851,0
96852,1
96853,1
96854,0
96855,1
96856,1
96857,0
96858,0
96859,1
96860,0
96861,1
96862,0
96863,1
96864,0
96865,0
96866,1
96867,1
96868,1
96869,1
96870,1
96871,0
96872,0
96873,1
96874,0
96875,1
96876,0
96877,0
96878,1
96879,1
96880,1
96881,1
96882,1
96883,1
96884,1
96885,1
96886,0
96887,1
96888,1
96889,1
96890,1
96891,1
96892,0
96893,1
96894,1
96895,1
96896,1
96897,1
96898,1
96899,1
96900,0
96901,1
96902,1
96903,1
96904,0
96905,1
96906,1
96907,0
96908,1
96909,1
96910,1
96911,1
96912,1
96913,1
96914,1
96915,1
96916,1
96917,0
96918,1
96919,1
96920,1
96921,1
96922,1
96923,1
96924,1
96925,1
96926,1
96927,1
96928,0
96929,1
96930,1
96931,0
96932,1
96933,1
96934,1
96935,1
96936,1
96937,1
96938,1
96939,0
96940,0
96941,1
96942,1
96943,1
96944,1
96945,0
96946,0
96947,1
96948,1
96949,1
96950,1
96951,1
96952,0
96953,0
96954,0
96955,0
96956,1
96957,1
96958,1
96959,1
96960,1
96961,1
96962,0
96963,1
96964,1
96965,1
96966,1
96967,1
96968,1
96969,0
96970,0
96971,1
96972,1
96973,1
96974,1
96975,1
96976,1
96977,1
96978,0
96979,0
96980,1
96981,0
96982,1
96983,1
96984,1
96985,1
96986,1
96987,0
96988,1
96989,0
96990,1
96991,0
96992,1
96993,1
96994,1
96995,0
96996,1
96997,1
96998,0
96999,1
97000,0
97001,1
97002,1
97003,1
97004,1
97005,1
97006,1
97007,1
97008,1
97009,1
97010,1
97011,1
97012,1
97013,0
97014,0
97015,1
97016,1
97017,1
97018,1
97019,0
97020,0
97021,1
97022,1
97023,1
97024,1
97025,0
97026,0
97027,0
97028,0
97029,0
97030,0
97031,0
97032,1
97033,1
97034,1
97035,1
97036,0
97037,1
97038,1
97039,1
97040,1
97041,1
97042,1
97043,1
97044,1
97045,1
97046,0
97047,0
97048,0
97049,1
97050,0
97051,0
97052,1
97053,0
97054,1
97055,1
97056,1
97057,1
97058,1
97059,1
97060,1
97061,1
97062,1
97063,1
97064,1
97065,1
97066,1
97067,0
97068,1
97069,1
97070,0
97071,0
97072,1
97073,1
97074,0
97075,0
97076,1
97077,1
97078,1
97079,0
97080,1
97081,0
97082,1
97083,1
97084,0
97085,0
97086,1
97087,0
97088,1
97089,0
97090,0
97091,0
97092,1
97093,0
97094,1
97095,1
97096,1
97097,1
97098,0
97099,1
97100,1
97101,0
97102,0
97103,0
97104,1
97105,1
97106,1
97107,0
97108,0
97109,1
97110,0
97111,1
97112,0
97113,0
97114,1
97115,1
97116,1
97117,1
97118,1
97119,1
97120,1
97121,0
97122,0
97123,1
97124,0
97125,0
97126,1
97127,1
97128,1
97129,0
97130,0
97131,1
97132,0
97133,0
97134,1
97135,1
97136,0
97137,1
97138,1
97139,1
97140,1
97141,0
97142,0
97143,0
97144,1
97145,0
97146,0
97147,0
97148,0
97149,1
97150,0
97151,0
97152,0
97153,0
97154,1
97155,1
97156,0
97157,1
97158,1
97159,0
97160,0
97161,1
97162,1
97163,1
97164,0
97165,1
97166,0
97167,1
97168,1
97169,1
97170,1
97171,1
97172,1
97173,0
97174,1
97175,0
97176,0
97177,1
97178,1
97179,1
97180,1
97181,1
97182,1
97183,1
97184,0
97185,1
97186,1
97187,1
97188,0
97189,1
97190,1
97191,0
97192,0
97193,0
97194,1
97195,1
97196,1
97197,1
97198,1
97199,1
97200,1
97201,1
97202,1
97203,1
97204,1
97205,0
97206,1
97207,1
97208,1
97209,1
97210,0
97211,0
97212,1
97213,0
97214,1
97215,1
97216,1
97217,1
97218,0
97219,1
97220,1
97221,1
97222,1
97223,1
97224,1
97225,1
97226,1
97227,1
97228,0
97229,0
97230,1
97231,1
97232,0
97233,1
97234,0
97235,0
97236,1
97237,1
97238,0
97239,0
97240,1
97241,1
97242,0
97243,0
97244,1
97245,0
97246,0
97247,0
97248,1
97249,1
97250,1
97251,1
97252,0
97253,1
97254,1
97255,1
97256,0
97257,0
97258,1
97259,1
97260,1
97261,0
97262,0
97263,1
97264,0
97265,0
97266,1
97267,1
97268,1
97269,0
97270,0
97271,0
97272,0
97273,1
97274,1
97275,0
97276,0
97277,1
97278,1
97279,1
97280,1
97281,0
97282,0
97283,0
97284,1
97285,0
97286,0
97287,1
97288,0
97289,1
97290,1
97291,1
97292,1
97293,1
97294,0
97295,0
97296,0
97297,1
97298,1
97299,1
97300,1
97301,1
97302,0
97303,1
97304,1
97305,1
97306,0
97307,0
97308,1
97309,0
97310,1
97311,0
97312,0
97313,1
97314,1
97315,1
97316,0
97317,1
97318,1
97319,1
97320,1
97321,1
97322,1
97323,1
97324,1
97325,1
97326,1
97327,0
97328,0
97329,0
97330,1
97331,1
97332,0
97333,0
97334,1
97335,1
97336,1
97337,1
97338,1
97339,1
97340,0
97341,1
97342,0
97343,1
97344,1
97345,0
97346,1
97347,1
97348,0
97349,1
97350,1
97351,0
97352,1
97353,1
97354,1
97355,0
97356,1
97357,0
97358,1
97359,1
97360,0
97361,1
97362,0
97363,1
97364,1
97365,1
97366,0
97367,0
97368,0
97369,0
97370,1
97371,0
97372,0
97373,1
97374,0
97375,1
97376,1
97377,0
97378,1
97379,1
97380,1
97381,1
97382,1
97383,1
97384,1
97385,0
97386,1
97387,1
97388,1
97389,1
97390,1
97391,0
97392,1
97393,1
97394,0
97395,1
97396,0
97397,1
97398,0
97399,0
97400,0
97401,0
97402,1
97403,0
97404,1
97405,0
97406,0
97407,1
97408,0
97409,0
97410,1
97411,1
97412,1
97413,1
97414,0
97415,1
97416,0
97417,1
97418,1
97419,1
97420,0
97421,1
97422,1
97423,1
97424,1
97425,1
97426,0
97427,0
97428,0
97429,1
97430,1
97431,0
97432,0
97433,1
97434,1
97435,0
97436,1
97437,1
97438,1
97439,1
97440,1
97441,1
97442,0
97443,1
97444,0
97445,1
97446,1
97447,1
97448,1
97449,1
97450,0
97451,1
97452,1
97453,1
97454,1
97455,1
97456,0
97457,1
97458,0
97459,0
97460,0
97461,1
97462,1
97463,1
97464,0
97465,1
97466,1
97467,0
97468,1
97469,1
97470,0
97471,1
97472,1
97473,1
97474,0
97475,0
97476,1
97477,1
97478,1
97479,1
97480,1
97481,1
97482,0
97483,0
97484,1
97485,1
97486,0
97487,0
97488,1
97489,0
97490,1
97491,1
97492,1
97493,1
97494,1
97495,0
97496,1
97497,1
97498,1
97499,0
97500,1
97501,0
97502,0
97503,0
97504,0
97505,1
97506,0
97507,0
97508,1
97509,1
97510,0
97511,0
97512,1
97513,0
97514,1
97515,1
97516,1
97517,0
97518,0
97519,0
97520,1
97521,1
97522,1
97523,0
97524,1
97525,1
97526,0
97527,1
97528,0
97529,1
97530,0
97531,0
97532,1
97533,1
97534,0
97535,1
97536,1
97537,0
97538,1
97539,1
97540,1
97541,1
97542,1
97543,0
97544,1
97545,0
97546,0
97547,1
97548,0
97549,1
97550,1
97551,1
97552,1
97553,0
97554,1
97555,1
97556,0
97557,1
97558,0
97559,1
97560,1
97561,1
97562,0
97563,0
97564,1
97565,1
97566,0
97567,0
97568,0
97569,0
97570,1
97571,0
97572,0
97573,0
97574,1
97575,0
97576,1
97577,0
97578,0
97579,0
97580,1
97581,0
97582,1
97583,1
97584,1
97585,0
97586,1
97587,0
97588,1
97589,1
97590,0
97591,1
97592,0
97593,1
97594,0
97595,1
97596,1
97597,0
97598,1
97599,0
97600,0
97601,0
97602,1
97603,0
97604,0
97605,1
97606,1
97607,1
97608,1
97609,1
97610,1
97611,0
97612,1
97613,1
97614,0
97615,0
97616,0
97617,0
97618,1
97619,0
97620,1
97621,0
97622,1
97623,0
97624,0
97625,1
97626,0
97627,0
97628,1
97629,0
97630,1
97631,0
97632,0
97633,1
97634,0
97635,0
97636,0
97637,0
97638,0
97639,0
97640,0
97641,1
97642,1
97643,1
97644,1
97645,1
97646,0
97647,1
97648,0
97649,0
97650,1
97651,1
97652,0
97653,0
97654,1
97655,1
97656,0
97657,1
97658,1
97659,0
97660,1
97661,1
97662,1
97663,1
97664,0
97665,1
97666,1
97667,0
97668,0
97669,1
97670,1
97671,0
97672,1
97673,1
97674,1
97675,1
97676,1
97677,0
97678,1
97679,0
97680,1
97681,1
97682,1
97683,1
97684,1
97685,1
97686,1
97687,1
97688,0
97689,1
97690,1
97691,0
97692,1
97693,0
97694,1
97695,1
97696,1
97697,1
97698,0
97699,0
97700,1
97701,1
97702,0
97703,0
97704,0
97705,0
97706,1
97707,0
97708,1
97709,1
97710,1
97711,0
97712,1
97713,1
97714,1
97715,1
97716,0
97717,1
97718,1
97719,0
97720,0
97721,0
97722,1
97723,1
97724,1
97725,1
97726,0
97727,1
97728,0
97729,1
97730,1
97731,1
97732,1
97733,1
97734,0
97735,1
97736,0
97737,0
97738,0
97739,0
97740,1
97741,1
97742,0
97743,1
97744,1
97745,0
97746,0
97747,1
97748,0
97749,1
97750,1
97751,1
97752,1
97753,1
97754,0
97755,1
97756,1
97757,1
97758,1
97759,1
97760,0
97761,1
97762,0
97763,0
97764,0
97765,1
97766,0
97767,1
97768,1
97769,0
97770,1
97771,1
97772,0
97773,1
97774,0
97775,0
97776,0
97777,0
97778,1
97779,0
97780,1
97781,0
97782,1
97783,0
97784,1
97785,0
97786,1
97787,0
97788,1
97789,1
97790,0
97791,1
97792,0
97793,0
97794,1
97795,1
97796,1
97797,1
97798,1
97799,1
97800,1
97801,0
97802,1
97803,1
97804,0
97805,0
97806,1
97807,0
97808,1
97809,1
97810,0
97811,0
97812,1
97813,0
97814,1
97815,1
97816,0
97817,0
97818,1
97819,0
97820,0
97821,1
97822,1
97823,1
97824,1
97825,1
97826,0
97827,1
97828,1
97829,0
97830,1
97831,0
97832,1
97833,1
97834,1
97835,1
97836,0
97837,1
97838,1
97839,1
97840,1
97841,1
97842,0
97843,1
97844,1
97845,1
97846,1
97847,1
97848,1
97849,0
97850,0
97851,1
97852,0
97853,1
97854,0
97855,1
97856,1
97857,0
97858,1
97859,0
97860,0
97861,1
97862,1
97863,0
97864,1
97865,0
97866,1
97867,1
97868,1
97869,1
97870,0
97871,1
97872,0
97873,0
97874,1
97875,0
97876,0
97877,0
97878,1
97879,0
97880,0
97881,0
97882,1
97883,1
97884,1
97885,1
97886,0
97887,0
97888,0
97889,1
97890,0
97891,0
97892,1
97893,1
97894,1
97895,1
97896,0
97897,1
97898,0
97899,1
97900,0
97901,1
97902,0
97903,1
97904,1
97905,0
97906,0
97907,1
97908,1
97909,1
97910,0
97911,0
97912,1
97913,0
97914,1
97915,1
97916,0
97917,0
97918,1
97919,1
97920,1
97921,1
97922,0
97923,1
97924,1
97925,1
97926,1
97927,0
97928,0
97929,1
97930,0
97931,0
97932,1
97933,1
97934,0
97935,1
97936,0
97937,1
97938,1
97939,1
97940,0
97941,1
97942,0
97943,0
97944,0
97945,1
97946,1
97947,1
97948,1
97949,1
97950,1
97951,1
97952,1
97953,1
97954,0
97955,0
97956,0
97957,1
97958,1
97959,1
97960,0
97961,0
97962,1
97963,1
97964,1
97965,1
97966,1
97967,0
97968,1
97969,0
97970,0
97971,0
97972,1
97973,1
97974,0
97975,1
97976,0
97977,1
97978,0
97979,1
97980,1
97981,1
97982,0
97983,0
97984,1
97985,0
97986,1
97987,1
97988,1
97989,1
97990,1
97991,0
97992,1
97993,0
97994,1
97995,1
97996,1
97997,1
97998,1
97999,1
98000,0
98001,1
98002,0
98003,0
98004,0
98005,1
98006,0
98007,0
98008,0
98009,0
98010,1
98011,1
98012,1
98013,1
98014,0
98015,1
98016,1
98017,1
98018,1
98019,1
98020,1
98021,0
98022,1
98023,1
98024,1
98025,1
98026,1
98027,1
98028,1
98029,1
98030,1
98031,1
98032,1
98033,0
98034,1
98035,1
98036,1
98037,1
98038,1
98039,1
98040,0
98041,0
98042,1
98043,0
98044,0
98045,0
98046,0
98047,1
98048,1
98049,1
98050,0
98051,1
98052,0
98053,1
98054,0
98055,1
98056,1
98057,1
98058,0
98059,1
98060,1
98061,0
98062,0
98063,1
98064,1
98065,0
98066,1
98067,1
98068,1
98069,0
98070,1
98071,0
98072,1
98073,1
98074,0
98075,0
98076,0
98077,0
98078,0
98079,1
98080,0
98081,0
98082,0
98083,0
98084,1
98085,1
98086,0
98087,0
98088,1
98089,0
98090,1
98091,1
98092,0
98093,0
98094,0
98095,1
98096,1
98097,1
98098,0
98099,1
98100,1
98101,0
98102,1
98103,1
98104,1
98105,0
98106,1
98107,0
98108,0
98109,1
98110,0
98111,1
98112,1
98113,1
98114,0
98115,0
98116,1
98117,1
98118,1
98119,1
98120,0
98121,0
98122,1
98123,1
98124,1
98125,0
98126,1
98127,0
98128,1
98129,0
98130,0
98131,1
98132,1
98133,1
98134,0
98135,1
98136,0
98137,0
98138,1
98139,1
98140,0
98141,1
98142,1
98143,1
98144,1
98145,0
98146,1
98147,0
98148,1
98149,1
98150,1
98151,1
98152,1
98153,1
98154,1
98155,1
98156,1
98157,0
98158,1
98159,0
98160,1
98161,0
98162,0
98163,0
98164,1
98165,1
98166,1
98167,1
98168,0
98169,1
98170,1
98171,0
98172,1
98173,0
98174,1
98175,1
98176,1
98177,1
98178,1
98179,1
98180,0
98181,1
98182,0
98183,1
98184,1
98185,0
98186,1
98187,0
98188,1
98189,1
98190,0
98191,1
98192,1
98193,0
98194,0
98195,1
98196,1
98197,0
98198,0
98199,1
98200,1
98201,1
98202,1
98203,1
98204,0
98205,1
98206,1
98207,0
98208,1
98209,1
98210,1
98211,1
98212,0
98213,0
98214,1
98215,0
98216,0
98217,0
98218,1
98219,1
98220,1
98221,1
98222,1
98223,0
98224,0
98225,1
98226,0
98227,0
98228,0
98229,0
98230,1
98231,1
98232,1
98233,1
98234,0
98235,1
98236,0
98237,0
98238,1
98239,1
98240,1
98241,0
98242,1
98243,1
98244,1
98245,1
98246,1
98247,1
98248,1
98249,1
98250,1
98251,1
98252,0
98253,1
98254,1
98255,1
98256,0
98257,0
98258,1
98259,0
98260,1
98261,1
98262,1
98263,0
98264,1
98265,1
98266,0
98267,1
98268,1
98269,0
98270,1
98271,0
98272,0
98273,1
98274,1
98275,1
98276,1
98277,0
98278,0
98279,0
98280,1
98281,0
98282,1
98283,0
98284,1
98285,0
98286,1
98287,1
98288,0
98289,1
98290,1
98291,1
98292,1
98293,0
98294,1
98295,1
98296,1
98297,1
98298,0
98299,1
98300,1
98301,1
98302,1
98303,1
98304,0
98305,1
98306,0
98307,1
98308,1
98309,1
98310,1
98311,0
98312,0
98313,1
98314,0
98315,1
98316,1
98317,0
98318,1
98319,0
98320,0
98321,0
98322,0
98323,1
98324,1
98325,0
98326,1
98327,1
98328,1
98329,1
98330,1
98331,1
98332,1
98333,1
98334,0
98335,0
98336,1
98337,1
98338,1
98339,1
98340,0
98341,1
98342,0
98343,0
98344,1
98345,0
98346,1
98347,1
98348,1
98349,0
98350,0
98351,0
98352,0
98353,1
98354,1
98355,1
98356,1
98357,0
98358,1
98359,0
98360,0
98361,1
98362,1
98363,1
98364,1
98365,0
98366,1
98367,1
98368,0
98369,1
98370,1
98371,0
98372,1
98373,1
98374,1
98375,0
98376,1
98377,1
98378,1
98379,1
98380,1
98381,1
98382,0
98383,1
98384,0
98385,1
98386,1
98387,1
98388,1
98389,0
98390,1
98391,0
98392,0
98393,1
98394,0
98395,1
98396,1
98397,1
98398,1
98399,0
98400,0
98401,0
98402,1
98403,0
98404,0
98405,1
98406,1
98407,0
98408,1
98409,1
98410,1
98411,1
98412,1
98413,0
98414,0
98415,0
98416,0
98417,1
98418,1
98419,1
98420,1
98421,1
98422,1
98423,1
98424,0
98425,1
98426,1
98427,1
98428,0
98429,1
98430,1
98431,0
98432,0
98433,1
98434,0
98435,1
98436,1
98437,0
98438,0
98439,1
98440,1
98441,1
98442,1
98443,1
98444,0
98445,1
98446,0
98447,1
98448,1
98449,1
98450,1
98451,1
98452,1
98453,1
98454,1
98455,0
98456,1
98457,0
98458,1
98459,0
98460,1
98461,1
98462,1
98463,1
98464,1
98465,0
98466,0
98467,1
98468,0
98469,1
98470,1
98471,1
98472,1
98473,1
98474,1
98475,1
98476,1
98477,1
98478,0
98479,0
98480,1
98481,0
98482,1
98483,0
98484,0
98485,0
98486,0
98487,1
98488,0
98489,1
98490,1
98491,1
98492,1
98493,1
98494,0
98495,1
98496,1
98497,0
98498,0
98499,1
98500,1
98501,0
98502,0
98503,0
98504,1
98505,0
98506,1
98507,1
98508,1
98509,1
98510,0
98511,0
98512,1
98513,0
98514,0
98515,0
98516,1
98517,1
98518,1
98519,1
98520,1
98521,1
98522,1
98523,1
98524,0
98525,0
98526,1
98527,0
98528,0
98529,1
98530,1
98531,0
98532,1
98533,1
98534,1
98535,1
98536,0
98537,0
98538,1
98539,0
98540,1
98541,1
98542,1
98543,0
98544,0
98545,0
98546,0
98547,1
98548,1
98549,1
98550,1
98551,1
98552,1
98553,1
98554,0
98555,0
98556,1
98557,1
98558,0
98559,0
98560,1
98561,0
98562,1
98563,1
98564,1
98565,1
98566,1
98567,0
98568,1
98569,0
98570,0
98571,0
98572,0
98573,1
98574,0
98575,1
98576,1
98577,0
98578,1
98579,1
98580,1
98581,1
98582,1
98583,1
98584,0
98585,0
98586,0
98587,1
98588,0
98589,1
98590,0
98591,0
98592,1
98593,1
98594,0
98595,1
98596,1
98597,1
98598,0
98599,1
98600,0
98601,1
98602,1
98603,0
98604,1
98605,1
98606,0
98607,1
98608,1
98609,1
98610,1
98611,0
98612,0
98613,1
98614,0
98615,0
98616,1
98617,0
98618,1
98619,1
98620,1
98621,0
98622,1
98623,1
98624,0
98625,1
98626,1
98627,0
98628,1
98629,1
98630,1
98631,1
98632,1
98633,1
98634,0
98635,1
98636,1
98637,1
98638,0
98639,0
98640,1
98641,1
98642,1
98643,1
98644,1
98645,1
98646,1
98647,1
98648,1
98649,1
98650,1
98651,1
98652,0
98653,0
98654,1
98655,0
98656,1
98657,0
98658,1
98659,1
98660,0
98661,1
98662,0
98663,0
98664,1
98665,0
98666,1
98667,1
98668,1
98669,0
98670,0
98671,0
98672,1
98673,1
98674,1
98675,1
98676,0
98677,1
98678,1
98679,1
98680,0
98681,1
98682,1
98683,1
98684,1
98685,1
98686,1
98687,1
98688,1
98689,1
98690,1
98691,1
98692,1
98693,0
98694,0
98695,0
98696,1
98697,0
98698,0
98699,1
98700,1
98701,0
98702,1
98703,1
98704,1
98705,1
98706,1
98707,1
98708,1
98709,0
98710,1
98711,1
98712,0
98713,0
98714,0
98715,1
98716,0
98717,0
98718,1
98719,1
98720,1
98721,1
98722,0
98723,1
98724,1
98725,0
98726,1
98727,1
98728,1
98729,1
98730,1
98731,1
98732,1
98733,1
98734,1
98735,1
98736,0
98737,1
98738,1
98739,0
98740,1
98741,0
98742,0
98743,1
98744,1
98745,1
98746,0
98747,1
98748,0
98749,1
98750,1
98751,1
98752,1
98753,0
98754,1
98755,0
98756,0
98757,1
98758,1
98759,0
98760,1
98761,1
98762,1
98763,0
98764,0
98765,1
98766,1
98767,0
98768,1
98769,0
98770,1
98771,1
98772,1
98773,0
98774,1
98775,1
98776,0
98777,1
98778,1
98779,0
98780,1
98781,0
98782,1
98783,0
98784,1
98785,1
98786,1
98787,1
98788,0
98789,1
98790,0
98791,0
98792,1
98793,1
98794,1
98795,1
98796,1
98797,1
98798,1
98799,0
98800,0
98801,0
98802,0
98803,1
98804,1
98805,0
98806,1
98807,1
98808,0
98809,1
98810,0
98811,1
98812,0
98813,1
98814,1
98815,1
98816,0
98817,1
98818,1
98819,1
98820,1
98821,1
98822,1
98823,0
98824,0
98825,1
98826,0
98827,0
98828,0
98829,0
98830,1
98831,1
98832,1
98833,1
98834,1
98835,1
98836,0
98837,0
98838,0
98839,0
98840,1
98841,1
98842,0
98843,1
98844,1
98845,0
98846,1
98847,0
98848,1
98849,0
98850,1
98851,1
98852,0
98853,0
98854,0
98855,0
98856,1
98857,1
98858,0
98859,0
98860,0
98861,0
98862,1
98863,1
98864,1
98865,1
98866,1
98867,0
98868,0
98869,1
98870,0
98871,0
98872,0
98873,1
98874,0
98875,1
98876,1
98877,0
98878,1
98879,1
98880,0
98881,1
98882,0
98883,0
98884,0
98885,0
98886,1
98887,1
98888,1
98889,1
98890,1
98891,0
98892,0
98893,1
98894,0
98895,0
98896,0
98897,1
98898,1
98899,1
98900,1
98901,0
98902,1
98903,1
98904,0
98905,1
98906,1
98907,0
98908,1
98909,1
98910,1
98911,0
98912,1
98913,1
98914,1
98915,1
98916,0
98917,0
98918,0
98919,0
98920,1
98921,0
98922,0
98923,1
98924,1
98925,1
98926,1
98927,1
98928,1
98929,1
98930,1
98931,0
98932,1
98933,1
98934,1
98935,1
98936,0
98937,1
98938,1
98939,1
98940,1
98941,0
98942,0
98943,1
98944,1
98945,1
98946,1
98947,1
98948,1
98949,0
98950,0
98951,0
98952,1
98953,1
98954,1
98955,1
98956,1
98957,1
98958,0
98959,1
98960,1
98961,1
98962,1
98963,0
98964,0
98965,1
98966,0
98967,1
98968,0
98969,1
98970,1
98971,1
98972,1
98973,0
98974,1
98975,0
98976,1
98977,0
98978,1
98979,0
98980,1
98981,0
98982,1
98983,0
98984,0
98985,1
98986,0
98987,0
98988,0
98989,1
98990,1
98991,0
98992,1
98993,1
98994,1
98995,1
98996,0
98997,0
98998,0
98999,1
99000,1
99001,1
99002,0
99003,1
99004,0
99005,1
99006,1
99007,1
99008,1
99009,1
99010,0
99011,1
99012,1
99013,1
99014,0
99015,1
99016,1
99017,1
99018,0
99019,0
99020,1
99021,1
99022,0
99023,0
99024,1
99025,0
99026,0
99027,1
99028,1
99029,0
99030,1
99031,0
99032,1
99033,1
99034,0
99035,0
99036,1
99037,1
99038,1
99039,1
99040,1
99041,1
99042,0
99043,0
99044,0
99045,1
99046,0
99047,1
99048,1
99049,0
99050,0
99051,0
99052,0
99053,1
99054,1
99055,0
99056,0
99057,0
99058,0
99059,1
99060,1
99061,0
99062,1
99063,1
99064,1
99065,0
99066,1
99067,1
99068,1
99069,1
99070,0
99071,1
99072,1
99073,0
99074,0
99075,1
99076,0
99077,1
99078,0
99079,1
99080,1
99081,0
99082,0
99083,1
99084,1
99085,1
99086,1
99087,0
99088,1
99089,1
99090,1
99091,0
99092,0
99093,1
99094,0
99095,1
99096,0
99097,1
99098,0
99099,1
99100,1
99101,0
99102,0
99103,1
99104,0
99105,1
99106,1
99107,0
99108,0
99109,1
99110,1
99111,1
99112,1
99113,1
99114,0
99115,0
99116,1
99117,1
99118,1
99119,1
99120,0
99121,1
99122,1
99123,0
99124,1
99125,0
99126,1
99127,0
99128,1
99129,1
99130,1
99131,1
99132,1
99133,0
99134,1
99135,1
99136,0
99137,1
99138,1
99139,1
99140,1
99141,1
99142,0
99143,1
99144,1
99145,0
99146,0
99147,1
99148,0
99149,1
99150,0
99151,1
99152,0
99153,1
99154,1
99155,0
99156,1
99157,0
99158,1
99159,0
99160,1
99161,0
99162,1
99163,1
99164,1
99165,0
99166,1
99167,1
99168,0
99169,1
99170,1
99171,1
99172,0
99173,0
99174,1
99175,1
99176,1
99177,1
99178,1
99179,1
99180,1
99181,1
99182,0
99183,0
99184,1
99185,0
99186,1
99187,1
99188,1
99189,1
99190,1
99191,1
99192,1
99193,0
99194,0
99195,1
99196,1
99197,1
99198,1
99199,1
99200,1
99201,0
99202,1
99203,1
99204,0
99205,1
99206,0
99207,1
99208,1
99209,0
99210,1
99211,1
99212,1
99213,0
99214,0
99215,1
99216,1
99217,1
99218,0
99219,1
99220,1
99221,1
99222,0
99223,1
99224,1
99225,1
99226,0
99227,1
99228,1
99229,0
99230,1
99231,0
99232,0
99233,1
99234,0
99235,1
99236,1
99237,1
99238,0
99239,1
99240,1
99241,1
99242,1
99243,1
99244,1
99245,1
99246,1
99247,1
99248,1
99249,1
99250,1
99251,1
99252,1
99253,1
99254,0
99255,0
99256,1
99257,1
99258,1
99259,0
99260,1
99261,1
99262,1
99263,0
99264,0
99265,1
99266,0
99267,1
99268,0
99269,0
99270,1
99271,0
99272,1
99273,1
99274,0
99275,1
99276,1
99277,1
99278,1
99279,1
99280,0
99281,0
99282,0
99283,1
99284,1
99285,1
99286,0
99287,0
99288,0
99289,1
99290,0
99291,0
99292,0
99293,1
99294,1
99295,0
99296,1
99297,1
99298,1
99299,1
99300,0
99301,1
99302,1
99303,1
99304,1
99305,1
99306,1
99307,0
99308,0
99309,1
99310,1
99311,0
99312,1
99313,1
99314,1
99315,0
99316,1
99317,1
99318,1
99319,1
99320,0
99321,1
99322,1
99323,0
99324,1
99325,1
99326,1
99327,0
99328,1
99329,1
99330,1
99331,1
99332,0
99333,1
99334,1
99335,1
99336,1
99337,0
99338,1
99339,1
99340,0
99341,0
99342,0
99343,0
99344,1
99345,1
99346,1
99347,1
99348,1
99349,1
99350,0
99351,0
99352,0
99353,1
99354,0
99355,1
99356,0
99357,1
99358,1
99359,1
99360,1
99361,0
99362,0
99363,1
99364,0
99365,1
99366,1
99367,0
99368,1
99369,1
99370,1
99371,1
99372,0
99373,1
99374,0
99375,1
99376,1
99377,0
99378,1
99379,1
99380,1
99381,1
99382,1
99383,1
99384,0
99385,1
99386,0
99387,1
99388,1
99389,1
99390,1
99391,0
99392,1
99393,0
99394,1
99395,1
99396,1
99397,0
99398,0
99399,1
99400,1
99401,1
99402,0
99403,1
99404,0
99405,1
99406,0
99407,0
99408,0
99409,0
99410,0
99411,0
99412,1
99413,0
99414,1
99415,1
99416,1
99417,0
99418,0
99419,1
99420,1
99421,1
99422,0
99423,0
99424,1
99425,1
99426,1
99427,0
99428,1
99429,1
99430,1
99431,0
99432,1
99433,1
99434,1
99435,1
99436,0
99437,0
99438,1
99439,0
99440,1
99441,0
99442,1
99443,1
99444,0
99445,1
99446,1
99447,1
99448,0
99449,1
99450,1
99451,1
99452,0
99453,0
99454,1
99455,0
99456,1
99457,0
99458,0
99459,1
99460,1
99461,1
99462,1
99463,0
99464,0
99465,1
99466,0
99467,1
99468,0
99469,0
99470,1
99471,1
99472,1
99473,1
99474,1
99475,0
99476,1
99477,0
99478,1
99479,0
99480,1
99481,0
99482,1
99483,0
99484,0
99485,1
99486,0
99487,1
99488,1
99489,1
99490,1
99491,1
99492,1
99493,1
99494,1
99495,1
99496,0
99497,1
99498,0
99499,1
99500,0
99501,1
99502,1
99503,0
99504,1
99505,1
99506,0
99507,0
99508,1
99509,1
99510,1
99511,1
99512,1
99513,1
99514,1
99515,1
99516,0
99517,1
99518,1
99519,1
99520,1
99521,0
99522,0
99523,0
99524,1
99525,1
99526,1
99527,1
99528,1
99529,1
99530,0
99531,1
99532,0
99533,1
99534,0
99535,1
99536,0
99537,0
99538,1
99539,0
99540,1
99541,1
99542,0
99543,1
99544,1
99545,1
99546,0
99547,0
99548,1
99549,0
99550,1
99551,0
99552,1
99553,1
99554,0
99555,0
99556,1
99557,0
99558,1
99559,1
99560,1
99561,0
99562,1
99563,0
99564,0
99565,1
99566,0
99567,0
99568,1
99569,1
99570,1
99571,0
99572,0
99573,1
99574,1
99575,1
99576,1
99577,1
99578,1
99579,0
99580,0
99581,1
99582,1
99583,0
99584,1
99585,1
99586,1
99587,0
99588,1
99589,1
99590,1
99591,1
99592,0
99593,1
99594,0
99595,0
99596,1
99597,1
99598,0
99599,0
99600,1
99601,0
99602,1
99603,1
99604,0
99605,0
99606,1
99607,0
99608,0
99609,1
99610,1
99611,1
99612,1
99613,1
99614,1
99615,1
99616,0
99617,1
99618,0
99619,1
99620,1
99621,1
99622,1
99623,0
99624,1
99625,1
99626,0
99627,1
99628,1
99629,1
99630,1
99631,0
99632,1
99633,0
99634,1
99635,1
99636,0
99637,1
99638,1
99639,1
99640,1
99641,0
99642,0
99643,1
99644,1
99645,1
99646,1
99647,0
99648,1
99649,1
99650,0
99651,1
99652,1
99653,1
99654,0
99655,1
99656,1
99657,1
99658,1
99659,0
99660,0
99661,1
99662,0
99663,0
99664,1
99665,1
99666,1
99667,1
99668,0
99669,1
99670,1
99671,1
99672,0
99673,0
99674,1
99675,1
99676,1
99677,0
99678,1
99679,1
99680,0
99681,0
99682,0
99683,0
99684,0
99685,0
99686,1
99687,0
99688,1
99689,1
99690,1
99691,0
99692,1
99693,1
99694,1
99695,1
99696,1
99697,1
99698,1
99699,0
99700,0
99701,1
99702,1
99703,1
99704,0
99705,1
99706,0
99707,1
99708,1
99709,1
99710,0
99711,1
99712,1
99713,1
99714,1
99715,1
99716,1
99717,1
99718,1
99719,1
99720,1
99721,0
99722,0
99723,1
99724,0
99725,1
99726,1
99727,1
99728,0
99729,1
99730,0
99731,1
99732,0
99733,1
99734,1
99735,1
99736,1
99737,1
99738,1
99739,0
99740,0
99741,1
99742,0
99743,0
99744,0
99745,1
99746,0
99747,0
99748,1
99749,0
99750,1
99751,0
99752,0
99753,1
99754,1
99755,0
99756,1
99757,1
99758,1
99759,1
99760,1
99761,1
99762,1
99763,0
99764,0
99765,0
99766,1
99767,1
99768,1
99769,1
99770,0
99771,0
99772,1
99773,1
99774,1
99775,1
99776,1
99777,1
99778,0
99779,1
99780,1
99781,0
99782,1
99783,1
99784,1
99785,1
99786,1
99787,1
99788,1
99789,1
99790,1
99791,0
99792,1
99793,0
99794,1
99795,0
99796,0
99797,0
99798,0
99799,1
99800,1
99801,0
99802,1
99803,1
99804,0
99805,1
99806,0
99807,1
99808,1
99809,1
99810,0
99811,0
99812,0
99813,1
99814,0
99815,0
99816,1
99817,1
99818,1
99819,1
99820,1
99821,0
99822,0
99823,1
99824,0
99825,1
99826,0
99827,0
99828,1
99829,0
99830,1
99831,1
99832,0
99833,1
99834,1
99835,1
99836,1
99837,1
99838,1
99839,1
99840,1
99841,1
99842,1
99843,1
99844,0
99845,0
99846,1
99847,0
99848,1
99849,0
99850,1
99851,0
99852,1
99853,0
99854,0
99855,1
99856,1
99857,1
99858,1
99859,0
99860,1
99861,0
99862,1
99863,1
99864,1
99865,1
99866,1
99867,1
99868,1
99869,1
99870,1
99871,1
99872,0
99873,1
99874,0
99875,0
99876,1
99877,0
99878,1
99879,0
99880,1
99881,1
99882,1
99883,0
99884,1
99885,0
99886,0
99887,0
99888,1
99889,0
99890,1
99891,0
99892,1
99893,1
99894,1
99895,0
99896,1
99897,0
99898,1
99899,1
99900,1
99901,1
99902,1
99903,1
99904,1
99905,1
99906,0
99907,1
99908,1
99909,0
99910,1
99911,1
99912,1
99913,0
99914,1
99915,1
99916,1
99917,1
99918,1
99919,1
99920,1
99921,1
99922,1
99923,1
99924,0
99925,1
99926,1
99927,0
99928,0
99929,1
99930,1
99931,1
99932,0
99933,0
99934,1
99935,1
99936,0
99937,0
99938,1
99939,1
99940,1
99941,0
99942,1
99943,1
99944,1
99945,1
99946,1
99947,1
99948,1
99949,1
99950,0
99951,1
99952,0
99953,1
99954,1
99955,0
99956,1
99957,1
99958,1
99959,0
99960,0
99961,1
99962,1
99963,0
99964,1
99965,1
99966,1
99967,1
99968,1
99969,1
99970,1
99971,1
99972,1
99973,0
99974,1
99975,1
99976,0
99977,0
99978,1
99979,1
99980,0
99981,0
99982,1
99983,1
99984,1
99985,1
99986,0
99987,0
99988,1
99989,1
99990,1
99991,1
99992,0
99993,1
99994,0
99995,1
99996,1
99997,1
99998,1
99999,0
